lead_id,channel,icp_category,company_annual_revenue,utm_medium,time_zone,legacy_score,state,won
L-00001,meta,Ideal,"Less than $250,000",prospecting,Eastern,81,FL,0
L-00002,bing,High Value,"$1,000,000 to $4,999,999",cpc,Eastern,76,GA,0
L-00003,meta,Ideal,"Less than $250,000",prospecting,Central,64,IL,0
L-00004,google,High Value,"Less than $250,000",brand,Pacific,46,NV,0
L-00005,tiktok,Low Value,"$500,000 to $999,999",cpc,Eastern,47,NJ,0
L-00006,google,Ideal,"Less than $250,000",cpc,,83,,0
L-00007,meta,Unknown,"$1,000,000 to $4,999,999",prospecting,Mountain,33,CO,0
L-00008,google,High Value,"$10,000,000 to $24,999,999",organic search,Alaska,57,AK,1
L-00009,tiktok,Unknown,"Less than $250,000",cpc,Pacific,78,OR,0
L-00010,google,Low Value,"Less than $250,000",brand,Eastern,25,NC,0
L-00011,meta,High Value,"$500,000 to $999,999",prospecting,Central,73,IL,0
L-00012,bing,Ideal,"Less than $250,000",brand,Eastern,43,NY,0
L-00013,meta,Ideal,"Less than $250,000",cpc,Eastern,45,NC,0
L-00014,google,Unknown,"Less than $250,000",nonbrand,Eastern,65,FL,0
L-00015,bing,Ideal,"Less than $250,000",nonbrand,Central,71,IL,0
L-00016,tiktok,Ideal,"$5,000,000 to $9,999,999",organic social,Eastern,34,NY,0
L-00017,google,Unknown,"Less than $250,000",ppc,Eastern,,PA,1
L-00018,google,Low Value,"Less than $250,000",cpc,Pacific,12,NV,0
L-00019,google,Ideal,"$1,000,000 to $4,999,999",pmax,Eastern,76,NY,0
L-00020,meta,Low Value,"Less than $250,000",prospecting,Eastern,66,FL,0
L-00021,google,High Value,"Less than $250,000",paid search,Eastern,78,NC,0
L-00022,bing,Low Value,"Less than $250,000",brand,Pacific,2,CA,0
L-00023,google,Unknown,"$250,000 to $499,999",nonbrand,Central,76,IL,0
L-00024,meta,Low Value,"Less than $250,000",retargeting,Eastern,42,NJ,1
L-00025,google,Low Value,"Less than $250,000",brand,Mountain,52,CO,0
L-00026,meta,Ideal,"$250,000 to $499,999",retargeting,Mountain,24,MT,0
L-00027,google,Ideal,"$500,000 to $999,999",brand,Arizona,100,AZ,0
L-00028,meta,Low Value,Self-Serve Signup,prospecting,Eastern,0,NC,0
L-00029,google,Low Value,"$500,000 to $999,999",organic search,Pacific,78,NV,1
L-00030,google,Low Value,"$5,000,000 to $9,999,999",brand,Eastern,5,NJ,0
L-00031,google,Ideal,"$1,000,000 to $4,999,999",organic search,Central,43,MN,0
L-00032,google,Ideal,"$10,000,000 to $24,999,999",nonbrand,Pacific,59,CA,1
L-00033,google,Low Value,"$1,000,000 to $4,999,999",cpc,Eastern,39,PA,1
L-00034,tiktok,High Value,,,Eastern,37,NC,1
L-00035,bing,High Value,"$250,000 to $499,999",nonbrand,Pacific,17,CA,0
L-00036,meta,Low Value,"Less than $250,000",nonbrand,Eastern,11,GA,0
L-00037,meta,Low Value,Self-Serve Signup,,Pacific,42,CA,0
L-00038,meta,High Value,"$500,000 to $999,999",organic social,Pacific,57,WA,0
L-00039,meta,Low Value,Self-Serve Signup,retargeting,Central,3,LA,0
L-00040,meta,Ideal,"$250,000 to $499,999",prospecting,Arizona,73,AZ,0
L-00041,google,Low Value,"$500,000 to $999,999",nonbrand,Pacific,58,NV,0
L-00042,bing,Low Value,"Less than $250,000",paid search,Eastern,84,OH,1
L-00043,google,High Value,"$500,000 to $999,999",cpc,Eastern,52,NJ,1
L-00044,tiktok,Ideal,"$250,000 to $499,999",prospecting,Pacific,87,OR,1
L-00045,meta,Low Value,"$250,000 to $499,999",retargeting,Pacific,20,CA,0
L-00046,meta,Low Value,"Less than $250,000",organic social,Central,40,TX,1
L-00047,meta,High Value,Self-Serve Signup,prospecting,Pacific,32,NV,0
L-00048,meta,Low Value,"$250,000 to $499,999",organic social,Pacific,45,,0
L-00049,google,Ideal,"$500,000 to $999,999",paid search,Pacific,48,OR,1
L-00050,google,Ideal,"$500,000 to $999,999",organic search,Eastern,28,NC,0
L-00051,meta,Low Value,"$250,000 to $499,999",retargeting,Eastern,,FL,1
L-00052,tiktok,Ideal,"Less than $250,000",organic social,Central,57,WI,0
L-00053,google,High Value,"$1,000,000 to $4,999,999",brand,Eastern,79,FL,0
L-00054,google,Ideal,"$250,000 to $499,999",brand,Eastern,45,OH,0
L-00055,bing,Low Value,"$500,000 to $999,999",organic search,Eastern,32,PA,0
L-00056,google,Low Value,"Less than $250,000",nonbrand,Eastern,61,OH,1
L-00057,meta,Low Value,"$1,000,000 to $4,999,999",brand,Eastern,,PA,0
L-00058,meta,Low Value,"Less than $250,000",organic social,Pacific,24,NV,0
L-00059,bing,Unknown,"$250,000 to $499,999",nonbrand,Eastern,60,NY,0
L-00060,google,Low Value,"$500,000 to $999,999",paid search,Eastern,86,NY,1
L-00061,google,Low Value,"$250,000 to $499,999",cpc,Eastern,47,NC,0
L-00062,meta,Ideal,"$1,000,000 to $4,999,999",retargeting,Pacific,66,CA,1
L-00063,meta,High Value,"Less than $250,000",organic social,Eastern,36,MA,0
L-00064,bing,High Value,"$5,000,000 to $9,999,999",cpc,Pacific,90,OR,0
L-00065,bing,High Value,"$10,000,000 to $24,999,999",nonbrand,Pacific,84,OR,1
L-00066,tiktok,Ideal,"Less than $250,000",brand,,64,,1
L-00067,meta,Low Value,"Less than $250,000",retargeting,Pacific,0,CA,1
L-00068,meta,Low Value,"Less than $250,000",organic social,Pacific,74,NV,1
L-00069,tiktok,Low Value,"Less than $250,000",cpc,Pacific,15,CA,0
L-00070,meta,Low Value,"$250,000 to $499,999",prospecting,Eastern,15,PA,0
L-00071,meta,High Value,"$10,000,000 to $24,999,999",,Central,17,TX,0
L-00072,google,High Value,"$10,000,000 to $24,999,999",retargeting,--,97,,0
L-00073,bing,Ideal,"$5,000,000 to $9,999,999",nonbrand,Pacific,24,WA,0
L-00074,bing,Ideal,"$1,000,000 to $4,999,999",brand,Pacific,37,CA,0
L-00075,meta,Low Value,"$250,000 to $499,999",organic social,Pacific,20,WA,0
L-00076,google,Ideal,"$250,000 to $499,999",brand,Central,47,,0
L-00077,google,High Value,"$500,000 to $999,999",brand,Pacific,86,CA,1
L-00078,meta,Low Value,"$500,000 to $999,999",expired or invalid attributer license,,50,,0
L-00079,meta,Low Value,"$500,000 to $999,999",retargeting,Eastern,43,FL,0
L-00080,google,Low Value,"$250,000 to $499,999",paid search,,12,,0
L-00081,meta,Ideal,"$250,000 to $499,999",prospecting,Eastern,24,GA,0
L-00082,google,High Value,"$5,000,000 to $9,999,999",ppc,Central,55,MN,1
L-00083,meta,Unknown,"$250,000 to $499,999",brand,Eastern,0,GA,0
L-00084,google,Low Value,"Less than $250,000",brand,Eastern,86,FL,0
L-00085,google,Ideal,"$5,000,000 to $9,999,999",paid search,Pacific,34,CA,1
L-00086,tiktok,Ideal,"Less than $250,000",prospecting,Pacific,,OR,0
L-00087,meta,Low Value,"Less than $250,000",retargeting,Eastern,40,NY,0
L-00088,google,Ideal,"Less than $250,000",nonbrand,,88,,0
L-00089,meta,Low Value,"Less than $250,000",prospecting,,27,,0
L-00090,google,High Value,"$500,000 to $999,999",brand,Eastern,75,OH,1
L-00091,bing,Low Value,"Less than $250,000",cpc,Eastern,58,PA,0
L-00092,google,Low Value,"$5,000,000 to $9,999,999",paid search,Central,98,TX,0
L-00093,google,Low Value,Self-Serve Signup,brand,Eastern,9,FL,0
L-00094,google,Low Value,"$1,000,000 to $4,999,999",brand,Central,85,LA,1
L-00095,google,Ideal,"$1,000,000 to $4,999,999",paid search,--,63,UT,1
L-00096,bing,Low Value,"Less than $250,000",ppc,Eastern,8,VA,0
L-00097,meta,Low Value,"Less than $250,000",prospecting,Central,20,IL,0
L-00098,meta,Low Value,"$250,000 to $499,999",prospecting,Eastern,0,NY,0
L-00099,meta,Unknown,"Less than $250,000",organic social,Central,26,TX,0
L-00100,google,Low Value,"Less than $250,000",paid search,Mountain,27,CO,0
L-00101,google,Unknown,"$5,000,000 to $9,999,999",organic search,Pacific,75,CA,0
L-00102,meta,Low Value,"$250,000 to $499,999",brand,Eastern,100,FL,0
L-00103,google,Ideal,"$1,000,000 to $4,999,999",paid search,Central,78,TX,0
L-00104,meta,Ideal,"$250,000 to $499,999",nonbrand,Central,72,TX,1
L-00105,tiktok,Low Value,"$250,000 to $499,999",prospecting,Eastern,6,GA,0
L-00106,tiktok,High Value,,prospecting,Central,65,IL,0
L-00107,google,High Value,"$10,000,000 to $24,999,999",brand,Central,68,TX,1
L-00108,meta,Low Value,"$250,000 to $499,999",organic social,Pacific,34,WA,0
L-00109,meta,Ideal,"Less than $250,000",retargeting,Central,37,,0
L-00110,meta,Low Value,"Less than $250,000",prospecting,Eastern,4,FL,0
L-00111,meta,High Value,"$10,000,000 to $24,999,999",organic social,Eastern,53,FL,0
L-00112,tiktok,Low Value,"$500,000 to $999,999",prospecting,Pacific,100,CA,0
L-00113,tiktok,High Value,"$250,000 to $499,999",retargeting,Central,97,MO,1
L-00114,google,Low Value,"Less than $250,000",paid search,Eastern,,OH,0
L-00115,google,Low Value,"$500,000 to $999,999",paid search,Pacific,46,WA,0
L-00116,google,Low Value,"Less than $250,000",brand,Pacific,36,CA,0
L-00117,google,High Value,"Less than $250,000",nonbrand,Pacific,55,CA,0
L-00118,google,Low Value,"Less than $250,000",paid search,,82,,0
L-00119,google,Low Value,"$250,000 to $499,999",cpc,Central,50,WI,1
L-00120,tiktok,Ideal,"Less than $250,000",prospecting,Central,,TN,0
L-00121,tiktok,Low Value,"Less than $250,000",prospecting,Eastern,69,FL,0
L-00122,tiktok,Low Value,"Less than $250,000",retargeting,Eastern,36,NY,0
L-00123,google,Ideal,Self-Serve Signup,nonbrand,Eastern,39,PA,0
L-00124,meta,Low Value,"$1,000,000 to $4,999,999",nonbrand,Eastern,32,NY,0
L-00125,google,Low Value,"$500,000 to $999,999",pmax,Eastern,6,NY,1
L-00126,google,Low Value,"$1,000,000 to $4,999,999",nonbrand,Pacific,8,WA,0
L-00127,meta,Ideal,"$5,000,000 to $9,999,999",brand,Central,28,TX,0
L-00128,meta,Low Value,"Less than $250,000",retargeting,Pacific,67,CA,1
L-00129,meta,Low Value,"Less than $250,000",prospecting,Pacific,61,CA,0
L-00130,meta,Low Value,"Less than $250,000",prospecting,Eastern,48,NY,0
L-00131,meta,Unknown,"$500,000 to $999,999",pmax,Central,49,TX,0
L-00132,google,Ideal,"$250,000 to $499,999",ppc,Central,28,WI,0
L-00133,tiktok,Low Value,"Less than $250,000",retargeting,Arizona,34,AZ,0
L-00134,meta,Low Value,"Less than $250,000",cpc,Central,18,TN,0
L-00135,tiktok,Ideal,"$500,000 to $999,999",organic social,Eastern,46,NY,0
L-00136,google,Ideal,"Less than $250,000",nonbrand,Central,6,IL,0
L-00137,google,Low Value,"Less than $250,000",brand,Eastern,0,NY,0
L-00138,meta,High Value,"$5,000,000 to $9,999,999",prospecting,Central,69,IL,0
L-00139,google,Unknown,"Less than $250,000",paid search,Eastern,36,FL,0
L-00140,meta,Ideal,"$250,000 to $499,999",organic social,Central,76,TX,1
L-00141,google,High Value,"$500,000 to $999,999",organic search,Central,100,MN,1
L-00142,google,High Value,"$250,000 to $499,999",cpc,Eastern,76,VA,0
L-00143,google,High Value,"$250,000 to $499,999",brand,Eastern,75,NY,0
L-00144,google,Low Value,"$500,000 to $999,999",nonbrand,Central,2,TN,0
L-00145,google,Low Value,"$500,000 to $999,999",brand,Pacific,51,CA,0
L-00146,tiktok,Low Value,"$10,000,000 to $24,999,999",brand,Eastern,55,NC,0
L-00147,meta,Low Value,"Less than $250,000",retargeting,Pacific,36,OR,1
L-00148,meta,Low Value,"$500,000 to $999,999",prospecting,Eastern,70,FL,1
L-00149,google,High Value,"$250,000 to $499,999",ppc,Mountain,69,MT,0
L-00150,tiktok,Low Value,"$5,000,000 to $9,999,999",retargeting,Pacific,97,CA,1
L-00151,tiktok,Low Value,"Less than $250,000",prospecting,Central,0,TX,0
L-00152,google,Ideal,"$5,000,000 to $9,999,999",organic search,Eastern,87,NJ,0
L-00153,google,Low Value,"$1,000,000 to $4,999,999",brand,Eastern,62,OH,0
L-00154,tiktok,Low Value,"Less than $250,000",retargeting,Mountain,71,UT,0
L-00155,google,Ideal,"$250,000 to $499,999",nonbrand,Eastern,64,GA,0
L-00156,google,Low Value,"Less than $250,000",nonbrand,Central,21,MN,0
L-00157,meta,Low Value,"$250,000 to $499,999",brand,Eastern,24,GA,0
L-00158,tiktok,Low Value,,prospecting,Pacific,82,CA,0
L-00159,tiktok,High Value,"Less than $250,000",prospecting,Central,89,TX,0
L-00160,meta,High Value,"$1,000,000 to $4,999,999",organic social,Eastern,49,NY,0
L-00161,meta,Low Value,"$250,000 to $499,999",organic search,Eastern,54,NY,0
L-00162,google,Unknown,"$250,000 to $499,999",organic search,Pacific,52,CA,1
L-00163,google,Ideal,"Less than $250,000",brand,Arizona,37,AZ,0
L-00164,meta,Ideal,"$250,000 to $499,999",prospecting,Central,56,TX,1
L-00165,google,Low Value,"$250,000 to $499,999",cpc,Eastern,72,PA,0
L-00166,meta,Low Value,"$1,000,000 to $4,999,999",prospecting,Central,49,IL,1
L-00167,google,Low Value,"$250,000 to $499,999",brand,Central,49,MN,0
L-00168,google,Low Value,"$250,000 to $499,999",organic search,Pacific,66,WA,0
L-00169,google,Low Value,Self-Serve Signup,nonbrand,Central,23,TX,0
L-00170,google,Ideal,"$1,000,000 to $4,999,999",nonbrand,Pacific,48,OR,1
L-00171,google,Low Value,"$500,000 to $999,999",nonbrand,Mountain,85,CO,1
L-00172,tiktok,High Value,Self-Serve Signup,organic social,Eastern,15,PA,0
L-00173,meta,Low Value,"Less than $250,000",prospecting,Central,35,WI,0
L-00174,tiktok,Low Value,"Less than $250,000",prospecting,Central,1,IL,0
L-00175,google,Low Value,"Less than $250,000",ppc,Pacific,39,WA,0
L-00176,meta,Ideal,"Less than $250,000",prospecting,Pacific,44,NV,0
L-00177,tiktok,Low Value,"Less than $250,000",cpc,Pacific,34,CA,0
L-00178,tiktok,Ideal,"$250,000 to $499,999",prospecting,Eastern,36,NY,0
L-00179,google,High Value,"$500,000 to $999,999",brand,Arizona,76,AZ,1
L-00180,google,Unknown,"$500,000 to $999,999",nonbrand,Mountain,65,CO,0
L-00181,meta,Low Value,"$5,000,000 to $9,999,999",paid search,Eastern,77,MI,0
L-00182,meta,High Value,"Less than $250,000",pmax,Pacific,78,CA,0
L-00183,google,Low Value,"$250,000 to $499,999",organic search,Central,16,MO,0
L-00184,meta,Ideal,"Less than $250,000",retargeting,Eastern,38,NJ,0
L-00185,bing,High Value,"$10,000,000 to $24,999,999",organic search,Arizona,62,AZ,0
L-00186,meta,Low Value,,retargeting,Central,25,LA,0
L-00187,google,High Value,"$250,000 to $499,999",paid search,Pacific,92,CA,1
L-00188,tiktok,Low Value,"$250,000 to $499,999",prospecting,Eastern,87,NY,0
L-00189,meta,Ideal,"Less than $250,000",organic social,Central,7,TX,0
L-00190,google,Ideal,"$500,000 to $999,999",nonbrand,Central,78,LA,1
L-00191,meta,Ideal,"Less than $250,000",nonbrand,Eastern,59,PA,0
L-00192,google,Ideal,"$250,000 to $499,999",paid search,Eastern,85,MA,1
L-00193,google,Low Value,"$5,000,000 to $9,999,999",,Pacific,45,CA,1
L-00194,meta,Low Value,"Less than $250,000",,Eastern,40,PA,0
L-00195,bing,Unknown,"$500,000 to $999,999",brand,Eastern,100,GA,1
L-00196,google,Low Value,"$500,000 to $999,999",nonbrand,Eastern,78,FL,0
L-00197,google,Unknown,"$10,000,000 to $24,999,999",brand,Pacific,51,CA,1
L-00198,google,Low Value,"Less than $250,000",nonbrand,Pacific,10,CA,0
L-00199,google,Unknown,"$500,000 to $999,999",cpc,,46,,0
L-00200,meta,High Value,"$500,000 to $999,999",prospecting,Eastern,47,VA,0
L-00201,meta,Low Value,"$500,000 to $999,999",organic social,Pacific,34,CA,0
L-00202,meta,Low Value,"Less than $250,000",paid search,Eastern,66,NY,1
L-00203,google,Low Value,"Less than $250,000",nonbrand,Eastern,48,MI,0
L-00204,google,Low Value,"$250,000 to $499,999",nonbrand,Mountain,95,CO,1
L-00205,google,High Value,"$250,000 to $499,999",pmax,Mountain,65,MT,1
L-00206,google,Unknown,"Less than $250,000",nonbrand,Pacific,62,CA,1
L-00207,google,High Value,"$250,000 to $499,999",paid search,Pacific,58,,0
L-00208,google,Unknown,"Less than $250,000",pmax,Central,32,TX,0
L-00209,google,Low Value,"$500,000 to $999,999",nonbrand,Central,69,IL,0
L-00210,google,Low Value,"$500,000 to $999,999",brand,Eastern,100,PA,1
L-00211,meta,Ideal,"$1,000,000 to $4,999,999",organic social,Central,100,TX,1
L-00212,tiktok,Ideal,"$1,000,000 to $4,999,999",organic social,Pacific,61,CA,1
L-00213,google,Low Value,Self-Serve Signup,nonbrand,Pacific,21,WA,0
L-00214,meta,Low Value,Self-Serve Signup,prospecting,Pacific,27,CA,1
L-00215,meta,Low Value,"$250,000 to $499,999",other campaigns,Pacific,32,NV,1
L-00216,google,Low Value,"Less than $250,000",ppc,Eastern,33,NY,0
L-00217,google,High Value,"$1,000,000 to $4,999,999",brand,Pacific,26,CA,1
L-00218,google,Low Value,"Less than $250,000",nonbrand,Eastern,47,NJ,0
L-00219,google,High Value,"Less than $250,000",paid search,Pacific,36,CA,0
L-00220,google,Ideal,Self-Serve Signup,,Mountain,35,CO,0
L-00221,google,Low Value,"Less than $250,000",ppc,Arizona,14,AZ,0
L-00222,tiktok,Low Value,"$250,000 to $499,999",prospecting,Eastern,64,NY,0
L-00223,google,Low Value,"$10,000,000 to $24,999,999",brand,Central,16,MO,1
L-00224,google,Low Value,"$500,000 to $999,999",ppc,Eastern,16,FL,1
L-00225,meta,Low Value,"Less than $250,000",,Eastern,0,PA,1
L-00226,meta,Ideal,"$250,000 to $499,999",retargeting,Eastern,43,OH,0
L-00227,google,Low Value,"Less than $250,000",paid search,Central,36,IL,1
L-00228,meta,Low Value,"Less than $250,000",retargeting,Central,49,MO,0
L-00229,meta,Low Value,"$250,000 to $499,999",organic social,Notify Admin,18,VA,0
L-00230,tiktok,Low Value,"Less than $250,000",brand,Central,22,TX,0
L-00231,google,Low Value,"$1,000,000 to $4,999,999",organic search,Eastern,31,OH,0
L-00232,tiktok,Ideal,"$250,000 to $499,999",retargeting,,26,,0
L-00233,meta,Low Value,"Less than $250,000",,Eastern,14,NC,0
L-00234,google,Unknown,"Less than $250,000",paid search,Eastern,38,MA,0
L-00235,google,Low Value,"$1,000,000 to $4,999,999",ppc,Central,73,TN,1
L-00236,bing,High Value,"$5,000,000 to $9,999,999",brand,Pacific,49,CA,1
L-00237,meta,High Value,"$250,000 to $499,999",prospecting,Eastern,38,NY,0
L-00238,meta,Ideal,"$500,000 to $999,999",prospecting,Eastern,19,MA,0
L-00239,meta,Low Value,"Less than $250,000",retargeting,,0,,0
L-00240,tiktok,Unknown,"$5,000,000 to $9,999,999",prospecting,Hawaii,12,HI,0
L-00241,meta,Ideal,"$1,000,000 to $4,999,999",prospecting,Eastern,100,NC,1
L-00242,google,High Value,"$1,000,000 to $4,999,999",cpc,Pacific,76,CA,1
L-00243,tiktok,Low Value,"Less than $250,000",brand,Eastern,10,NY,0
L-00244,google,Ideal,"Less than $250,000",brand,Eastern,100,OH,1
L-00245,google,Low Value,"$5,000,000 to $9,999,999",cpc,Pacific,67,CA,0
L-00246,bing,Ideal,"$500,000 to $999,999",cpc,Pacific,,WA,0
L-00247,tiktok,Low Value,"Less than $250,000",prospecting,Eastern,28,PA,0
L-00248,google,High Value,"$250,000 to $499,999",organic search,Mountain,35,CO,0
L-00249,google,High Value,"$1,000,000 to $4,999,999",nonbrand,Eastern,69,MA,0
L-00250,google,Ideal,"Less than $250,000",nonbrand,Pacific,79,NV,0
L-00251,google,Ideal,"Less than $250,000",brand,Eastern,61,MA,0
L-00252,meta,Low Value,"$250,000 to $499,999",organic social,Pacific,62,CA,0
L-00253,meta,High Value,"$1,000,000 to $4,999,999",retargeting,Eastern,90,GA,0
L-00254,bing,High Value,"$1,000,000 to $4,999,999",ppc,Eastern,47,MI,0
L-00255,tiktok,High Value,"$1,000,000 to $4,999,999",retargeting,Eastern,77,GA,0
L-00256,tiktok,Low Value,"$500,000 to $999,999",prospecting,Central,54,TX,0
L-00257,tiktok,Low Value,"$250,000 to $499,999",prospecting,Mountain,63,CO,0
L-00258,meta,Ideal,"$1,000,000 to $4,999,999",prospecting,Pacific,34,CA,0
L-00259,meta,Low Value,"Less than $250,000",retargeting,Eastern,52,GA,0
L-00260,meta,High Value,"$1,000,000 to $4,999,999",retargeting,Eastern,59,GA,0
L-00261,bing,Low Value,"Less than $250,000",brand,Eastern,58,GA,0
L-00262,meta,Low Value,"$250,000 to $499,999",cpc,Eastern,58,MI,0
L-00263,google,Ideal,"$250,000 to $499,999",brand,Central,84,TX,1
L-00264,google,Ideal,"$1,000,000 to $4,999,999",nonbrand,Pacific,,CA,0
L-00265,google,Low Value,"$500,000 to $999,999",cpc,Arizona,40,AZ,0
L-00266,meta,Low Value,"$250,000 to $499,999",brand,Mountain,37,,0
L-00267,google,Ideal,"$1,000,000 to $4,999,999",paid search,Central,,IL,1
L-00268,google,High Value,"$5,000,000 to $9,999,999",paid search,Eastern,92,NC,1
L-00269,meta,High Value,"Less than $250,000",retargeting,Pacific,62,CA,0
L-00270,tiktok,Low Value,Self-Serve Signup,organic social,Central,7,MN,0
L-00271,meta,High Value,"Less than $250,000",nonbrand,Central,56,MO,1
L-00272,bing,High Value,"$1,000,000 to $4,999,999",nonbrand,Central,100,TN,0
L-00273,meta,Low Value,"Less than $250,000",prospecting,Eastern,76,FL,0
L-00274,bing,Ideal,"$5,000,000 to $9,999,999",ppc,Central,89,TX,1
L-00275,tiktok,High Value,"Less than $250,000",prospecting,,13,,0
L-00276,meta,Ideal,"$250,000 to $499,999",organic social,Central,34,TX,0
L-00277,google,Low Value,"Less than $250,000",cpc,Eastern,53,MA,0
L-00278,google,High Value,"Less than $250,000",cpc,Pacific,100,CA,1
L-00279,google,High Value,"$250,000 to $499,999",retargeting,Eastern,57,NC,1
L-00280,google,High Value,"Less than $250,000",paid search,Arizona,73,AZ,1
L-00281,google,High Value,"Less than $250,000",paid search,Eastern,11,MA,0
L-00282,google,High Value,"Less than $250,000",brand,Eastern,100,MI,1
L-00283,tiktok,Low Value,"Less than $250,000",organic social,Eastern,0,NY,0
L-00284,meta,Low Value,"$250,000 to $499,999",organic social,Eastern,27,NY,0
L-00285,google,Low Value,"Less than $250,000",nonbrand,Eastern,0,OH,0
L-00286,google,Ideal,"$500,000 to $999,999",brand,Eastern,9,PA,0
L-00287,google,Ideal,"$250,000 to $499,999",nonbrand,Eastern,64,MI,0
L-00288,google,Low Value,"Less than $250,000",brand,Eastern,15,GA,0
L-00289,meta,Low Value,"Less than $250,000",prospecting,Central,84,TX,0
L-00290,google,Unknown,"Less than $250,000",nonbrand,Eastern,100,NC,0
L-00291,google,Low Value,"$250,000 to $499,999",nonbrand,Pacific,66,CA,0
L-00292,google,Low Value,"Less than $250,000",brand,Central,53,TX,0
L-00293,meta,High Value,"Less than $250,000",prospecting,Central,42,WI,0
L-00294,google,Ideal,"$250,000 to $499,999",nonbrand,Mountain,95,UT,1
L-00295,google,Ideal,"Less than $250,000",nonbrand,Central,37,WI,0
L-00296,meta,Low Value,"$250,000 to $499,999",prospecting,Pacific,75,CA,1
L-00297,google,High Value,"$1,000,000 to $4,999,999",ppc,,61,,0
L-00298,meta,Low Value,"Less than $250,000",nonbrand,Eastern,,PA,0
L-00299,google,Low Value,"Less than $250,000",paid search,Eastern,57,NY,0
L-00300,google,High Value,"Less than $250,000",ppc,Central,31,TN,0
L-00301,google,Ideal,"$10,000,000 to $24,999,999",brand,Central,25,TX,0
L-00302,meta,Ideal,"$250,000 to $499,999",retargeting,Pacific,99,CA,0
L-00303,bing,Low Value,"$5,000,000 to $9,999,999",brand,,100,,0
L-00304,meta,Low Value,,retargeting,Eastern,51,,0
L-00305,google,Low Value,"Less than $250,000",nonbrand,Pacific,39,NV,0
L-00306,google,Low Value,"$1,000,000 to $4,999,999",nonbrand,Eastern,59,FL,1
L-00307,meta,Ideal,"Less than $250,000",retargeting,Mountain,32,MT,1
L-00308,meta,Low Value,"$250,000 to $499,999",ppc,Eastern,54,MA,0
L-00309,bing,Low Value,"Less than $250,000",nonbrand,Eastern,43,NY,0
L-00310,google,Ideal,"Less than $250,000",pmax,Arizona,41,AZ,0
L-00311,meta,Low Value,Self-Serve Signup,retargeting,Mountain,18,CO,0
L-00312,bing,Low Value,"Less than $250,000",nonbrand,,84,,0
L-00313,google,Low Value,"$250,000 to $499,999",nonbrand,Central,25,TN,0
L-00314,tiktok,Low Value,"Less than $250,000",cpc,Eastern,45,PA,0
L-00315,google,Unknown,,nonbrand,Pacific,32,CA,0
L-00316,bing,Low Value,"$1,000,000 to $4,999,999",ppc,Eastern,27,NY,1
L-00317,google,Unknown,,pmax,Pacific,100,OR,0
L-00318,google,High Value,"$250,000 to $499,999",pmax,Pacific,,CA,0
L-00319,bing,Low Value,"$250,000 to $499,999",ppc,Central,58,MO,0
L-00320,google,High Value,"$1,000,000 to $4,999,999",nonbrand,Eastern,55,FL,0
L-00321,google,Ideal,"Less than $250,000",paid search,Eastern,48,PA,0
L-00322,meta,Ideal,"Less than $250,000",,Eastern,56,GA,0
L-00323,google,Low Value,"$1,000,000 to $4,999,999",retargeting_lead_generation,Pacific,83,CA,0
L-00324,meta,Low Value,"Less than $250,000",retargeting,Central,17,TX,0
L-00325,google,Low Value,"Less than $250,000",brand,Eastern,40,MA,0
L-00326,bing,High Value,"$1,000,000 to $4,999,999",ppc,Eastern,89,FL,1
L-00327,google,High Value,"$1,000,000 to $4,999,999",paid search,Eastern,80,PA,1
L-00328,tiktok,High Value,"$250,000 to $499,999",organic social,Notify Admin,49,LA,0
L-00329,google,Ideal,"$250,000 to $499,999",ppc,Pacific,29,CA,0
L-00330,tiktok,Low Value,"Less than $250,000",ppc,Eastern,,MA,1
L-00331,google,High Value,"$1,000,000 to $4,999,999",cpc,Mountain,83,UT,1
L-00332,tiktok,Low Value,"Less than $250,000",retargeting,Central,19,LA,0
L-00333,google,High Value,"$1,000,000 to $4,999,999",brand,Eastern,83,MI,1
L-00334,google,Ideal,"$5,000,000 to $9,999,999",pmax,Eastern,51,NY,0
L-00335,bing,Ideal,"$1,000,000 to $4,999,999",ppc,Pacific,35,CA,0
L-00336,meta,Ideal,"Less than $250,000",ppc,Mountain,38,CO,0
L-00337,meta,Low Value,"Less than $250,000",prospecting,Central,44,TX,0
L-00338,google,Ideal,"$250,000 to $499,999",brand,Central,58,TN,0
L-00339,google,High Value,"$10,000,000 to $24,999,999",brand,Eastern,84,VA,1
L-00340,meta,Low Value,"$1,000,000 to $4,999,999",organic social,,55,,0
L-00341,meta,Low Value,"Less than $250,000",organic social,Central,65,MO,0
L-00342,tiktok,Low Value,"$1,000,000 to $4,999,999",organic social,Eastern,82,,0
L-00343,google,Ideal,"Less than $250,000",pmax,Pacific,64,CA,0
L-00344,tiktok,High Value,"$250,000 to $499,999",prospecting,Eastern,82,PA,0
L-00345,meta,Low Value,"Less than $250,000",organic search,Eastern,93,MI,1
L-00346,meta,Low Value,"Less than $250,000",organic social,Central,0,IL,0
L-00347,google,Low Value,"Less than $250,000",cpc,Eastern,58,NY,0
L-00348,tiktok,Ideal,"$1,000,000 to $4,999,999",organic social,Eastern,70,FL,0
L-00349,tiktok,Unknown,"$250,000 to $499,999",retargeting,Eastern,17,GA,0
L-00350,google,Low Value,"$10,000,000 to $24,999,999",brand,Central,52,IL,0
L-00351,meta,Unknown,"Less than $250,000",retargeting,Pacific,71,CA,0
L-00352,bing,Ideal,"$250,000 to $499,999",cpc,Central,64,TX,1
L-00353,meta,Low Value,Self-Serve Signup,prospecting,Eastern,38,NY,0
L-00354,google,High Value,"$250,000 to $499,999",paid search,Pacific,20,OR,0
L-00355,meta,Unknown,"Less than $250,000",retargeting,Eastern,0,PA,0
L-00356,google,High Value,"$10,000,000 to $24,999,999",nonbrand,Eastern,58,FL,0
L-00357,tiktok,Unknown,"Less than $250,000",paid search,Central,52,TX,0
L-00358,google,Low Value,"Less than $250,000",cpc,Pacific,24,WA,1
L-00359,google,Unknown,"$1,000,000 to $4,999,999",retargeting,Pacific,84,NV,1
L-00360,google,Ideal,"$250,000 to $499,999",cpc,,,,0
L-00361,bing,Low Value,"$250,000 to $499,999",brand,Pacific,62,WA,0
L-00362,google,Ideal,"$1,000,000 to $4,999,999",brand,Eastern,28,FL,1
L-00363,meta,Low Value,"$250,000 to $499,999",prospecting,Pacific,,OR,0
L-00364,google,Low Value,"Less than $250,000",brand,Eastern,52,NC,0
L-00365,google,Low Value,"Less than $250,000",paid search,Central,0,TN,0
L-00366,google,Low Value,"$250,000 to $499,999",paid search,Arizona,55,AZ,0
L-00367,meta,Low Value,,organic social,Eastern,26,GA,1
L-00368,google,Low Value,"Less than $250,000",brand,Pacific,39,CA,1
L-00369,tiktok,High Value,"$500,000 to $999,999",prospecting,Eastern,,OH,1
L-00370,tiktok,Low Value,"Less than $250,000",brand,Eastern,50,FL,0
L-00371,meta,Ideal,"Less than $250,000",prospecting,Eastern,12,FL,0
L-00372,bing,High Value,"$250,000 to $499,999",nonbrand,Pacific,14,OR,0
L-00373,meta,Ideal,"Less than $250,000",paid search,Central,81,IL,0
L-00374,bing,Ideal,"$250,000 to $499,999",cpc,Pacific,41,CA,0
L-00375,bing,High Value,"Less than $250,000",nonbrand,Pacific,64,CA,0
L-00376,google,High Value,"$10,000,000 to $24,999,999",brand,Alaska,100,AK,1
L-00377,meta,Low Value,"$250,000 to $499,999",prospecting,Central,35,TX,0
L-00378,meta,Low Value,"$250,000 to $499,999",prospecting,Central,12,TX,0
L-00379,meta,Ideal,"$500,000 to $999,999",brand,Arizona,58,AZ,0
L-00380,meta,Low Value,"$500,000 to $999,999",organic social,Pacific,87,CA,0
L-00381,tiktok,Low Value,"$1,000,000 to $4,999,999",prospecting,,49,,0
L-00382,meta,Low Value,"$500,000 to $999,999",organic social,Eastern,81,FL,0
L-00383,bing,Ideal,"$5,000,000 to $9,999,999",cpc,Pacific,43,OR,0
L-00384,google,Ideal,"Less than $250,000",prospecting,Eastern,14,VA,0
L-00385,google,High Value,"$5,000,000 to $9,999,999",organic search,Pacific,68,CA,0
L-00386,bing,Low Value,"Less than $250,000",paid search,Arizona,36,AZ,0
L-00387,google,Low Value,"$250,000 to $499,999",brand,Hawaii,75,HI,1
L-00388,google,Low Value,"$250,000 to $499,999",ppc,Central,11,LA,0
L-00389,tiktok,Low Value,"Less than $250,000",prospecting,Eastern,17,PA,0
L-00390,tiktok,Unknown,"Less than $250,000",prospecting,Pacific,16,WA,0
L-00391,bing,High Value,"$1,000,000 to $4,999,999",organic search,Eastern,80,OH,0
L-00392,bing,Unknown,"$1,000,000 to $4,999,999",paid search,Pacific,76,CA,0
L-00393,google,High Value,"Less than $250,000",brand,Eastern,49,NY,1
L-00394,tiktok,Low Value,"$500,000 to $999,999",prospecting,Eastern,38,FL,1
L-00395,google,High Value,"$10,000,000 to $24,999,999",brand,Eastern,90,FL,1
L-00396,meta,High Value,"$5,000,000 to $9,999,999",prospecting,Pacific,61,OR,1
L-00397,google,Ideal,"Less than $250,000",brand,Eastern,25,NY,1
L-00398,meta,Low Value,"Less than $250,000",prospecting,Eastern,0,FL,0
L-00399,google,Ideal,"$5,000,000 to $9,999,999",cpc,Pacific,99,WA,1
L-00400,tiktok,Low Value,"Less than $250,000",organic social,Pacific,44,WA,0
L-00401,google,Ideal,"$5,000,000 to $9,999,999",nonbrand,Eastern,100,NY,1
L-00402,bing,Low Value,"$250,000 to $499,999",cpc,Pacific,66,OR,0
L-00403,tiktok,Ideal,"$500,000 to $999,999",prospecting,Eastern,31,MI,0
L-00404,google,High Value,"Less than $250,000",cpc,Arizona,53,AZ,0
L-00405,bing,High Value,"$500,000 to $999,999",ppc,Eastern,83,PA,0
L-00406,meta,Low Value,"Less than $250,000",prospecting,,29,,0
L-00407,tiktok,High Value,"$500,000 to $999,999",organic social,Mountain,82,,0
L-00408,meta,Low Value,"$500,000 to $999,999",prospecting,Eastern,57,NC,0
L-00409,meta,Unknown,"$250,000 to $499,999",organic social,Pacific,99,CA,0
L-00410,google,Ideal,"$10,000,000 to $24,999,999",other campaigns,Central,94,TX,1
L-00411,meta,Low Value,"Less than $250,000",retargeting,Central,76,MO,0
L-00412,meta,High Value,"$250,000 to $499,999",ppc,Central,45,MN,0
L-00413,bing,High Value,"$250,000 to $499,999",brand,Central,62,IL,0
L-00414,google,Unknown,"$500,000 to $999,999",nonbrand,Eastern,65,VA,1
L-00415,meta,Unknown,"Less than $250,000",prospecting,Central,66,MN,0
L-00416,google,Low Value,"$500,000 to $999,999",brand,Eastern,72,FL,0
L-00417,meta,Low Value,"Less than $250,000",organic social,,31,,0
L-00418,google,Low Value,"$250,000 to $499,999",,Central,62,IL,0
L-00419,bing,Low Value,"Less than $250,000",paid search,Central,68,TX,1
L-00420,google,Ideal,"$500,000 to $999,999",cpc,Eastern,41,NC,0
L-00421,tiktok,Low Value,"Less than $250,000",nonbrand,Eastern,71,NY,0
L-00422,meta,Low Value,"Less than $250,000",prospecting,Pacific,78,CA,1
L-00423,meta,Low Value,"Less than $250,000",prospecting,Pacific,14,WA,0
L-00424,meta,Low Value,"Less than $250,000",prospecting,Central,23,TX,0
L-00425,google,High Value,"$250,000 to $499,999",pmax,Eastern,99,NY,1
L-00426,bing,Low Value,"$500,000 to $999,999",brand,Pacific,89,OR,1
L-00427,tiktok,Low Value,"Less than $250,000",brand,Pacific,61,CA,0
L-00428,tiktok,Ideal,"Less than $250,000",prospecting,Alaska,38,AK,0
L-00429,tiktok,Low Value,"Less than $250,000",prospecting,Eastern,,GA,0
L-00430,tiktok,Low Value,"Less than $250,000",organic social,Eastern,21,PA,0
L-00431,tiktok,Low Value,"$500,000 to $999,999",organic social,Eastern,32,NC,0
L-00432,meta,Ideal,"Less than $250,000",retargeting,Eastern,34,VA,0
L-00433,tiktok,Unknown,"Less than $250,000",retargeting,Central,10,TX,1
L-00434,meta,Low Value,"$250,000 to $499,999",organic social,Alaska,0,AK,0
L-00435,google,Low Value,"Less than $250,000",pmax,Mountain,45,CO,0
L-00436,meta,Low Value,"$250,000 to $499,999",cpc,Eastern,27,NY,0
L-00437,google,High Value,"$250,000 to $499,999",brand,Eastern,34,GA,0
L-00438,bing,Ideal,"$10,000,000 to $24,999,999",nonbrand,Eastern,89,FL,0
L-00439,google,Ideal,"$500,000 to $999,999",brand,Eastern,90,NY,0
L-00440,google,Low Value,"Less than $250,000",cpc,Central,33,WI,0
L-00441,meta,Ideal,"Less than $250,000",organic social,Central,13,WI,0
L-00442,bing,High Value,"$500,000 to $999,999",brand,Central,47,MO,0
L-00443,meta,High Value,"$500,000 to $999,999",prospecting,Eastern,54,OH,1
L-00444,meta,Low Value,"Less than $250,000",organic social,Central,21,TX,0
L-00445,tiktok,Low Value,"Less than $250,000",retargeting,Pacific,0,WA,0
L-00446,bing,Ideal,,nonbrand,Eastern,76,MA,0
L-00447,meta,Low Value,"Less than $250,000",prospecting,Mountain,3,UT,0
L-00448,bing,Low Value,"Less than $250,000",cpc,Pacific,60,CA,0
L-00449,meta,Low Value,"$250,000 to $499,999",retargeting,Eastern,62,GA,0
L-00450,bing,Low Value,"Less than $250,000",paid search,Mountain,18,CO,0
L-00451,meta,Low Value,"$250,000 to $499,999",prospecting,Eastern,0,VA,0
L-00452,tiktok,Low Value,"Less than $250,000",prospecting,Central,0,TX,0
L-00453,meta,Low Value,"$250,000 to $499,999",organic social,Mountain,34,CO,0
L-00454,bing,Low Value,"Less than $250,000",cpc,Eastern,25,FL,0
L-00455,google,High Value,"Less than $250,000",brand,Central,67,IL,1
L-00456,google,High Value,"$5,000,000 to $9,999,999",paid search,Pacific,100,WA,1
L-00457,google,Ideal,"Less than $250,000",nonbrand,Pacific,77,OR,0
L-00458,google,Low Value,"$500,000 to $999,999",brand,Eastern,0,GA,0
L-00459,meta,Low Value,"Less than $250,000",retargeting,Eastern,19,NY,0
L-00460,meta,Low Value,"$250,000 to $499,999",nonbrand,Central,50,WI,0
L-00461,google,Low Value,"$5,000,000 to $9,999,999",nonbrand,Central,42,MO,0
L-00462,google,High Value,"$1,000,000 to $4,999,999",cpc,Eastern,59,VA,1
L-00463,meta,Low Value,"$250,000 to $499,999",prospecting,Central,40,MO,0
L-00464,google,Low Value,"$1,000,000 to $4,999,999",brand,Pacific,38,OR,0
L-00465,google,High Value,"$1,000,000 to $4,999,999",ppc,Central,76,WI,0
L-00466,tiktok,Low Value,,prospecting,Mountain,53,UT,0
L-00467,meta,Ideal,"$5,000,000 to $9,999,999",retargeting,Eastern,42,MA,0
L-00468,bing,High Value,"$250,000 to $499,999",prospecting,Central,34,IL,0
L-00469,google,High Value,"$500,000 to $999,999",nonbrand,Eastern,55,FL,0
L-00470,tiktok,Low Value,"Less than $250,000",prospecting,Pacific,35,OR,0
L-00471,tiktok,Low Value,Self-Serve Signup,,Eastern,36,NY,1
L-00472,bing,Low Value,"Less than $250,000",paid search,Eastern,15,NJ,0
L-00473,meta,Low Value,"Less than $250,000",prospecting,Central,16,TX,0
L-00474,google,Ideal,"$5,000,000 to $9,999,999",nonbrand,Pacific,77,WA,1
L-00475,google,High Value,"$500,000 to $999,999",paid search,Eastern,73,GA,1
L-00476,tiktok,Unknown,"Less than $250,000",retargeting,Central,37,MO,0
L-00477,google,Low Value,"$500,000 to $999,999",,Pacific,37,CA,0
L-00478,google,Ideal,"$250,000 to $499,999",paid search,Mountain,60,CO,0
L-00479,tiktok,Low Value,"Less than $250,000",retargeting,Mountain,0,UT,0
L-00480,tiktok,Low Value,"Less than $250,000",prospecting,Central,77,TX,0
L-00481,google,Ideal,"Less than $250,000",nonbrand,Eastern,57,FL,0
L-00482,meta,Low Value,"Less than $250,000",cpc,Pacific,45,CA,0
L-00483,google,Ideal,"$250,000 to $499,999",prospecting,Eastern,31,FL,0
L-00484,google,Low Value,"Less than $250,000",ppc,Eastern,35,OH,0
L-00485,google,Ideal,"$500,000 to $999,999",cpc,Arizona,69,AZ,1
L-00486,meta,Ideal,"$250,000 to $499,999",prospecting,Arizona,32,AZ,0
L-00487,meta,Low Value,Self-Serve Signup,retargeting,Eastern,31,FL,1
L-00488,meta,Low Value,"Less than $250,000",retargeting,Eastern,26,GA,0
L-00489,meta,Ideal,"$250,000 to $499,999",retargeting,Pacific,19,OR,0
L-00490,meta,High Value,"$500,000 to $999,999",retargeting,Eastern,79,NC,1
L-00491,tiktok,Low Value,"Less than $250,000",cpc,Eastern,14,PA,0
L-00492,google,Ideal,"Less than $250,000",ppc,Eastern,61,GA,0
L-00493,google,Low Value,"Less than $250,000",organic search,Central,40,TX,0
L-00494,meta,Unknown,"Less than $250,000",prospecting,Central,92,LA,1
L-00495,meta,Low Value,"$250,000 to $499,999",brand,Pacific,72,CA,0
L-00496,meta,Unknown,"$250,000 to $499,999",prospecting,Eastern,85,NY,1
L-00497,meta,Ideal,"$250,000 to $499,999",cpc,Mountain,62,CO,1
L-00498,google,Low Value,"Less than $250,000",brand,,0,,0
L-00499,meta,Ideal,"$10,000,000 to $24,999,999",retargeting,Central,49,TN,0
L-00500,meta,High Value,"$1,000,000 to $4,999,999",retargeting,Eastern,39,PA,1
L-00501,google,High Value,"$1,000,000 to $4,999,999",brand,Eastern,,NY,0
L-00502,bing,Low Value,"$250,000 to $499,999",paid search,Central,14,TX,0
L-00503,bing,High Value,"$250,000 to $499,999",ppc,Central,80,MN,0
L-00504,google,Ideal,"$1,000,000 to $4,999,999",paid search,Pacific,40,CA,0
L-00505,meta,Low Value,"$1,000,000 to $4,999,999",prospecting,Central,56,IL,0
L-00506,tiktok,High Value,,brand,Eastern,91,FL,0
L-00507,google,Ideal,"$250,000 to $499,999",organic search,Eastern,70,NY,1
L-00508,meta,Low Value,"Less than $250,000",,,37,,0
L-00509,google,Low Value,"Less than $250,000",pmax,Pacific,36,OR,0
L-00510,google,Ideal,"Less than $250,000",pmax,Eastern,31,NC,0
L-00511,meta,Low Value,"Less than $250,000",organic social,Pacific,48,CA,0
L-00512,google,Low Value,"$1,000,000 to $4,999,999",nonbrand,Central,100,LA,0
L-00513,google,Ideal,"$250,000 to $499,999",brand,Central,76,TX,1
L-00514,google,Low Value,"Less than $250,000",brand,,0,,0
L-00515,meta,Ideal,"$250,000 to $499,999",organic social,Pacific,29,CA,1
L-00516,google,Ideal,"$1,000,000 to $4,999,999",brand,Central,23,TX,0
L-00517,tiktok,Low Value,"$250,000 to $499,999",organic social,Eastern,29,NY,0
L-00518,tiktok,Low Value,"$250,000 to $499,999",prospecting,Pacific,75,OR,0
L-00519,google,Ideal,"Less than $250,000",cpc,Eastern,64,NY,0
L-00520,meta,Low Value,"$250,000 to $499,999",prospecting,Pacific,2,WA,0
L-00521,tiktok,Low Value,"Less than $250,000",retargeting,Central,18,TX,0
L-00522,google,Low Value,"$1,000,000 to $4,999,999",cpc,Pacific,64,WA,1
L-00523,bing,Ideal,"$250,000 to $499,999",brand,Eastern,40,PA,0
L-00524,bing,Unknown,"Less than $250,000",retargeting,Eastern,69,NY,0
L-00525,google,Low Value,"$250,000 to $499,999",nonbrand,Mountain,49,CO,0
L-00526,meta,Low Value,"Less than $250,000",prospecting,Central,41,TX,0
L-00527,google,Low Value,"$5,000,000 to $9,999,999",cpc,Central,2,TX,0
L-00528,meta,Ideal,"$1,000,000 to $4,999,999",organic social,Mountain,70,MT,0
L-00529,google,Low Value,"Less than $250,000",nonbrand,Central,30,TX,0
L-00530,tiktok,Low Value,"Less than $250,000",retargeting,Pacific,,CA,0
L-00531,google,High Value,"$10,000,000 to $24,999,999",brand,Eastern,100,MA,1
L-00532,google,High Value,Self-Serve Signup,nonbrand,Eastern,31,NY,0
L-00533,meta,Low Value,"$10,000,000 to $24,999,999",prospecting,Eastern,44,NY,0
L-00534,bing,Low Value,"$1,000,000 to $4,999,999",,Mountain,52,MT,1
L-00535,google,Low Value,"Less than $250,000",organic search,Pacific,66,WA,1
L-00536,bing,Ideal,,paid search,Eastern,49,MA,1
L-00537,google,Low Value,"Less than $250,000",pmax,Eastern,25,PA,0
L-00538,google,Ideal,"$10,000,000 to $24,999,999",cpc,Central,80,TX,1
L-00539,meta,Ideal,"Less than $250,000",organic social,Pacific,59,OR,0
L-00540,meta,Low Value,"$250,000 to $499,999",prospecting,Pacific,73,OR,0
L-00541,google,Low Value,"Less than $250,000",cpc,Central,79,MN,1
L-00542,bing,High Value,"$250,000 to $499,999",retargeting_lead_generation,Eastern,56,OH,0
L-00543,google,Low Value,"$500,000 to $999,999",cpc,Eastern,31,PA,1
L-00544,tiktok,Low Value,"Less than $250,000",prospecting,Arizona,28,AZ,0
L-00545,google,Unknown,"Less than $250,000",brand,Eastern,37,GA,0
L-00546,meta,Low Value,"Less than $250,000",ppc,Central,51,,1
L-00547,google,Ideal,"$5,000,000 to $9,999,999",nonbrand,Central,47,MO,1
L-00548,google,Low Value,"$500,000 to $999,999",paid search,Eastern,54,PA,0
L-00549,meta,Low Value,"Less than $250,000",organic social,Hawaii,45,HI,0
L-00550,meta,Ideal,"$1,000,000 to $4,999,999",organic social,Arizona,58,AZ,1
L-00551,meta,High Value,"Less than $250,000",prospecting,Eastern,65,MA,0
L-00552,meta,Low Value,"Less than $250,000",retargeting,Mountain,19,UT,0
L-00553,bing,Low Value,"$250,000 to $499,999",brand,Pacific,44,CA,0
L-00554,meta,Low Value,"Less than $250,000",prospecting,Mountain,100,CO,1
L-00555,google,Ideal,"Less than $250,000",nonbrand,Pacific,57,CA,0
L-00556,google,Low Value,"Less than $250,000",cpc,Pacific,49,CA,0
L-00557,meta,Low Value,"Less than $250,000",organic social,,12,,0
L-00558,meta,Low Value,"Less than $250,000",prospecting,Eastern,3,NC,0
L-00559,bing,Ideal,"Less than $250,000",brand,Pacific,65,NV,1
L-00560,meta,High Value,"Less than $250,000",,Arizona,33,AZ,0
L-00561,google,Ideal,"Less than $250,000",ppc,Eastern,3,GA,0
L-00562,meta,Ideal,"$500,000 to $999,999",prospecting,Eastern,48,NY,1
L-00563,google,High Value,"Less than $250,000",organic search,Hawaii,65,HI,0
L-00564,meta,Ideal,"Less than $250,000",prospecting,Eastern,100,NC,0
L-00565,meta,High Value,"$500,000 to $999,999",retargeting,Eastern,52,OH,1
L-00566,google,Low Value,"Less than $250,000",brand,Eastern,58,OH,1
L-00567,meta,High Value,"Less than $250,000",cpc,Mountain,50,UT,0
L-00568,google,Low Value,Self-Serve Signup,nonbrand,Central,32,TX,0
L-00569,tiktok,Low Value,"$250,000 to $499,999",organic social,,51,,0
L-00570,google,Ideal,"Less than $250,000",nonbrand,Eastern,11,NC,0
L-00571,google,Unknown,"$5,000,000 to $9,999,999",prospecting,Central,,LA,1
L-00572,google,High Value,"$5,000,000 to $9,999,999",nonbrand,Central,95,TX,1
L-00573,bing,Low Value,"$250,000 to $499,999",ppc,Eastern,,MI,1
L-00574,tiktok,Low Value,"Less than $250,000",organic social,Pacific,0,OR,0
L-00575,google,Low Value,"Less than $250,000",pmax,Pacific,27,CA,0
L-00576,tiktok,High Value,"Less than $250,000",prospecting,Central,19,WI,0
L-00577,tiktok,Ideal,"Less than $250,000",prospecting,Eastern,44,FL,0
L-00578,google,Low Value,"Less than $250,000",nonbrand,Pacific,69,OR,1
L-00579,meta,Low Value,"Less than $250,000",prospecting,Eastern,23,NJ,0
L-00580,google,High Value,"Less than $250,000",nonbrand,Eastern,91,FL,0
L-00581,meta,Low Value,Self-Serve Signup,organic social,Eastern,59,PA,1
L-00582,google,Unknown,"$250,000 to $499,999",pmax,Pacific,69,WA,0
L-00583,meta,Ideal,"Less than $250,000",,Central,71,TX,0
L-00584,google,Low Value,"$250,000 to $499,999",organic search,Central,9,TX,0
L-00585,bing,Ideal,,cpc,Central,68,WI,1
L-00586,google,Low Value,"$250,000 to $499,999",nonbrand,Mountain,100,CO,0
L-00587,google,Low Value,"Less than $250,000",pmax,Central,,IL,0
L-00588,bing,Ideal,"Less than $250,000",ppc,,57,,0
L-00589,google,Low Value,"$1,000,000 to $4,999,999",pmax,Eastern,71,FL,1
L-00590,google,Low Value,"$5,000,000 to $9,999,999",brand,Arizona,80,AZ,1
L-00591,google,Ideal,"$250,000 to $499,999",nonbrand,Pacific,38,WA,0
L-00592,google,Low Value,"Less than $250,000",nonbrand,Eastern,81,NJ,0
L-00593,meta,Unknown,"Less than $250,000",organic search,Pacific,100,WA,0
L-00594,tiktok,Low Value,"$250,000 to $499,999",organic social,Eastern,57,OH,0
L-00595,bing,Low Value,"Less than $250,000",paid search,Central,30,TX,0
L-00596,bing,Low Value,"Less than $250,000",pmax,Eastern,29,NY,0
L-00597,tiktok,Low Value,Self-Serve Signup,organic social,Pacific,32,CA,0
L-00598,meta,Low Value,"$250,000 to $499,999",organic social,Mountain,76,CO,0
L-00599,meta,Ideal,"Less than $250,000",prospecting,Central,100,TN,1
L-00600,meta,Low Value,"Less than $250,000",organic social,Eastern,34,PA,0
L-00601,google,Low Value,"$1,000,000 to $4,999,999",paid search,Eastern,69,MI,0
L-00602,google,Ideal,"$250,000 to $499,999",ppc,Pacific,63,OR,0
L-00603,tiktok,Unknown,"$10,000,000 to $24,999,999",organic social,Central,69,IL,0
L-00604,google,Low Value,"Less than $250,000",brand,Eastern,74,GA,1
L-00605,meta,High Value,"$250,000 to $499,999",cpc,Central,71,TX,0
L-00606,tiktok,Low Value,"$500,000 to $999,999",organic social,Pacific,13,CA,0
L-00607,meta,Low Value,"Less than $250,000",ppc,Eastern,46,PA,0
L-00608,google,High Value,"$500,000 to $999,999",brand,Mountain,55,UT,1
L-00609,bing,Ideal,,nonbrand,Mountain,81,CO,0
L-00610,meta,Low Value,"$250,000 to $499,999",organic social,Eastern,50,PA,0
L-00611,meta,Low Value,"$500,000 to $999,999",prospecting,Eastern,31,NY,0
L-00612,google,Low Value,"$5,000,000 to $9,999,999",brand,Central,84,TX,0
L-00613,tiktok,Low Value,"$500,000 to $999,999",brand,Eastern,41,PA,0
L-00614,meta,Ideal,,retargeting,Central,84,MO,1
L-00615,google,High Value,"$1,000,000 to $4,999,999",brand,Central,89,TX,0
L-00616,meta,Low Value,"Less than $250,000",organic social,Central,73,,0
L-00617,meta,Low Value,"Less than $250,000",retargeting,Pacific,52,CA,0
L-00618,google,Low Value,"$1,000,000 to $4,999,999",brand,Central,73,MO,0
L-00619,tiktok,Low Value,"Less than $250,000",prospecting,Mountain,45,CO,0
L-00620,tiktok,Low Value,Self-Serve Signup,organic social,Central,42,IL,0
L-00621,meta,Low Value,"Less than $250,000",brand,Central,38,TN,1
L-00622,tiktok,Low Value,"Less than $250,000",,Pacific,,CA,0
L-00623,meta,Ideal,"$250,000 to $499,999",,Pacific,17,WA,0
L-00624,google,Ideal,"$500,000 to $999,999",pmax,Eastern,51,NY,0
L-00625,bing,Ideal,"$500,000 to $999,999",brand,Eastern,78,NJ,1
L-00626,meta,Low Value,Self-Serve Signup,nonbrand,Eastern,3,GA,0
L-00627,tiktok,Low Value,"$250,000 to $499,999",retargeting,,59,,0
L-00628,bing,Low Value,"Less than $250,000",nonbrand,Eastern,42,NY,1
L-00629,bing,Ideal,"$250,000 to $499,999",nonbrand,Eastern,65,FL,0
L-00630,google,Ideal,"$10,000,000 to $24,999,999",ppc,Pacific,100,WA,1
L-00631,meta,Low Value,Self-Serve Signup,prospecting,,2,,0
L-00632,google,Low Value,"$1,000,000 to $4,999,999",paid search,Mountain,33,CO,0
L-00633,meta,Ideal,"$1,000,000 to $4,999,999",nonbrand,Mountain,36,CO,0
L-00634,tiktok,Low Value,,organic social,Eastern,79,NY,0
L-00635,meta,Low Value,,organic social,Eastern,46,MI,0
L-00636,google,Ideal,"$500,000 to $999,999",,Central,83,TX,1
L-00637,google,Ideal,"Less than $250,000",brand,Eastern,,PA,1
L-00638,bing,Low Value,"$500,000 to $999,999",paid search,Central,74,IL,1
L-00639,meta,Low Value,"Less than $250,000",prospecting,Eastern,33,OH,1
L-00640,google,High Value,"Less than $250,000",nonbrand,Central,92,TX,0
L-00641,tiktok,Low Value,Self-Serve Signup,nonbrand,,61,,0
L-00642,meta,Low Value,"Less than $250,000",retargeting,Pacific,85,CA,1
L-00643,meta,Low Value,"$250,000 to $499,999",organic social,Arizona,42,AZ,0
L-00644,meta,High Value,"$1,000,000 to $4,999,999",prospecting,Central,100,MO,1
L-00645,meta,Low Value,"Less than $250,000",prospecting,Arizona,82,AZ,1
L-00646,google,Ideal,"$250,000 to $499,999",organic search,,13,,0
L-00647,meta,Low Value,Self-Serve Signup,nonbrand,Eastern,49,MA,0
L-00648,meta,Low Value,"$250,000 to $499,999",prospecting,Central,7,IL,0
L-00649,google,High Value,"$10,000,000 to $24,999,999",ppc,Central,84,TX,0
L-00650,bing,Ideal,"$1,000,000 to $4,999,999",brand,Pacific,58,OR,0
L-00651,google,Ideal,"$1,000,000 to $4,999,999",nonbrand,Mountain,47,CO,1
L-00652,meta,Low Value,"Less than $250,000",prospecting,Eastern,11,FL,0
L-00653,google,Low Value,"Less than $250,000",pmax,Eastern,74,GA,0
L-00654,google,Low Value,"Less than $250,000",brand,Central,42,TX,0
L-00655,meta,Low Value,"Less than $250,000",organic social,Arizona,90,AZ,0
L-00656,bing,Low Value,"Less than $250,000",brand,Central,69,TX,0
L-00657,tiktok,Low Value,"$500,000 to $999,999",organic search,Central,23,IL,0
L-00658,tiktok,Low Value,"Less than $250,000",prospecting,Central,48,TX,0
L-00659,google,Ideal,"$10,000,000 to $24,999,999",pmax,Central,69,MN,1
L-00660,meta,Low Value,"$1,000,000 to $4,999,999",retargeting,Eastern,,PA,0
L-00661,google,High Value,"$5,000,000 to $9,999,999",organic search,Central,100,TX,1
L-00662,tiktok,Ideal,"Less than $250,000",organic social,Central,17,TN,0
L-00663,tiktok,Ideal,"Less than $250,000",organic social,Eastern,12,PA,0
L-00664,meta,Low Value,"Less than $250,000",retargeting,Pacific,37,CA,0
L-00665,tiktok,Low Value,"Less than $250,000",prospecting,Pacific,44,CA,1
L-00666,meta,Low Value,"$500,000 to $999,999",prospecting,Eastern,23,NC,0
L-00667,bing,High Value,"$5,000,000 to $9,999,999",organic search,Eastern,57,NC,1
L-00668,google,Low Value,"$500,000 to $999,999",pmax,Eastern,59,NJ,0
L-00669,meta,Low Value,"Less than $250,000",ppc,Eastern,29,MA,0
L-00670,meta,Low Value,"$500,000 to $999,999",organic social,Central,67,TX,0
L-00671,meta,Low Value,,brand,Central,48,TX,0
L-00672,tiktok,Low Value,,retargeting,Central,65,TX,1
L-00673,meta,Ideal,"$500,000 to $999,999",prospecting,Eastern,77,NY,1
L-00674,google,Ideal,"$10,000,000 to $24,999,999",nonbrand,Pacific,67,CA,0
L-00675,google,Ideal,"$500,000 to $999,999",,Pacific,52,OR,0
L-00676,bing,Ideal,"$1,000,000 to $4,999,999",retargeting,Eastern,90,OH,0
L-00677,meta,Low Value,"$500,000 to $999,999",organic social,Eastern,58,NY,1
L-00678,meta,Low Value,"Less than $250,000",organic social,Eastern,1,PA,0
L-00679,bing,Ideal,"$250,000 to $499,999",ppc,Eastern,55,NC,0
L-00680,meta,Low Value,"$250,000 to $499,999",retargeting,Eastern,49,NY,0
L-00681,google,Low Value,"Less than $250,000",brand,Pacific,17,CA,0
L-00682,google,Ideal,"Less than $250,000",pmax,Eastern,23,MI,0
L-00683,google,Ideal,"$5,000,000 to $9,999,999",nonbrand,Central,35,LA,0
L-00684,google,Low Value,"Less than $250,000",,Eastern,33,PA,0
L-00685,meta,Low Value,"$5,000,000 to $9,999,999",prospecting,Eastern,100,MA,1
L-00686,google,Unknown,,ppc,Eastern,56,VA,0
L-00687,meta,Low Value,"Less than $250,000",prospecting,Eastern,65,FL,0
L-00688,meta,Low Value,Self-Serve Signup,prospecting,Eastern,4,MI,0
L-00689,bing,Low Value,"Less than $250,000",ppc,Eastern,22,FL,0
L-00690,meta,Low Value,"Less than $250,000",prospecting,Pacific,63,CA,1
L-00691,meta,Low Value,"$500,000 to $999,999",nonbrand,Eastern,8,NC,0
L-00692,google,High Value,"$1,000,000 to $4,999,999",paid search,Central,95,TX,1
L-00693,meta,Low Value,"Less than $250,000",prospecting,Arizona,,AZ,0
L-00694,google,Low Value,"Less than $250,000",prospecting,Eastern,11,MA,0
L-00695,meta,Low Value,"$250,000 to $499,999",brand,Eastern,12,FL,1
L-00696,meta,Low Value,"Less than $250,000",organic social,Eastern,0,VA,0
L-00697,bing,Ideal,"$250,000 to $499,999",paid search,Central,82,WI,1
L-00698,google,High Value,"Less than $250,000",brand,Eastern,48,MA,0
L-00699,google,Low Value,"Less than $250,000",nonbrand,Central,39,TN,0
L-00700,meta,Low Value,"Less than $250,000",organic social,Mountain,54,UT,0
L-00701,google,High Value,"$250,000 to $499,999",pmax,Eastern,66,MA,1
L-00702,google,High Value,"$500,000 to $999,999",paid search,Eastern,82,GA,1
L-00703,meta,Low Value,"Less than $250,000",prospecting,Central,41,WI,0
L-00704,google,Unknown,"$10,000,000 to $24,999,999",nonbrand,Pacific,59,CA,1
L-00705,meta,Low Value,"Less than $250,000",prospecting,Pacific,0,WA,0
L-00706,tiktok,Unknown,"Less than $250,000",prospecting,Pacific,55,CA,0
L-00707,tiktok,Low Value,"Less than $250,000",cpc,Eastern,88,NC,1
L-00708,google,Low Value,"$5,000,000 to $9,999,999",retargeting,Eastern,90,PA,1
L-00709,google,Low Value,"Less than $250,000",organic search,Eastern,80,NJ,0
L-00710,google,High Value,"$500,000 to $999,999",pmax,Eastern,100,MA,1
L-00711,meta,Unknown,"Less than $250,000",retargeting,Pacific,19,CA,0
L-00712,google,Low Value,"$1,000,000 to $4,999,999",nonbrand,Eastern,43,FL,0
L-00713,meta,Low Value,"$500,000 to $999,999",organic social,Pacific,0,OR,0
L-00714,meta,Low Value,"Less than $250,000",prospecting,Eastern,2,,1
L-00715,google,Unknown,"Less than $250,000",nonbrand,,44,,0
L-00716,meta,Low Value,"Less than $250,000",cpc,Pacific,33,CA,0
L-00717,meta,Low Value,"Less than $250,000",prospecting,Central,34,TN,0
L-00718,google,Ideal,"$5,000,000 to $9,999,999",brand,Pacific,65,NV,0
L-00719,meta,Ideal,"$1,000,000 to $4,999,999",prospecting,Central,49,MO,0
L-00720,tiktok,Low Value,"$5,000,000 to $9,999,999",organic social,Eastern,59,FL,0
L-00721,google,Low Value,"$1,000,000 to $4,999,999",nonbrand,Pacific,47,,0
L-00722,meta,Low Value,Self-Serve Signup,organic social,Central,0,TX,0
L-00723,google,Low Value,"Less than $250,000",pmax,Alaska,34,AK,0
L-00724,google,Unknown,"Less than $250,000",nonbrand,Central,33,LA,0
L-00725,google,Low Value,"Less than $250,000",prospecting,Central,37,LA,1
L-00726,google,Low Value,"$500,000 to $999,999",pmax,Pacific,72,CA,0
L-00727,google,Ideal,"$500,000 to $999,999",cpc,Pacific,60,CA,1
L-00728,bing,High Value,"$500,000 to $999,999",,Eastern,59,FL,0
L-00729,tiktok,Low Value,"$250,000 to $499,999",organic social,Pacific,0,,0
L-00730,meta,Unknown,"Less than $250,000",brand,Pacific,72,OR,0
L-00731,google,Low Value,"$250,000 to $499,999",brand,Central,29,TX,0
L-00732,google,High Value,"$1,000,000 to $4,999,999",cpc,Pacific,92,NV,0
L-00733,google,Low Value,"$250,000 to $499,999",brand,,61,,0
L-00734,tiktok,Low Value,,prospecting,Eastern,32,NY,0
L-00735,google,Unknown,"$500,000 to $999,999",rd,,100,,0
L-00736,tiktok,Ideal,"Less than $250,000",organic social,Pacific,58,WA,1
L-00737,bing,Ideal,"Less than $250,000",brand,Central,67,TX,0
L-00738,meta,Low Value,"Less than $250,000",prospecting,Eastern,57,FL,0
L-00739,google,Low Value,"Less than $250,000",paid search,Eastern,32,NY,0
L-00740,meta,High Value,,organic social,Eastern,36,NY,0
L-00741,tiktok,High Value,"$500,000 to $999,999",organic social,Eastern,41,OH,0
L-00742,tiktok,Low Value,Self-Serve Signup,retargeting,Central,0,TX,0
L-00743,meta,Low Value,"$250,000 to $499,999",cpc,Central,69,TX,1
L-00744,bing,Ideal,"Less than $250,000",,Mountain,21,UT,0
L-00745,bing,Low Value,"Less than $250,000",nonbrand,Central,45,TX,0
L-00746,google,Ideal,,pmax,Eastern,19,OH,0
L-00747,google,Low Value,"Less than $250,000",pmax,,47,,0
L-00748,meta,Low Value,"Less than $250,000",brand,Mountain,34,CO,0
L-00749,meta,Low Value,"$1,000,000 to $4,999,999",organic social,Pacific,,WA,1
L-00750,bing,High Value,"$250,000 to $499,999",brand,Central,67,IL,1
L-00751,bing,Low Value,"Less than $250,000",brand,Central,27,MO,1
L-00752,google,High Value,"Less than $250,000",other campaigns,Eastern,17,NC,0
L-00753,google,High Value,"$500,000 to $999,999",pmax,Pacific,79,OR,1
L-00754,google,Low Value,"$500,000 to $999,999",,Central,62,MO,0
L-00755,tiktok,Ideal,"$1,000,000 to $4,999,999",brand,Eastern,100,GA,1
L-00756,google,Ideal,"Less than $250,000",brand,Central,,TN,0
L-00757,meta,Low Value,"Less than $250,000",prospecting,Pacific,0,NV,0
L-00758,meta,Low Value,"$250,000 to $499,999",organic social,Central,89,TN,0
L-00759,google,Ideal,Self-Serve Signup,nonbrand,Eastern,9,NY,0
L-00760,google,Low Value,"Less than $250,000",paid search,Central,53,TN,1
L-00761,bing,High Value,"$250,000 to $499,999",paid search,Pacific,26,CA,0
L-00762,google,Low Value,"$250,000 to $499,999",brand,Mountain,91,CO,1
L-00763,tiktok,Low Value,"Less than $250,000",organic social,Eastern,11,MI,0
L-00764,google,High Value,"$1,000,000 to $4,999,999",brand,Eastern,90,NC,1
L-00765,tiktok,Low Value,"Less than $250,000",prospecting,Eastern,12,VA,0
L-00766,meta,Low Value,"Less than $250,000",retargeting,Eastern,27,NC,0
L-00767,tiktok,Ideal,"Less than $250,000",nonbrand,Mountain,63,CO,0
L-00768,bing,High Value,"$1,000,000 to $4,999,999",pmax,Pacific,85,CA,1
L-00769,meta,Low Value,"Less than $250,000",pmax,Pacific,57,CA,0
L-00770,google,High Value,"$250,000 to $499,999",nonbrand,Pacific,42,WA,0
L-00771,google,Ideal,"$500,000 to $999,999",nonbrand,Central,57,TX,0
L-00772,meta,Low Value,"$5,000,000 to $9,999,999",cpc,Central,,TX,0
L-00773,meta,Low Value,"Less than $250,000",brand,Eastern,8,FL,0
L-00774,meta,Low Value,"Less than $250,000",other campaigns,Eastern,60,MI,0
L-00775,meta,Low Value,"Less than $250,000",prospecting,Central,42,MN,0
L-00776,meta,Low Value,"Less than $250,000",prospecting,Eastern,57,FL,0
L-00777,meta,Low Value,"Less than $250,000",organic social,Central,15,WI,0
L-00778,google,High Value,"$1,000,000 to $4,999,999",brand,Central,59,TN,0
L-00779,google,Low Value,,nonbrand,Pacific,21,WA,0
L-00780,meta,High Value,"$5,000,000 to $9,999,999",retargeting,Eastern,66,GA,0
L-00781,google,Low Value,"$1,000,000 to $4,999,999",cpc,Pacific,38,CA,1
L-00782,meta,Ideal,"$1,000,000 to $4,999,999",nonbrand,Eastern,100,NY,1
L-00783,meta,High Value,"Less than $250,000",retargeting,Eastern,22,PA,0
L-00784,tiktok,Low Value,Self-Serve Signup,organic social,Eastern,69,VA,0
L-00785,google,Ideal,"$250,000 to $499,999",ppc,Eastern,64,NY,0
L-00786,meta,Low Value,"$500,000 to $999,999",retargeting,Central,14,TX,0
L-00787,google,Low Value,,brand,Pacific,100,WA,1
L-00788,google,Low Value,"Less than $250,000",nonbrand,Pacific,33,WA,1
L-00789,google,High Value,"Less than $250,000",ppc,Central,86,TX,1
L-00790,tiktok,Ideal,"$500,000 to $999,999",organic social,Eastern,46,PA,0
L-00791,meta,Low Value,"Less than $250,000",retargeting,Pacific,22,WA,0
L-00792,bing,Low Value,Self-Serve Signup,brand,Eastern,18,GA,0
L-00793,google,Low Value,"Less than $250,000",nonbrand,Pacific,13,CA,0
L-00794,google,Ideal,"$250,000 to $499,999",nonbrand,Central,69,TN,0
L-00795,meta,Low Value,"Less than $250,000",retargeting,Eastern,77,MI,0
L-00796,meta,Low Value,"$500,000 to $999,999",organic social,Eastern,32,PA,1
L-00797,meta,Unknown,"$250,000 to $499,999",pmax,Eastern,71,MA,0
L-00798,meta,Low Value,,cpc,Eastern,18,OH,0
L-00799,meta,Low Value,"Less than $250,000",ppc,,31,,0
L-00800,google,Low Value,"Less than $250,000",nonbrand,Pacific,30,CA,0
L-00801,meta,Low Value,"Less than $250,000",organic social,Eastern,,MA,0
L-00802,meta,Low Value,"Less than $250,000",organic social,Central,32,TX,0
L-00803,google,High Value,"Less than $250,000",paid search,Eastern,20,GA,0
L-00804,bing,Ideal,"$1,000,000 to $4,999,999",organic search,Eastern,65,OH,0
L-00805,bing,Low Value,"Less than $250,000",pmax,Pacific,40,CA,0
L-00806,meta,Ideal,"Less than $250,000",prospecting,Eastern,10,NY,0
L-00807,google,Low Value,"Less than $250,000",organic search,Eastern,32,VA,0
L-00808,bing,High Value,"$5,000,000 to $9,999,999",paid search,Mountain,36,CO,1
L-00809,meta,Unknown,"$250,000 to $499,999",organic social,Eastern,10,NY,0
L-00810,tiktok,Low Value,"$250,000 to $499,999",organic social,Mountain,66,MT,0
L-00811,tiktok,Low Value,,organic social,Eastern,24,NJ,0
L-00812,tiktok,Ideal,"Less than $250,000",organic social,Pacific,66,WA,0
L-00813,google,Ideal,"$10,000,000 to $24,999,999",pmax,Eastern,38,NC,0
L-00814,bing,Low Value,"Less than $250,000",organic search,Eastern,50,GA,0
L-00815,meta,Unknown,"Less than $250,000",prospecting,Eastern,77,,0
L-00816,tiktok,Low Value,"Less than $250,000",prospecting,Eastern,28,GA,0
L-00817,tiktok,Low Value,"Less than $250,000",prospecting,Central,98,TN,0
L-00818,google,Ideal,"$10,000,000 to $24,999,999",brand,Pacific,47,CA,0
L-00819,tiktok,Ideal,,prospecting,Eastern,81,PA,0
L-00820,google,Low Value,"$250,000 to $499,999",brand,Eastern,48,PA,0
L-00821,bing,Low Value,"Less than $250,000",ppc,Eastern,99,GA,0
L-00822,bing,Ideal,"Less than $250,000",brand,Eastern,80,FL,1
L-00823,meta,Unknown,"Less than $250,000",retargeting,Mountain,34,UT,0
L-00824,meta,Ideal,"Less than $250,000",prospecting,Pacific,52,WA,0
L-00825,google,High Value,"$500,000 to $999,999",organic search,Pacific,61,OR,0
L-00826,meta,Low Value,"Less than $250,000",retargeting,Mountain,80,UT,1
L-00827,bing,Ideal,"Less than $250,000",paid search,Pacific,38,CA,0
L-00828,meta,Low Value,"Less than $250,000",prospecting,Pacific,47,NV,0
L-00829,meta,Low Value,"Less than $250,000",retargeting,Eastern,0,MA,0
L-00830,google,Unknown,"Less than $250,000",,Eastern,72,GA,1
L-00831,google,Ideal,"$10,000,000 to $24,999,999",,Eastern,90,MA,0
L-00832,google,High Value,"$5,000,000 to $9,999,999",brand,Arizona,77,AZ,0
L-00833,tiktok,High Value,"$250,000 to $499,999",prospecting,Eastern,47,NJ,1
L-00834,meta,High Value,"Less than $250,000",brand,Eastern,,FL,1
L-00835,meta,High Value,"$500,000 to $999,999",prospecting,Pacific,26,CA,0
L-00836,google,Ideal,"$1,000,000 to $4,999,999",paid search,,43,,0
L-00837,tiktok,Low Value,Self-Serve Signup,organic social,Eastern,0,MA,0
L-00838,meta,Unknown,Self-Serve Signup,cpc,Eastern,0,FL,0
L-00839,meta,Low Value,"$250,000 to $499,999",organic social,Eastern,,FL,0
L-00840,google,Low Value,"$250,000 to $499,999",brand,Central,52,IL,1
L-00841,google,High Value,"$1,000,000 to $4,999,999",brand,Eastern,39,FL,1
L-00842,google,Low Value,"$1,000,000 to $4,999,999",organic search,Pacific,36,WA,1
L-00843,google,High Value,"$250,000 to $499,999",nonbrand,,65,,0
L-00844,bing,Ideal,"$10,000,000 to $24,999,999",brand,Pacific,60,CA,1
L-00845,google,Ideal,"Less than $250,000",paid search,Central,100,TX,1
L-00846,google,Ideal,"$250,000 to $499,999",brand,Eastern,30,GA,0
L-00847,bing,Low Value,"Less than $250,000",nonbrand,Eastern,15,MA,0
L-00848,google,Low Value,"Less than $250,000",cpc,Central,69,MN,0
L-00849,google,Unknown,"$10,000,000 to $24,999,999",brand,Central,95,TX,1
L-00850,google,Low Value,"Less than $250,000",,Eastern,18,NC,0
L-00851,meta,Low Value,"Less than $250,000",prospecting,Pacific,30,CA,0
L-00852,google,High Value,"Less than $250,000",brand,Central,38,TX,0
L-00853,bing,Unknown,"$5,000,000 to $9,999,999",nonbrand,Central,45,TX,0
L-00854,tiktok,Low Value,"$1,000,000 to $4,999,999",retargeting,Pacific,50,CA,0
L-00855,meta,Low Value,"Less than $250,000",organic social,,27,,0
L-00856,google,Low Value,"Less than $250,000",brand,Eastern,0,GA,0
L-00857,google,Ideal,"$1,000,000 to $4,999,999",ppc,Eastern,98,NY,1
L-00858,meta,Ideal,"$500,000 to $999,999",retargeting,Eastern,67,MI,0
L-00859,google,High Value,"$10,000,000 to $24,999,999",brand,Eastern,93,VA,1
L-00860,google,Low Value,"Less than $250,000",brand,Pacific,46,CA,0
L-00861,bing,High Value,"$10,000,000 to $24,999,999",cpc,Eastern,72,FL,1
L-00862,google,Low Value,"Less than $250,000",paid search,Alaska,60,AK,0
L-00863,google,Low Value,"$250,000 to $499,999",paid search,Alaska,0,AK,0
L-00864,tiktok,Ideal,"$250,000 to $499,999",organic social,Central,39,TN,0
L-00865,meta,Ideal,"Less than $250,000",retargeting,Eastern,27,OH,0
L-00866,google,Ideal,"Less than $250,000",paid search,Pacific,90,CA,1
L-00867,meta,Low Value,"Less than $250,000",organic social,Arizona,14,AZ,0
L-00868,meta,Low Value,"$500,000 to $999,999",organic social,Pacific,9,WA,0
L-00869,google,Low Value,"$10,000,000 to $24,999,999",ppc,Mountain,84,UT,1
L-00870,google,Ideal,"$1,000,000 to $4,999,999",ppc,Eastern,57,FL,0
L-00871,google,High Value,"$10,000,000 to $24,999,999",pmax,Central,78,TX,0
L-00872,meta,Low Value,"$250,000 to $499,999",retargeting,Eastern,25,OH,0
L-00873,meta,Low Value,"Less than $250,000",organic social,Eastern,0,MI,0
L-00874,bing,High Value,"$500,000 to $999,999",paid search,Mountain,100,CO,1
L-00875,tiktok,Low Value,"Less than $250,000",retargeting,Pacific,0,NV,0
L-00876,bing,High Value,"$500,000 to $999,999",nonbrand,Central,83,TX,1
L-00877,tiktok,Ideal,"Less than $250,000",prospecting,Eastern,54,NY,0
L-00878,google,Ideal,"$5,000,000 to $9,999,999",paid search,Pacific,53,CA,0
L-00879,meta,Low Value,"Less than $250,000",cpc,Eastern,,NY,0
L-00880,tiktok,Low Value,"Less than $250,000",prospecting,Eastern,16,FL,0
L-00881,meta,Low Value,"Less than $250,000",pmax,Eastern,,GA,0
L-00882,bing,Low Value,"Less than $250,000",nonbrand,Arizona,49,AZ,0
L-00883,bing,Low Value,"Less than $250,000",brand,Central,71,TX,1
L-00884,meta,Ideal,"Less than $250,000",prospecting,Eastern,100,FL,1
L-00885,google,Low Value,,brand,Central,59,TX,0
L-00886,tiktok,Ideal,"Less than $250,000",organic search,Pacific,34,CA,0
L-00887,google,High Value,"$250,000 to $499,999",pmax,Central,97,TX,0
L-00888,tiktok,Low Value,Self-Serve Signup,prospecting,Eastern,0,FL,0
L-00889,tiktok,Low Value,"Less than $250,000",prospecting,Arizona,62,AZ,0
L-00890,bing,Low Value,"Less than $250,000",nonbrand,Eastern,61,NC,0
L-00891,google,High Value,"$5,000,000 to $9,999,999",cpc,Central,33,LA,0
L-00892,google,High Value,Self-Serve Signup,organic search,Eastern,80,PA,0
L-00893,google,Ideal,"$5,000,000 to $9,999,999",brand,Central,31,LA,0
L-00894,bing,Low Value,"Less than $250,000",nonbrand,Eastern,92,NY,1
L-00895,google,Low Value,"Less than $250,000",paid search,Mountain,15,CO,0
L-00896,meta,Ideal,"$250,000 to $499,999",retargeting,Eastern,63,FL,0
L-00897,meta,Low Value,"$10,000,000 to $24,999,999",organic social,Central,65,MN,0
L-00898,meta,Low Value,"Less than $250,000",,Eastern,34,,0
L-00899,google,High Value,"$1,000,000 to $4,999,999",,Central,45,TX,1
L-00900,meta,Low Value,"Less than $250,000",,Eastern,19,GA,0
L-00901,google,Low Value,"$250,000 to $499,999",nonbrand,Pacific,86,WA,0
L-00902,meta,Low Value,"Less than $250,000",retargeting,Eastern,49,GA,0
L-00903,google,Low Value,"$1,000,000 to $4,999,999",nonbrand,Eastern,52,GA,0
L-00904,google,Ideal,"$250,000 to $499,999",cpc,Central,23,TX,0
L-00905,meta,Unknown,"$250,000 to $499,999",nonbrand,Eastern,25,FL,0
L-00906,tiktok,Low Value,"Less than $250,000",prospecting,Eastern,0,FL,0
L-00907,bing,Low Value,"$250,000 to $499,999",ppc,Central,38,TX,0
L-00908,tiktok,Low Value,"Less than $250,000",prospecting,Central,43,TX,0
L-00909,google,High Value,"Less than $250,000",nonbrand,Central,73,IL,1
L-00910,google,Unknown,"Less than $250,000",nonbrand,Pacific,22,CA,0
L-00911,tiktok,Unknown,"$500,000 to $999,999",prospecting,Mountain,,CO,0
L-00912,google,Low Value,"Less than $250,000",cpc,Pacific,40,CA,0
L-00913,google,Ideal,"$500,000 to $999,999",brand,,42,,0
L-00914,google,Ideal,"$5,000,000 to $9,999,999",nonbrand,Mountain,40,UT,0
L-00915,google,Low Value,"$1,000,000 to $4,999,999",paid search,Pacific,61,CA,0
L-00916,meta,Low Value,"$250,000 to $499,999",retargeting,Central,69,TX,1
L-00917,meta,Low Value,"$250,000 to $499,999",prospecting,Eastern,52,MI,0
L-00918,meta,Ideal,"Less than $250,000",retargeting,Pacific,63,CA,0
L-00919,meta,Low Value,"$250,000 to $499,999",prospecting,Eastern,42,FL,0
L-00920,google,Low Value,"$250,000 to $499,999",pmax,Eastern,39,FL,0
L-00921,google,Low Value,"Less than $250,000",nonbrand,Eastern,5,NC,0
L-00922,meta,Low Value,"$250,000 to $499,999",brand,Central,42,TN,0
L-00923,google,Low Value,"$250,000 to $499,999",cpc,Central,13,MN,0
L-00924,bing,Ideal,"Less than $250,000",brand,Central,100,TX,1
L-00925,tiktok,Low Value,"Less than $250,000",prospecting,Central,58,MN,0
L-00926,tiktok,Low Value,"$250,000 to $499,999",organic social,Central,0,TX,0
L-00927,google,Low Value,"$250,000 to $499,999",nonbrand,Pacific,7,CA,0
L-00928,meta,Low Value,"Less than $250,000",pmax,Central,58,TX,0
L-00929,meta,High Value,Self-Serve Signup,prospecting,Central,59,TX,0
L-00930,tiktok,Unknown,"$250,000 to $499,999",organic social,Eastern,55,NY,0
L-00931,google,Ideal,"$250,000 to $499,999",brand,Arizona,56,AZ,1
L-00932,google,Low Value,"$1,000,000 to $4,999,999",brand,Eastern,50,MI,0
L-00933,tiktok,Ideal,"$250,000 to $499,999",retargeting,Eastern,79,NY,1
L-00934,meta,Ideal,"Less than $250,000",retargeting,Central,88,LA,1
L-00935,bing,Ideal,"$1,000,000 to $4,999,999",prospecting,Pacific,95,WA,1
L-00936,meta,High Value,"$1,000,000 to $4,999,999",retargeting,Eastern,75,NY,1
L-00937,meta,Low Value,"Less than $250,000",organic social,Central,21,IL,0
L-00938,meta,Low Value,"$250,000 to $499,999",retargeting,Eastern,33,FL,0
L-00939,google,Low Value,"Less than $250,000",nonbrand,Eastern,64,GA,0
L-00940,meta,High Value,"$500,000 to $999,999",prospecting,Central,78,TN,1
L-00941,bing,High Value,"$10,000,000 to $24,999,999",pmax,Eastern,69,FL,0
L-00942,google,Low Value,"$250,000 to $499,999",rd,Eastern,55,NY,0
L-00943,google,Ideal,"$250,000 to $499,999",nonbrand,Central,87,TX,1
L-00944,google,Ideal,"Less than $250,000",organic search,Pacific,42,CA,1
L-00945,meta,Low Value,"Less than $250,000",organic social,Central,8,IL,1
L-00946,google,Low Value,"$250,000 to $499,999",brand,Central,47,IL,1
L-00947,google,Low Value,"$10,000,000 to $24,999,999",nonbrand,Pacific,24,CA,0
L-00948,tiktok,High Value,"$250,000 to $499,999",prospecting,Eastern,95,GA,0
L-00949,google,Low Value,"$250,000 to $499,999",pmax,Central,16,TX,0
L-00950,meta,Low Value,"$1,000,000 to $4,999,999",organic social,Central,53,TX,1
L-00951,google,Low Value,Self-Serve Signup,ppc,Central,62,TX,0
L-00952,bing,Ideal,"Less than $250,000",brand,Central,27,LA,0
L-00953,tiktok,Unknown,"Less than $250,000",organic social,Eastern,,FL,0
L-00954,google,Low Value,"$10,000,000 to $24,999,999",,Eastern,34,NC,0
L-00955,google,High Value,"$1,000,000 to $4,999,999",brand,Eastern,89,FL,1
L-00956,meta,High Value,"$500,000 to $999,999",cpc,Central,85,LA,0
L-00957,meta,Low Value,"Less than $250,000",,Eastern,30,FL,0
L-00958,meta,Low Value,"Less than $250,000",retargeting,Pacific,26,WA,0
L-00959,meta,High Value,"$250,000 to $499,999",prospecting,Eastern,63,PA,0
L-00960,google,Low Value,"Less than $250,000",,Pacific,12,NV,0
L-00961,google,Low Value,"$500,000 to $999,999",pmax,Eastern,32,MA,0
L-00962,google,High Value,,cpc,Eastern,33,VA,0
L-00963,bing,Low Value,"Less than $250,000",brand,,60,,0
L-00964,tiktok,Low Value,Self-Serve Signup,organic social,Central,0,MO,0
L-00965,tiktok,Low Value,Self-Serve Signup,organic social,Pacific,28,NV,0
L-00966,meta,Low Value,"Less than $250,000",ppc,Central,35,IL,0
L-00967,bing,Low Value,"$250,000 to $499,999",nonbrand,Mountain,71,CO,0
L-00968,meta,Low Value,"$500,000 to $999,999",,Pacific,43,CA,0
L-00969,google,Low Value,"Less than $250,000",ppc,Central,27,TX,0
L-00970,google,High Value,"$1,000,000 to $4,999,999",ppc,Eastern,57,PA,1
L-00971,google,High Value,"$250,000 to $499,999",brand,Eastern,79,GA,0
L-00972,meta,Ideal,"$250,000 to $499,999",expired or invalid attributer license,Pacific,53,CA,0
L-00973,google,Ideal,"$1,000,000 to $4,999,999",organic search,Central,90,TX,1
L-00974,tiktok,Low Value,"$1,000,000 to $4,999,999",prospecting,Eastern,31,NC,0
L-00975,google,Low Value,"$500,000 to $999,999",prospecting,Eastern,71,FL,0
L-00976,google,High Value,"$10,000,000 to $24,999,999",brand,Central,74,LA,0
L-00977,tiktok,Ideal,"Less than $250,000",prospecting,Central,36,TX,0
L-00978,meta,Low Value,"Less than $250,000",organic social,Central,48,IL,1
L-00979,tiktok,Low Value,"$250,000 to $499,999",organic social,Eastern,36,GA,0
L-00980,google,Low Value,"Less than $250,000",nonbrand,Eastern,59,NY,1
L-00981,meta,High Value,"$1,000,000 to $4,999,999",prospecting,Mountain,60,UT,1
L-00982,meta,Ideal,"Less than $250,000",cpc,Eastern,0,NY,0
L-00983,meta,Unknown,"$1,000,000 to $4,999,999",brand,Eastern,59,FL,1
L-00984,google,Ideal,"$250,000 to $499,999",brand,Pacific,98,WA,0
L-00985,google,Ideal,"$1,000,000 to $4,999,999",paid search,Eastern,68,MI,1
L-00986,tiktok,High Value,"Less than $250,000",prospecting,,96,,0
L-00987,tiktok,Low Value,"Less than $250,000",prospecting,Eastern,71,PA,0
L-00988,tiktok,Ideal,"$250,000 to $499,999",retargeting,Central,41,TX,0
L-00989,bing,Ideal,"$500,000 to $999,999",ppc,Eastern,64,MA,1
L-00990,google,Low Value,"Less than $250,000",pmax,Eastern,22,VA,0
L-00991,bing,Ideal,"Less than $250,000",nonbrand,Pacific,72,CA,1
L-00992,tiktok,High Value,"$500,000 to $999,999",retargeting,Eastern,63,NY,1
L-00993,tiktok,Unknown,"$1,000,000 to $4,999,999",organic social,Pacific,59,WA,1
L-00994,bing,Low Value,"$500,000 to $999,999",organic search,Mountain,62,CO,1
L-00995,meta,Low Value,"Less than $250,000",prospecting,Alaska,23,AK,0
L-00996,tiktok,Low Value,"$1,000,000 to $4,999,999",retargeting,Pacific,52,CA,0
L-00997,meta,Low Value,Self-Serve Signup,retargeting,Pacific,55,CA,0
L-00998,meta,Ideal,"Less than $250,000",prospecting,Eastern,81,VA,0
L-00999,tiktok,Ideal,"Less than $250,000",prospecting,Eastern,35,NY,1
L-01000,google,Low Value,"Less than $250,000",cpc,Central,65,IL,0
L-01001,meta,Low Value,"Less than $250,000",brand,Eastern,86,FL,0
L-01002,google,Ideal,"Less than $250,000",brand,Arizona,50,AZ,0
L-01003,google,Ideal,"Less than $250,000",brand,Arizona,28,AZ,1
L-01004,google,Low Value,"$250,000 to $499,999",cpc,Pacific,69,CA,0
L-01005,google,Ideal,"$250,000 to $499,999",paid search,Central,91,TX,1
L-01006,meta,Low Value,"$250,000 to $499,999",retargeting,Eastern,52,,0
L-01007,google,Ideal,"Less than $250,000",nonbrand,Eastern,42,FL,0
L-01008,google,Ideal,"$5,000,000 to $9,999,999",brand,Eastern,82,GA,0
L-01009,tiktok,Low Value,"$250,000 to $499,999",retargeting,Eastern,47,PA,0
L-01010,google,Low Value,"$250,000 to $499,999",nonbrand,Central,6,TX,0
L-01011,meta,Low Value,"$500,000 to $999,999",retargeting,Eastern,50,NY,1
L-01012,google,Low Value,"$250,000 to $499,999",nonbrand,Pacific,91,NV,0
L-01013,meta,Ideal,"Less than $250,000",prospecting,Hawaii,42,HI,0
L-01014,google,Ideal,"$250,000 to $499,999",ppc,Central,93,TN,0
L-01015,bing,High Value,"$5,000,000 to $9,999,999",prospecting,Eastern,92,VA,1
L-01016,meta,High Value,"$10,000,000 to $24,999,999",organic social,Eastern,58,NY,1
L-01017,meta,Ideal,"$250,000 to $499,999",organic social,Eastern,47,FL,0
L-01018,meta,Unknown,,cpc,Pacific,0,WA,0
L-01019,meta,Ideal,"$500,000 to $999,999",organic social,Pacific,2,CA,0
L-01020,google,Ideal,"$250,000 to $499,999",organic search,Eastern,70,PA,1
L-01021,bing,Low Value,"Less than $250,000",paid search,Central,82,TX,0
L-01022,meta,Low Value,"Less than $250,000",organic social,Mountain,64,UT,0
L-01023,meta,Low Value,"Less than $250,000",brand,Eastern,58,GA,1
L-01024,tiktok,Ideal,"$500,000 to $999,999",organic social,Pacific,7,CA,0
L-01025,google,High Value,"$1,000,000 to $4,999,999",cpc,Pacific,33,CA,0
L-01026,google,High Value,"$250,000 to $499,999",cpc,Eastern,53,NY,0
L-01027,google,Ideal,"$500,000 to $999,999",brand,Central,61,MN,1
L-01028,meta,Ideal,"$250,000 to $499,999",prospecting,Pacific,74,NV,0
L-01029,google,Unknown,"$1,000,000 to $4,999,999",nonbrand,Central,29,LA,1
L-01030,meta,Ideal,"$250,000 to $499,999",nonbrand,Pacific,78,WA,0
L-01031,meta,Low Value,"$250,000 to $499,999",retargeting,Central,18,TX,0
L-01032,google,Ideal,"Less than $250,000",nonbrand,,53,,0
L-01033,google,Low Value,"Less than $250,000",brand,Mountain,65,MT,1
L-01034,tiktok,Low Value,"Less than $250,000",organic social,Mountain,68,CO,0
L-01035,google,Ideal,"$1,000,000 to $4,999,999",nonbrand,Eastern,83,VA,0
L-01036,google,Low Value,"$500,000 to $999,999",ppc,Eastern,12,MA,0
L-01037,bing,Ideal,"Less than $250,000",paid search,Central,64,TX,0
L-01038,tiktok,Low Value,"$500,000 to $999,999",retargeting,Central,7,TN,0
L-01039,google,High Value,"Less than $250,000",cpc,Pacific,63,CA,0
L-01040,meta,Low Value,"Less than $250,000",nonbrand,Pacific,36,,0
L-01041,google,High Value,"$10,000,000 to $24,999,999",brand,Eastern,75,NY,1
L-01042,tiktok,Ideal,"Less than $250,000",prospecting,Central,39,MN,0
L-01043,meta,Low Value,"Less than $250,000",,Central,,TN,0
L-01044,google,Low Value,"Less than $250,000",ppc,Arizona,55,AZ,0
L-01045,tiktok,Unknown,"Less than $250,000",prospecting,Pacific,73,WA,1
L-01046,google,High Value,"$250,000 to $499,999",nonbrand,Mountain,100,CO,0
L-01047,google,Low Value,"$1,000,000 to $4,999,999",brand,Pacific,55,CA,0
L-01048,tiktok,Ideal,"$250,000 to $499,999",organic social,Pacific,71,CA,1
L-01049,google,Ideal,"$500,000 to $999,999",nonbrand,Eastern,83,PA,0
L-01050,bing,High Value,"$1,000,000 to $4,999,999",paid search,Central,43,TX,0
L-01051,tiktok,Ideal,"Less than $250,000",retargeting,Eastern,18,NC,0
L-01052,bing,Low Value,"$1,000,000 to $4,999,999",brand,Pacific,50,WA,1
L-01053,google,Ideal,"$500,000 to $999,999",nonbrand,Pacific,41,,0
L-01054,bing,High Value,"$5,000,000 to $9,999,999",brand,Eastern,91,NC,1
L-01055,tiktok,High Value,"Less than $250,000",prospecting,Pacific,13,WA,0
L-01056,tiktok,Ideal,,retargeting,Eastern,31,MA,0
L-01057,meta,Low Value,,,Central,75,IL,0
L-01058,meta,Low Value,"$500,000 to $999,999",nonbrand,Eastern,32,FL,0
L-01059,tiktok,Low Value,"$250,000 to $499,999",,Central,0,LA,0
L-01060,google,High Value,"$500,000 to $999,999",nonbrand,Central,73,IL,0
L-01061,tiktok,Ideal,"$250,000 to $499,999",organic social,Central,27,TX,0
L-01062,google,Ideal,"$500,000 to $999,999",,Eastern,63,VA,1
L-01063,meta,Low Value,"$1,000,000 to $4,999,999",retargeting,Central,30,TX,0
L-01064,google,Unknown,"$500,000 to $999,999",paid search,Eastern,39,NY,1
L-01065,google,High Value,"$500,000 to $999,999",nonbrand,Eastern,79,NJ,0
L-01066,meta,Low Value,,retargeting,Eastern,43,GA,1
L-01067,meta,Low Value,"$500,000 to $999,999",organic social,Eastern,0,FL,0
L-01068,google,Low Value,"$5,000,000 to $9,999,999",brand,Eastern,44,NC,0
L-01069,meta,High Value,"$1,000,000 to $4,999,999",organic social,Central,100,TX,1
L-01070,google,Low Value,"$500,000 to $999,999",ppc,Arizona,36,AZ,0
L-01071,meta,Ideal,"$250,000 to $499,999",retargeting,,70,,0
L-01072,meta,Low Value,"$5,000,000 to $9,999,999",retargeting,Pacific,100,CA,0
L-01073,google,Low Value,"Less than $250,000",brand,Eastern,38,FL,0
L-01074,google,High Value,"Less than $250,000",ppc,Eastern,85,VA,1
L-01075,google,Low Value,"Less than $250,000",brand,Eastern,65,PA,1
L-01076,bing,Low Value,"Less than $250,000",paid search,Central,38,WI,0
L-01077,bing,Low Value,"Less than $250,000",paid search,Central,62,IL,0
L-01078,bing,Low Value,"Less than $250,000",cpc,Eastern,24,FL,0
L-01079,google,Unknown,"Less than $250,000",nonbrand,Eastern,49,FL,0
L-01080,meta,Low Value,"Less than $250,000",prospecting,Pacific,52,CA,0
L-01081,google,Low Value,"Less than $250,000",paid search,Eastern,30,GA,0
L-01082,tiktok,Low Value,"Less than $250,000",nonbrand,Arizona,66,AZ,0
L-01083,meta,Ideal,"$250,000 to $499,999",organic social,Central,25,TX,1
L-01084,bing,High Value,"Less than $250,000",brand,Arizona,45,AZ,0
L-01085,meta,Ideal,"$250,000 to $499,999",retargeting,Central,57,IL,1
L-01086,google,Low Value,"Less than $250,000",brand,Central,34,TX,0
L-01087,meta,Low Value,"Less than $250,000",prospecting,Eastern,60,MA,0
L-01088,google,Low Value,"$250,000 to $499,999",brand,Eastern,13,MI,1
L-01089,bing,Ideal,"$500,000 to $999,999",nonbrand,Eastern,67,MI,0
L-01090,meta,Low Value,"$500,000 to $999,999",prospecting,Pacific,46,CA,0
L-01091,google,Low Value,"$5,000,000 to $9,999,999",brand,Mountain,85,CO,1
L-01092,google,Ideal,"Less than $250,000",cpc,Central,66,IL,1
L-01093,google,Low Value,"$1,000,000 to $4,999,999",cpc,Central,28,TN,0
L-01094,google,Low Value,"Less than $250,000",,Pacific,100,CA,1
L-01095,tiktok,High Value,"Less than $250,000",organic social,Arizona,23,AZ,0
L-01096,bing,High Value,"$10,000,000 to $24,999,999",brand,Central,100,IL,1
L-01097,bing,Low Value,"$250,000 to $499,999",organic search,Eastern,81,FL,0
L-01098,google,Low Value,"$500,000 to $999,999",nonbrand,Pacific,73,WA,1
L-01099,google,Low Value,"$1,000,000 to $4,999,999",other campaigns,Eastern,95,VA,1
L-01100,google,Ideal,"$1,000,000 to $4,999,999",paid search,Eastern,44,FL,1
L-01101,tiktok,Low Value,"Less than $250,000",retargeting,Pacific,0,CA,0
L-01102,google,High Value,"$500,000 to $999,999",brand,Eastern,91,GA,1
L-01103,google,Low Value,"Less than $250,000",paid search,Central,69,TX,0
L-01104,google,High Value,"$10,000,000 to $24,999,999",brand,Mountain,85,MT,1
L-01105,meta,Low Value,"Less than $250,000",nonbrand,Pacific,36,NV,0
L-01106,meta,Low Value,Self-Serve Signup,organic social,Pacific,25,CA,0
L-01107,google,High Value,"Less than $250,000",nonbrand,,55,,0
L-01108,google,Low Value,"Less than $250,000",cpc,Pacific,5,CA,0
L-01109,tiktok,Ideal,"$250,000 to $499,999",organic social,Central,76,TX,1
L-01110,meta,Unknown,,organic social,Central,61,TX,1
L-01111,google,Low Value,"$500,000 to $999,999",paid search,Pacific,38,OR,0
L-01112,google,Ideal,"Less than $250,000",pmax,Eastern,62,PA,0
L-01113,google,Unknown,,brand,Eastern,55,MI,0
L-01114,google,Ideal,"Less than $250,000",nonbrand,Eastern,22,GA,0
L-01115,meta,Unknown,"Less than $250,000",prospecting,Eastern,70,NY,0
L-01116,google,Low Value,"Less than $250,000",paid search,Eastern,19,FL,0
L-01117,google,Ideal,"Less than $250,000",pmax,Eastern,58,MA,0
L-01118,google,Ideal,"$250,000 to $499,999",nonbrand,Central,,TX,1
L-01119,tiktok,Unknown,"Less than $250,000",organic social,Central,25,TN,0
L-01120,google,High Value,"Less than $250,000",brand,Eastern,32,NY,0
L-01121,bing,High Value,"$5,000,000 to $9,999,999",nonbrand,Pacific,63,NV,0
L-01122,meta,Ideal,"$1,000,000 to $4,999,999",prospecting,Pacific,32,CA,0
L-01123,tiktok,High Value,"$500,000 to $999,999",prospecting,Pacific,,CA,1
L-01124,meta,Low Value,"Less than $250,000",retargeting,Pacific,8,WA,0
L-01125,bing,Low Value,"Less than $250,000",brand,Eastern,,FL,0
L-01126,meta,Low Value,"Less than $250,000",organic social,Central,36,LA,0
L-01127,google,High Value,"$500,000 to $999,999",ppc,Central,84,TX,0
L-01128,bing,High Value,"$10,000,000 to $24,999,999",paid search,Eastern,45,MA,1
L-01129,google,Unknown,"$250,000 to $499,999",brand,Pacific,,OR,1
L-01130,tiktok,Low Value,"Less than $250,000",retargeting,Pacific,85,OR,0
L-01131,meta,Ideal,"Less than $250,000",prospecting,Arizona,34,AZ,0
L-01132,tiktok,Low Value,"$500,000 to $999,999",retargeting,Eastern,69,GA,0
L-01133,google,Low Value,"Less than $250,000",brand,Eastern,29,NY,0
L-01134,google,Low Value,"$500,000 to $999,999",brand,Eastern,92,FL,0
L-01135,google,High Value,"Less than $250,000",brand,Eastern,66,NJ,0
L-01136,meta,Low Value,"$500,000 to $999,999",brand,Eastern,70,NC,1
L-01137,meta,Low Value,"Less than $250,000",retargeting,Alaska,40,AK,0
L-01138,meta,High Value,"$250,000 to $499,999",organic search,Pacific,8,NV,0
L-01139,google,Ideal,"$5,000,000 to $9,999,999",pmax,Eastern,0,NJ,0
L-01140,bing,Ideal,"$5,000,000 to $9,999,999",ppc,Notify Admin,88,CA,1
L-01141,meta,High Value,"$250,000 to $499,999",organic social,Eastern,41,NJ,0
L-01142,google,Ideal,"$250,000 to $499,999",brand,Hawaii,14,HI,0
L-01143,tiktok,Ideal,"$1,000,000 to $4,999,999",prospecting,Central,82,IL,1
L-01144,meta,Low Value,"Less than $250,000",prospecting,Central,45,IL,0
L-01145,meta,Ideal,"Less than $250,000",organic social,Eastern,76,FL,0
L-01146,google,Low Value,"Less than $250,000",organic search,Eastern,29,FL,0
L-01147,google,High Value,"Less than $250,000",ppc,,26,,0
L-01148,google,Ideal,"$250,000 to $499,999",pmax,Pacific,48,NV,0
L-01149,google,Ideal,"Less than $250,000",prospecting,Eastern,43,FL,0
L-01150,google,Ideal,"$500,000 to $999,999",pmax,Mountain,75,CO,0
L-01151,meta,Low Value,"Less than $250,000",prospecting,Eastern,33,,0
L-01152,tiktok,Low Value,"Less than $250,000",prospecting,Central,67,IL,0
L-01153,tiktok,Ideal,"Less than $250,000",organic social,Central,45,TN,0
L-01154,meta,Low Value,"Less than $250,000",organic social,Pacific,,NV,0
L-01155,google,Ideal,"$500,000 to $999,999",nonbrand,Eastern,100,MA,1
L-01156,meta,Ideal,"Less than $250,000",retargeting,Eastern,61,PA,0
L-01157,bing,High Value,"Less than $250,000",nonbrand,Mountain,57,MT,0
L-01158,tiktok,High Value,"$250,000 to $499,999",prospecting,Arizona,32,AZ,0
L-01159,meta,Low Value,Self-Serve Signup,retargeting,Eastern,45,MI,0
L-01160,google,Ideal,"$500,000 to $999,999",nonbrand,,95,,0
L-01161,tiktok,Ideal,"$250,000 to $499,999",prospecting,Central,37,IL,0
L-01162,google,Low Value,"$1,000,000 to $4,999,999",paid search,Mountain,67,CO,1
L-01163,google,Low Value,"Less than $250,000",organic search,Eastern,10,MA,0
L-01164,meta,Unknown,"$250,000 to $499,999",prospecting,Eastern,40,MA,0
L-01165,meta,Unknown,"$250,000 to $499,999",prospecting,Eastern,29,GA,0
L-01166,google,Low Value,"Less than $250,000",other campaigns,Central,41,IL,0
L-01167,bing,Ideal,"Less than $250,000",organic search,Eastern,18,OH,0
L-01168,meta,Ideal,"Less than $250,000",prospecting,Arizona,74,AZ,1
L-01169,meta,High Value,"Less than $250,000",retargeting,,78,,0
L-01170,google,Low Value,"$500,000 to $999,999",ppc,Eastern,36,,0
L-01171,meta,Low Value,Self-Serve Signup,organic social,Eastern,59,FL,0
L-01172,google,Low Value,"$500,000 to $999,999",cpc,Eastern,64,PA,1
L-01173,google,High Value,"$10,000,000 to $24,999,999",ppc,Pacific,92,CA,1
L-01174,meta,Ideal,"$1,000,000 to $4,999,999",prospecting,Central,,WI,1
L-01175,bing,Ideal,"$500,000 to $999,999",brand,Pacific,49,CA,0
L-01176,meta,Low Value,Self-Serve Signup,prospecting,Pacific,42,CA,1
L-01177,google,High Value,"$1,000,000 to $4,999,999",pmax,Mountain,100,UT,0
L-01178,meta,Low Value,Self-Serve Signup,retargeting,,36,,0
L-01179,meta,Low Value,Self-Serve Signup,retargeting,Eastern,23,FL,0
L-01180,meta,Low Value,Self-Serve Signup,organic social,Pacific,0,CA,0
L-01181,meta,Ideal,"$250,000 to $499,999",retargeting,Eastern,59,GA,0
L-01182,google,Low Value,"Less than $250,000",nonbrand,Pacific,38,NV,0
L-01183,google,Ideal,"Less than $250,000",brand,Eastern,46,PA,0
L-01184,tiktok,Ideal,"Less than $250,000",organic social,Eastern,23,FL,0
L-01185,bing,Ideal,"$250,000 to $499,999",ppc,Eastern,61,MA,0
L-01186,tiktok,Unknown,,retargeting,Pacific,30,NV,1
L-01187,meta,Low Value,"Less than $250,000",retargeting,Arizona,0,AZ,0
L-01188,meta,Ideal,"$10,000,000 to $24,999,999",brand,Central,90,MN,0
L-01189,meta,Low Value,"Less than $250,000",organic social,Pacific,23,WA,0
L-01190,google,High Value,"$500,000 to $999,999",nonbrand,Eastern,89,MI,0
L-01191,meta,Unknown,"Less than $250,000",organic social,Pacific,59,CA,0
L-01192,google,Unknown,"$1,000,000 to $4,999,999",paid search,Pacific,49,CA,1
L-01193,google,Low Value,"$1,000,000 to $4,999,999",cpc,Pacific,45,CA,1
L-01194,meta,Ideal,"Less than $250,000",organic social,Eastern,66,GA,1
L-01195,meta,Low Value,"$5,000,000 to $9,999,999",retargeting,Eastern,44,GA,1
L-01196,bing,Low Value,"Less than $250,000",brand,Eastern,31,FL,0
L-01197,google,Low Value,"$1,000,000 to $4,999,999",nonbrand,Central,74,WI,0
L-01198,meta,Low Value,,nonbrand,Eastern,0,FL,0
L-01199,google,Ideal,"Less than $250,000",prospecting,Eastern,32,NY,0
L-01200,google,Ideal,"$1,000,000 to $4,999,999",brand,Central,52,WI,0
L-01201,google,High Value,"$10,000,000 to $24,999,999",brand,Eastern,65,FL,1
L-01202,meta,Low Value,"$1,000,000 to $4,999,999",prospecting,Eastern,53,OH,0
L-01203,meta,Low Value,"$500,000 to $999,999",organic social,Eastern,58,MA,0
L-01204,google,Ideal,"$5,000,000 to $9,999,999",nonbrand,Eastern,67,NY,1
L-01205,google,High Value,"Less than $250,000",nonbrand,Central,79,MO,0
L-01206,google,High Value,"$5,000,000 to $9,999,999",paid search,Eastern,40,NY,0
L-01207,bing,Low Value,Self-Serve Signup,nonbrand,Eastern,36,FL,0
L-01208,google,Low Value,"Less than $250,000",,Central,66,MN,0
L-01209,meta,Low Value,"Less than $250,000",prospecting,Pacific,45,WA,0
L-01210,google,High Value,"$250,000 to $499,999",brand,Central,57,IL,0
L-01211,google,Ideal,"Less than $250,000",nonbrand,Eastern,77,NC,0
L-01212,tiktok,Low Value,"Less than $250,000",retargeting,Arizona,74,AZ,0
L-01213,bing,Ideal,"$1,000,000 to $4,999,999",nonbrand,Eastern,73,GA,0
L-01214,google,Ideal,"Less than $250,000",paid search,Eastern,40,GA,0
L-01215,meta,Low Value,"$250,000 to $499,999",cpc,Pacific,26,OR,0
L-01216,google,High Value,"$1,000,000 to $4,999,999",brand,Pacific,,CA,0
L-01217,meta,Low Value,"Less than $250,000",cpc,Eastern,42,FL,0
L-01218,tiktok,Low Value,"$500,000 to $999,999",organic social,Alaska,53,AK,1
L-01219,meta,Low Value,"$1,000,000 to $4,999,999",prospecting,Pacific,55,WA,0
L-01220,google,Low Value,"Less than $250,000",nonbrand,Eastern,63,GA,0
L-01221,meta,Low Value,"Less than $250,000",retargeting,Central,23,TX,0
L-01222,tiktok,Low Value,"$250,000 to $499,999",organic social,Eastern,61,NY,0
L-01223,google,High Value,"$1,000,000 to $4,999,999",cpc,Central,52,TX,0
L-01224,meta,Low Value,"$250,000 to $499,999",prospecting,Pacific,9,OR,0
L-01225,meta,Low Value,"Less than $250,000",prospecting,Eastern,23,NY,0
L-01226,meta,Low Value,"Less than $250,000",prospecting,Central,88,,1
L-01227,google,High Value,"$500,000 to $999,999",brand,Eastern,95,VA,0
L-01228,google,Low Value,"Less than $250,000",ppc,Pacific,25,CA,0
L-01229,google,Low Value,"$500,000 to $999,999",organic search,Central,25,IL,0
L-01230,google,Ideal,"$250,000 to $499,999",nonbrand,Eastern,77,FL,0
L-01231,google,Low Value,"Less than $250,000",brand,Eastern,56,NC,1
L-01232,google,Low Value,"$250,000 to $499,999",paid search,Pacific,51,WA,0
L-01233,meta,High Value,"$1,000,000 to $4,999,999",prospecting,Eastern,,FL,1
L-01234,google,Ideal,"$500,000 to $999,999",brand,Pacific,77,WA,0
L-01235,google,Ideal,"$5,000,000 to $9,999,999",brand,Eastern,76,NY,1
L-01236,meta,High Value,"$1,000,000 to $4,999,999",retargeting,Pacific,66,CA,0
L-01237,google,Unknown,"$500,000 to $999,999",paid search,Central,92,TX,0
L-01238,google,High Value,"$10,000,000 to $24,999,999",pmax,,5,,0
L-01239,meta,Low Value,"$250,000 to $499,999",retargeting,,31,,0
L-01240,google,Ideal,"$500,000 to $999,999",expired or invalid attributer license,Eastern,73,FL,1
L-01241,bing,Low Value,"Less than $250,000",brand,Eastern,74,FL,0
L-01242,bing,High Value,"$250,000 to $499,999",cpc,Central,58,WI,1
L-01243,bing,Ideal,"Less than $250,000",nonbrand,Eastern,36,NY,0
L-01244,google,Unknown,"$10,000,000 to $24,999,999",brand,Pacific,64,NV,1
L-01245,tiktok,Ideal,"$1,000,000 to $4,999,999",organic social,Central,100,WI,0
L-01246,meta,Ideal,"$1,000,000 to $4,999,999",prospecting,Eastern,50,FL,1
L-01247,meta,Low Value,"$250,000 to $499,999",retargeting,Pacific,35,OR,0
L-01248,google,Low Value,"Less than $250,000",prospecting,,69,,0
L-01249,google,Low Value,"$500,000 to $999,999",ppc,Eastern,79,FL,1
L-01250,tiktok,Unknown,"$250,000 to $499,999",brand,Eastern,25,NY,0
L-01251,google,Low Value,"Less than $250,000",brand,Eastern,74,MA,0
L-01252,google,Low Value,"$1,000,000 to $4,999,999",brand,Central,91,TX,0
L-01253,meta,Ideal,"$250,000 to $499,999",retargeting,Pacific,34,CA,0
L-01254,meta,Low Value,"Less than $250,000",retargeting,Eastern,38,VA,0
L-01255,meta,Low Value,"Less than $250,000",prospecting,Central,34,TX,0
L-01256,meta,Low Value,"Less than $250,000",retargeting,Eastern,3,PA,0
L-01257,tiktok,High Value,"Less than $250,000",prospecting,Eastern,85,NC,1
L-01258,bing,Ideal,"$250,000 to $499,999",brand,Central,57,TX,1
L-01259,tiktok,Ideal,"$1,000,000 to $4,999,999",organic social,Central,51,IL,0
L-01260,google,Low Value,Self-Serve Signup,brand,Central,22,LA,0
L-01261,meta,Ideal,"$5,000,000 to $9,999,999",organic social,Eastern,59,MI,1
L-01262,tiktok,Ideal,"$10,000,000 to $24,999,999",organic social,Eastern,88,MA,1
L-01263,google,Unknown,"$250,000 to $499,999",cpc,Eastern,68,NJ,0
L-01264,meta,Low Value,"$500,000 to $999,999",retargeting,Eastern,57,MA,0
L-01265,bing,Unknown,"$1,000,000 to $4,999,999",paid search,Eastern,38,FL,0
L-01266,tiktok,Low Value,"$250,000 to $499,999",prospecting,Central,10,TN,0
L-01267,meta,High Value,"$5,000,000 to $9,999,999",ppc,Eastern,98,GA,1
L-01268,meta,Low Value,"Less than $250,000",prospecting,,79,,0
L-01269,bing,High Value,"$1,000,000 to $4,999,999",nonbrand,Eastern,100,GA,0
L-01270,google,Low Value,"Less than $250,000",brand,Eastern,80,PA,0
L-01271,meta,Ideal,"Less than $250,000",retargeting,Eastern,100,FL,0
L-01272,tiktok,Low Value,"Less than $250,000",,Pacific,40,NV,0
L-01273,google,Low Value,"Less than $250,000",nonbrand,Eastern,26,GA,0
L-01274,google,High Value,"$1,000,000 to $4,999,999",paid search,Eastern,100,MI,1
L-01275,google,Ideal,"$1,000,000 to $4,999,999",brand,Eastern,74,FL,0
L-01276,google,Ideal,"$1,000,000 to $4,999,999",brand,Central,79,MN,1
L-01277,google,Low Value,"$500,000 to $999,999",prospecting,Central,57,IL,1
L-01278,bing,Ideal,"$10,000,000 to $24,999,999",paid search,Pacific,25,WA,1
L-01279,bing,High Value,"$1,000,000 to $4,999,999",nonbrand,Eastern,84,PA,1
L-01280,google,Unknown,"Less than $250,000",paid search,Mountain,0,MT,0
L-01281,google,Low Value,"$500,000 to $999,999",paid search,Central,81,TX,1
L-01282,meta,Low Value,"Less than $250,000",prospecting,Pacific,30,OR,0
L-01283,tiktok,High Value,"$5,000,000 to $9,999,999",prospecting,Pacific,98,WA,0
L-01284,google,Low Value,"Less than $250,000",paid search,Eastern,82,OH,0
L-01285,bing,Unknown,"$1,000,000 to $4,999,999",paid search,Eastern,92,NY,1
L-01286,tiktok,High Value,"$500,000 to $999,999",nonbrand,Eastern,61,PA,0
L-01287,meta,Ideal,"Less than $250,000",prospecting,Eastern,42,GA,0
L-01288,meta,Low Value,,prospecting,Pacific,35,WA,0
L-01289,tiktok,Ideal,"$250,000 to $499,999",brand,Eastern,62,FL,0
L-01290,bing,Low Value,"$250,000 to $499,999",ppc,Eastern,29,OH,0
L-01291,bing,Ideal,"Less than $250,000",cpc,Eastern,40,OH,0
L-01292,meta,Low Value,"Less than $250,000",nonbrand,Central,45,MN,1
L-01293,meta,Low Value,"Less than $250,000",retargeting,Eastern,50,NY,1
L-01294,tiktok,High Value,"$500,000 to $999,999",organic social,Eastern,98,NC,1
L-01295,google,High Value,"$5,000,000 to $9,999,999",nonbrand,Central,67,TX,0
L-01296,meta,Low Value,"$250,000 to $499,999",organic social,Eastern,0,NC,0
L-01297,google,Low Value,"Less than $250,000",cpc,Eastern,20,NJ,0
L-01298,bing,Low Value,"$500,000 to $999,999",brand,Mountain,55,CO,0
L-01299,bing,Low Value,"Less than $250,000",pmax,Eastern,11,MI,1
L-01300,google,Ideal,"$5,000,000 to $9,999,999",nonbrand,Eastern,78,PA,1
L-01301,tiktok,Low Value,"$250,000 to $499,999",organic social,Eastern,26,NY,0
L-01302,tiktok,Low Value,"Less than $250,000",prospecting,Eastern,9,FL,0
L-01303,google,Low Value,"Less than $250,000",nonbrand,Eastern,61,PA,0
L-01304,tiktok,Low Value,"Less than $250,000",retargeting,Eastern,42,PA,0
L-01305,meta,Low Value,"Less than $250,000",prospecting,,12,,0
L-01306,tiktok,Low Value,"Less than $250,000",prospecting,Eastern,61,NY,0
L-01307,meta,Low Value,"$500,000 to $999,999",prospecting,Arizona,100,AZ,1
L-01308,google,Unknown,"$1,000,000 to $4,999,999",paid search,Central,31,LA,1
L-01309,google,Low Value,"Less than $250,000",brand,Eastern,56,NC,0
L-01310,bing,High Value,"Less than $250,000",,Central,33,MN,0
L-01311,google,Ideal,"Less than $250,000",pmax,Pacific,42,CA,0
L-01312,google,High Value,"$500,000 to $999,999",brand,Central,54,TX,0
L-01313,google,High Value,"$250,000 to $499,999",brand,Eastern,84,GA,0
L-01314,bing,Low Value,"$5,000,000 to $9,999,999",brand,Central,41,IL,0
L-01315,bing,High Value,"$5,000,000 to $9,999,999",paid search,Eastern,52,GA,0
L-01316,meta,High Value,"$500,000 to $999,999",retargeting,Eastern,85,NY,1
L-01317,tiktok,Ideal,"Less than $250,000",retargeting,Eastern,73,MA,0
L-01318,google,Low Value,"$5,000,000 to $9,999,999",cpc,Pacific,100,CA,0
L-01319,google,Ideal,"$250,000 to $499,999",paid search,Central,69,TN,0
L-01320,google,Low Value,"Less than $250,000",paid search,Eastern,43,NY,0
L-01321,meta,Low Value,"Less than $250,000",prospecting,Pacific,85,WA,0
L-01322,google,Unknown,,paid search,,55,,0
L-01323,meta,Low Value,"Less than $250,000",retargeting,Eastern,48,NJ,0
L-01324,bing,High Value,"$1,000,000 to $4,999,999",nonbrand,Pacific,66,WA,0
L-01325,bing,Low Value,"Less than $250,000",brand,Central,35,TX,0
L-01326,bing,Ideal,"$10,000,000 to $24,999,999",nonbrand,Central,100,MO,0
L-01327,google,Ideal,"$250,000 to $499,999",,Central,48,MN,0
L-01328,google,Low Value,"Less than $250,000",brand,Eastern,6,GA,0
L-01329,bing,Ideal,"$500,000 to $999,999",nonbrand,Pacific,28,CA,0
L-01330,meta,Low Value,"Less than $250,000",brand,Pacific,51,OR,0
L-01331,tiktok,Low Value,"Less than $250,000",brand,Eastern,49,FL,0
L-01332,google,Low Value,"$500,000 to $999,999",brand,Central,37,TX,0
L-01333,tiktok,Low Value,"Less than $250,000",prospecting,Eastern,10,VA,0
L-01334,google,Ideal,"Less than $250,000",brand,Eastern,99,NC,1
L-01335,meta,Low Value,"Less than $250,000",prospecting,Central,64,IL,0
L-01336,google,Low Value,"Less than $250,000",nonbrand,Pacific,59,CA,0
L-01337,meta,Low Value,"$250,000 to $499,999",,Eastern,60,FL,1
L-01338,google,Ideal,"$5,000,000 to $9,999,999",brand,Eastern,69,PA,1
L-01339,google,Low Value,"Less than $250,000",cpc,Eastern,31,NY,0
L-01340,bing,Low Value,"$1,000,000 to $4,999,999",nonbrand,Eastern,0,GA,0
L-01341,google,Low Value,"Less than $250,000",nonbrand,Central,21,TX,0
L-01342,google,Ideal,"$1,000,000 to $4,999,999",organic search,Eastern,59,NJ,0
L-01343,google,Ideal,"$250,000 to $499,999",brand,Eastern,24,PA,0
L-01344,google,High Value,"$10,000,000 to $24,999,999",brand,Central,57,IL,0
L-01345,bing,High Value,"$500,000 to $999,999",ppc,Central,56,WI,1
L-01346,meta,High Value,"$500,000 to $999,999",brand,Eastern,34,NC,1
L-01347,tiktok,High Value,"$1,000,000 to $4,999,999",prospecting,Eastern,56,NY,0
L-01348,tiktok,Low Value,"$500,000 to $999,999",organic social,Central,7,TX,0
L-01349,meta,Low Value,"$500,000 to $999,999",cpc,Pacific,42,CA,0
L-01350,meta,High Value,"$5,000,000 to $9,999,999",organic search,Central,,IL,0
L-01351,google,Ideal,"Less than $250,000",nonbrand,Central,100,TN,1
L-01352,google,Unknown,"Less than $250,000",paid search,Central,100,TX,0
L-01353,google,Low Value,"Less than $250,000",ppc,Pacific,30,OR,0
L-01354,bing,Low Value,"$1,000,000 to $4,999,999",cpc,Eastern,78,FL,0
L-01355,google,Low Value,"$5,000,000 to $9,999,999",nonbrand,Pacific,83,WA,0
L-01356,meta,Ideal,"$1,000,000 to $4,999,999",organic social,Pacific,78,WA,1
L-01357,google,Unknown,"$1,000,000 to $4,999,999",ppc,Eastern,68,PA,0
L-01358,google,Low Value,"Less than $250,000",prospecting,Central,54,MO,0
L-01359,google,Ideal,"$5,000,000 to $9,999,999",paid search,Central,96,TX,0
L-01360,meta,Low Value,"Less than $250,000",,Pacific,44,WA,0
L-01361,google,High Value,"Less than $250,000",organic search,Eastern,52,NY,0
L-01362,google,High Value,"$250,000 to $499,999",paid search,Eastern,55,FL,0
L-01363,google,Low Value,"Less than $250,000",cpc,,7,,0
L-01364,meta,Low Value,"$500,000 to $999,999",organic social,Pacific,28,CA,1
L-01365,meta,Low Value,"$10,000,000 to $24,999,999",prospecting,Eastern,77,NY,0
L-01366,bing,Low Value,"Less than $250,000",nonbrand,Central,51,TN,0
L-01367,google,Ideal,"$500,000 to $999,999",nonbrand,Central,52,IL,1
L-01368,meta,Unknown,"Less than $250,000",organic social,Pacific,,CA,0
L-01369,google,Ideal,"$1,000,000 to $4,999,999",brand,Eastern,97,PA,1
L-01370,tiktok,Low Value,"$1,000,000 to $4,999,999",retargeting,Central,45,MO,1
L-01371,meta,Unknown,"$1,000,000 to $4,999,999",retargeting,Eastern,0,NJ,0
L-01372,google,Low Value,"$1,000,000 to $4,999,999",ppc,Mountain,94,UT,0
L-01373,google,High Value,"$500,000 to $999,999",nonbrand,Eastern,44,NY,1
L-01374,google,Ideal,"$10,000,000 to $24,999,999",ppc,Pacific,95,WA,0
L-01375,tiktok,Unknown,"$250,000 to $499,999",retargeting,Eastern,45,VA,0
L-01376,google,Ideal,"$500,000 to $999,999",paid search,Eastern,59,FL,0
L-01377,tiktok,Low Value,"Less than $250,000",brand,Central,52,TN,0
L-01378,tiktok,Ideal,"$500,000 to $999,999",nonbrand,Central,60,MO,1
L-01379,google,Low Value,"$1,000,000 to $4,999,999",nonbrand,Eastern,65,MA,0
L-01380,google,Low Value,Self-Serve Signup,brand,Eastern,10,NJ,0
L-01381,google,Ideal,"$1,000,000 to $4,999,999",organic search,,61,,0
L-01382,bing,Low Value,"$250,000 to $499,999",nonbrand,Pacific,0,CA,1
L-01383,meta,Unknown,"$500,000 to $999,999",prospecting,Mountain,33,CO,1
L-01384,meta,Ideal,Self-Serve Signup,prospecting,Mountain,54,UT,0
L-01385,bing,High Value,"$500,000 to $999,999",paid search,Eastern,43,NC,0
L-01386,google,Low Value,Self-Serve Signup,paid search,Eastern,7,FL,0
L-01387,google,Ideal,"Less than $250,000",brand,Eastern,79,OH,0
L-01388,meta,Unknown,"Less than $250,000",organic social,Eastern,27,NY,0
L-01389,google,Ideal,"Less than $250,000",brand,Eastern,27,,0
L-01390,meta,Unknown,"Less than $250,000",pmax,Hawaii,,HI,1
L-01391,google,Low Value,"$250,000 to $499,999",paid search,Pacific,88,OR,1
L-01392,meta,Ideal,"$250,000 to $499,999",prospecting,Hawaii,34,HI,1
L-01393,bing,Low Value,Self-Serve Signup,nonbrand,Central,52,TX,0
L-01394,bing,High Value,"$5,000,000 to $9,999,999",brand,Central,67,MO,1
L-01395,google,Low Value,"Less than $250,000",cpc,Central,64,IL,0
L-01396,google,Unknown,"$1,000,000 to $4,999,999",paid search,Central,52,IL,0
L-01397,meta,Low Value,"$250,000 to $499,999",prospecting,Eastern,68,OH,0
L-01398,tiktok,Low Value,"$250,000 to $499,999",cpc,Eastern,33,NC,0
L-01399,meta,Unknown,"$500,000 to $999,999",organic social,Central,74,TX,0
L-01400,bing,Low Value,"Less than $250,000",nonbrand,Eastern,39,MA,0
L-01401,meta,Unknown,"Less than $250,000",prospecting,Eastern,27,PA,0
L-01402,meta,Low Value,"Less than $250,000",organic social,Eastern,36,MA,0
L-01403,google,High Value,"$500,000 to $999,999",nonbrand,,85,,0
L-01404,meta,Low Value,"Less than $250,000",organic social,Eastern,0,NY,0
L-01405,bing,Low Value,"$250,000 to $499,999",organic search,Pacific,4,CA,0
L-01406,google,Unknown,"$1,000,000 to $4,999,999",paid search,Notify Admin,66,NC,0
L-01407,meta,Low Value,"$250,000 to $499,999",brand,Central,24,MO,0
L-01408,google,Low Value,"Less than $250,000",cpc,Pacific,36,CA,0
L-01409,meta,Unknown,"Less than $250,000",organic social,Central,55,IL,0
L-01410,meta,Low Value,"$500,000 to $999,999",retargeting,Pacific,55,CA,0
L-01411,tiktok,Low Value,"$250,000 to $499,999",prospecting,Pacific,53,WA,0
L-01412,meta,Low Value,"Less than $250,000",retargeting,Pacific,,CA,0
L-01413,bing,High Value,,nonbrand,Central,84,MO,0
L-01414,meta,High Value,"Less than $250,000",organic social,Eastern,100,MI,0
L-01415,tiktok,Low Value,"$500,000 to $999,999",prospecting,Eastern,100,GA,0
L-01416,google,Low Value,"Less than $250,000",brand,Eastern,30,MA,0
L-01417,google,Unknown,"Less than $250,000",organic search,Eastern,32,NY,0
L-01418,bing,Low Value,"Less than $250,000",paid search,Central,28,IL,0
L-01419,tiktok,Low Value,Self-Serve Signup,organic social,Eastern,34,,0
L-01420,meta,Ideal,"$1,000,000 to $4,999,999",cpc,Eastern,49,NY,0
L-01421,meta,Low Value,"Less than $250,000",organic social,Central,62,TN,0
L-01422,google,High Value,"$5,000,000 to $9,999,999",,Central,96,IL,1
L-01423,google,Ideal,"Less than $250,000",paid search,Eastern,32,NC,0
L-01424,meta,Ideal,"Less than $250,000",paid search,Eastern,0,NJ,0
L-01425,meta,Low Value,"Less than $250,000",organic social,Central,75,IL,0
L-01426,google,Low Value,"$1,000,000 to $4,999,999",paid search,Alaska,36,AK,0
L-01427,google,Ideal,,brand,Pacific,65,CA,0
L-01428,meta,Low Value,"Less than $250,000",prospecting,Eastern,,NY,1
L-01429,bing,Ideal,"Less than $250,000",retargeting,Mountain,75,MT,1
L-01430,google,Low Value,"Less than $250,000",brand,Pacific,46,CA,1
L-01431,meta,Unknown,"$250,000 to $499,999",retargeting,Central,52,MO,0
L-01432,bing,Ideal,"Less than $250,000",cpc,Eastern,15,GA,1
L-01433,google,Low Value,,paid search,Arizona,43,AZ,0
L-01434,meta,Ideal,Self-Serve Signup,prospecting,Eastern,17,MA,0
L-01435,google,High Value,"$250,000 to $499,999",ppc,Eastern,79,NJ,1
L-01436,google,Ideal,"$250,000 to $499,999",paid search,Eastern,80,OH,0
L-01437,bing,Unknown,"Less than $250,000",nonbrand,Eastern,26,NY,0
L-01438,meta,Low Value,"Less than $250,000",organic social,Eastern,42,NC,0
L-01439,meta,High Value,"$10,000,000 to $24,999,999",nonbrand,Eastern,73,MA,0
L-01440,meta,Low Value,"Less than $250,000",prospecting,Central,,TX,0
L-01441,google,Unknown,"$500,000 to $999,999",paid search,Central,94,TN,1
L-01442,bing,Ideal,"$250,000 to $499,999",cpc,Eastern,67,NJ,0
L-01443,google,High Value,Self-Serve Signup,paid search,Eastern,70,NJ,0
L-01444,meta,Low Value,"$10,000,000 to $24,999,999",organic social,Pacific,59,OR,0
L-01445,bing,High Value,"$5,000,000 to $9,999,999",nonbrand,Eastern,100,NJ,0
L-01446,meta,Ideal,"$250,000 to $499,999",organic social,Central,27,TX,0
L-01447,google,Low Value,"Less than $250,000",retargeting,Eastern,0,OH,0
L-01448,meta,Low Value,Self-Serve Signup,retargeting,Pacific,54,CA,0
L-01449,google,High Value,"$10,000,000 to $24,999,999",paid search,Mountain,57,CO,1
L-01450,tiktok,Ideal,"$1,000,000 to $4,999,999",prospecting,Pacific,83,WA,1
L-01451,google,Low Value,,nonbrand,Eastern,44,GA,0
L-01452,google,Unknown,"Less than $250,000",brand,,,,0
L-01453,google,Low Value,"$500,000 to $999,999",paid search,Arizona,73,,0
L-01454,google,Low Value,"Less than $250,000",cpc,Eastern,,NY,0
L-01455,tiktok,High Value,"$250,000 to $499,999",organic social,Central,49,MN,0
L-01456,google,Low Value,"Less than $250,000",pmax,Central,44,MO,0
L-01457,meta,Low Value,"Less than $250,000",prospecting,Eastern,17,PA,0
L-01458,meta,Low Value,"$250,000 to $499,999",cpc,Eastern,25,NC,0
L-01459,meta,Low Value,"Less than $250,000",organic social,Eastern,0,VA,0
L-01460,google,Unknown,"$250,000 to $499,999",brand,Eastern,62,PA,0
L-01461,meta,Low Value,"Less than $250,000",organic social,Arizona,39,AZ,1
L-01462,meta,High Value,"$500,000 to $999,999",organic social,Central,99,LA,0
L-01463,google,Low Value,"Less than $250,000",brand,Pacific,23,WA,1
L-01464,meta,Unknown,"$250,000 to $499,999",,,56,,0
L-01465,google,Ideal,"$5,000,000 to $9,999,999",paid search,Eastern,66,NY,0
L-01466,bing,Low Value,"Less than $250,000",nonbrand,Eastern,11,NY,0
L-01467,meta,High Value,"Less than $250,000",nonbrand,Central,20,MO,0
L-01468,google,High Value,"Less than $250,000",prospecting,Pacific,67,NV,0
L-01469,google,High Value,"$1,000,000 to $4,999,999",cpc,Pacific,75,CA,0
L-01470,google,Unknown,"$1,000,000 to $4,999,999",brand,Eastern,66,PA,0
L-01471,google,Low Value,"Less than $250,000",nonbrand,Eastern,63,PA,0
L-01472,google,Ideal,"Less than $250,000",nonbrand,Central,72,TN,1
L-01473,google,Low Value,"Less than $250,000",brand,Eastern,44,PA,1
L-01474,google,Low Value,"Less than $250,000",cpc,Pacific,51,OR,0
L-01475,bing,High Value,"$1,000,000 to $4,999,999",paid search,Pacific,80,CA,1
L-01476,google,Low Value,"Less than $250,000",brand,Central,32,IL,0
L-01477,meta,Low Value,"$5,000,000 to $9,999,999",retargeting,Eastern,33,PA,0
L-01478,google,Low Value,"Less than $250,000",pmax,Central,35,WI,0
L-01479,meta,Low Value,,organic social,Eastern,0,VA,0
L-01480,meta,Ideal,"$10,000,000 to $24,999,999",prospecting,Central,100,IL,1
L-01481,meta,Ideal,"$250,000 to $499,999",retargeting,Eastern,84,GA,1
L-01482,meta,Unknown,"$250,000 to $499,999",nonbrand,Eastern,55,,0
L-01483,google,Ideal,"$500,000 to $999,999",ppc,Central,16,TX,0
L-01484,google,High Value,"Less than $250,000",brand,Eastern,45,OH,0
L-01485,meta,Low Value,"Less than $250,000",organic social,Eastern,42,FL,0
L-01486,tiktok,Low Value,"Less than $250,000",retargeting,Hawaii,64,HI,1
L-01487,google,Ideal,"$250,000 to $499,999",nonbrand,Eastern,87,MI,1
L-01488,google,Ideal,"Less than $250,000",cpc,Hawaii,52,HI,0
L-01489,google,Low Value,"$250,000 to $499,999",paid search,Eastern,53,GA,0
L-01490,meta,Low Value,Self-Serve Signup,prospecting,Eastern,18,NJ,0
L-01491,google,Low Value,"$500,000 to $999,999",,Central,31,IL,0
L-01492,google,High Value,"$1,000,000 to $4,999,999",brand,Pacific,40,OR,0
L-01493,google,Unknown,"$500,000 to $999,999",cpc,Central,31,MO,0
L-01494,bing,High Value,"$10,000,000 to $24,999,999",paid search,Hawaii,100,HI,1
L-01495,meta,Low Value,"$250,000 to $499,999",organic social,Pacific,46,OR,0
L-01496,bing,Low Value,"Less than $250,000",nonbrand,Mountain,89,UT,1
L-01497,tiktok,Low Value,"$250,000 to $499,999",organic social,Pacific,64,CA,0
L-01498,meta,Low Value,"Less than $250,000",retargeting,Central,13,MN,0
L-01499,meta,Low Value,"Less than $250,000",prospecting,Eastern,50,GA,0
L-01500,google,High Value,"$500,000 to $999,999",nonbrand,Pacific,78,OR,1
L-01501,tiktok,Low Value,"$500,000 to $999,999",organic social,Central,57,TX,1
L-01502,google,Unknown,"$250,000 to $499,999",paid search,Eastern,43,NY,0
L-01503,google,Low Value,"Less than $250,000",nonbrand,Central,13,IL,1
L-01504,google,Low Value,"Less than $250,000",cpc,Central,44,IL,0
L-01505,meta,Low Value,"$500,000 to $999,999",retargeting,Central,64,TX,0
L-01506,meta,Low Value,"Less than $250,000",organic social,Eastern,59,VA,0
L-01507,bing,Ideal,"$250,000 to $499,999",retargeting,Eastern,64,MA,1
L-01508,tiktok,Low Value,"$250,000 to $499,999",organic social,Pacific,22,CA,0
L-01509,meta,Ideal,"$250,000 to $499,999",organic social,Eastern,35,NC,0
L-01510,google,Low Value,"$250,000 to $499,999",pmax,Eastern,0,GA,0
L-01511,tiktok,Low Value,"Less than $250,000",retargeting,Eastern,60,MI,0
L-01512,meta,Low Value,"$250,000 to $499,999",organic social,Eastern,47,NY,0
L-01513,google,Ideal,"$10,000,000 to $24,999,999",paid search,Eastern,53,GA,0
L-01514,meta,High Value,"$1,000,000 to $4,999,999",retargeting,Pacific,76,WA,1
L-01515,bing,Ideal,"$10,000,000 to $24,999,999",brand,Central,84,IL,1
L-01516,meta,Low Value,"$500,000 to $999,999",organic social,Central,34,TX,0
L-01517,tiktok,High Value,"Less than $250,000",nonbrand,Eastern,97,NY,1
L-01518,bing,Ideal,"Less than $250,000",paid search,Central,59,TX,1
L-01519,google,Low Value,"$500,000 to $999,999",cpc,Eastern,52,OH,1
L-01520,meta,Low Value,"$5,000,000 to $9,999,999",ppc,Eastern,39,NJ,0
L-01521,bing,Low Value,"$250,000 to $499,999",ppc,Eastern,62,GA,0
L-01522,tiktok,Ideal,"$500,000 to $999,999",prospecting,Pacific,100,CA,1
L-01523,tiktok,Low Value,,organic social,Central,,MN,0
L-01524,google,Low Value,"$5,000,000 to $9,999,999",cpc,Central,91,IL,0
L-01525,meta,High Value,"$500,000 to $999,999",organic social,Eastern,94,PA,0
L-01526,tiktok,Low Value,"Less than $250,000",,Central,80,TX,0
L-01527,google,Ideal,"Less than $250,000",cpc,Central,33,MO,0
L-01528,google,Ideal,"$500,000 to $999,999",nonbrand,Pacific,79,OR,1
L-01529,tiktok,Ideal,"Less than $250,000",prospecting,Central,78,MO,0
L-01530,google,Low Value,"Less than $250,000",nonbrand,Eastern,19,OH,0
L-01531,google,High Value,"$250,000 to $499,999",paid search,Mountain,,CO,0
L-01532,bing,High Value,"$1,000,000 to $4,999,999",nonbrand,Eastern,20,OH,0
L-01533,google,Ideal,"$1,000,000 to $4,999,999",brand,Eastern,100,OH,1
L-01534,google,Low Value,"$250,000 to $499,999",nonbrand,Eastern,33,MI,0
L-01535,google,Ideal,"$250,000 to $499,999",nonbrand,Pacific,77,CA,0
L-01536,meta,High Value,"Less than $250,000",organic social,Central,21,MN,0
L-01537,bing,Low Value,"$250,000 to $499,999",brand,,79,,0
L-01538,meta,Low Value,"Less than $250,000",prospecting,Eastern,48,NC,0
L-01539,google,High Value,"$250,000 to $499,999",paid search,Eastern,83,MA,1
L-01540,meta,Ideal,"$250,000 to $499,999",retargeting,Central,72,MN,0
L-01541,google,Low Value,"$500,000 to $999,999",cpc,Mountain,29,MT,1
L-01542,google,Low Value,"$1,000,000 to $4,999,999",prospecting,Mountain,23,MT,0
L-01543,meta,Ideal,"Less than $250,000",prospecting,Pacific,21,,0
L-01544,google,Low Value,"$250,000 to $499,999",paid search,Eastern,57,OH,0
L-01545,google,Ideal,"$500,000 to $999,999",organic search,Eastern,60,VA,0
L-01546,google,High Value,"$5,000,000 to $9,999,999",brand,Central,100,WI,1
L-01547,meta,High Value,"$1,000,000 to $4,999,999",organic social,Central,79,MN,1
L-01548,tiktok,Ideal,"Less than $250,000",prospecting,Eastern,20,VA,0
L-01549,meta,Low Value,"Less than $250,000",prospecting,Pacific,51,NV,0
L-01550,meta,Ideal,"Less than $250,000",organic social,Eastern,32,OH,0
L-01551,meta,Low Value,"$1,000,000 to $4,999,999",prospecting,Central,65,TX,0
L-01552,google,Ideal,"$1,000,000 to $4,999,999",organic search,Eastern,0,GA,0
L-01553,meta,High Value,"$500,000 to $999,999",ppc,Central,72,MN,0
L-01554,meta,Low Value,"Less than $250,000",prospecting,Eastern,78,OH,0
L-01555,bing,High Value,"Less than $250,000",nonbrand,Eastern,17,PA,0
L-01556,meta,Low Value,"Less than $250,000",prospecting,Eastern,36,OH,0
L-01557,tiktok,Low Value,"Less than $250,000",prospecting,Pacific,25,OR,0
L-01558,meta,Low Value,"$500,000 to $999,999",retargeting,Central,33,TX,0
L-01559,meta,Ideal,"Less than $250,000",prospecting,Eastern,44,FL,0
L-01560,meta,Ideal,"$250,000 to $499,999",retargeting,Pacific,47,CA,0
L-01561,tiktok,Low Value,"$500,000 to $999,999",prospecting,,58,,0
L-01562,google,Low Value,"Less than $250,000",nonbrand,Arizona,84,AZ,1
L-01563,google,Low Value,"$250,000 to $499,999",paid search,Eastern,8,MA,0
L-01564,meta,Low Value,"$500,000 to $999,999",,Eastern,38,GA,0
L-01565,meta,Low Value,"Less than $250,000",retargeting,Eastern,67,GA,0
L-01566,meta,Low Value,"Less than $250,000",prospecting,Central,5,MN,0
L-01567,meta,Low Value,Self-Serve Signup,,Central,0,IL,1
L-01568,tiktok,Low Value,"Less than $250,000",prospecting,Pacific,0,WA,0
L-01569,bing,High Value,"$10,000,000 to $24,999,999",pmax,,100,,0
L-01570,meta,Low Value,"Less than $250,000",prospecting,Pacific,23,CA,0
L-01571,google,Low Value,"Less than $250,000",organic search,Eastern,,MI,0
L-01572,tiktok,Low Value,Self-Serve Signup,organic social,Eastern,0,GA,0
L-01573,tiktok,Low Value,"$1,000,000 to $4,999,999",prospecting,Eastern,0,OH,0
L-01574,tiktok,Low Value,Self-Serve Signup,prospecting,Central,0,TX,0
L-01575,google,High Value,"$500,000 to $999,999",cpc,Eastern,68,FL,0
L-01576,google,Ideal,"$1,000,000 to $4,999,999",brand,Central,73,TN,0
L-01577,google,Ideal,"$500,000 to $999,999",paid search,Eastern,100,GA,1
L-01578,google,Low Value,"$250,000 to $499,999",pmax,Mountain,60,UT,0
L-01579,google,Low Value,"$1,000,000 to $4,999,999",cpc,Pacific,9,CA,0
L-01580,tiktok,High Value,"Less than $250,000",prospecting,Eastern,56,NY,0
L-01581,tiktok,Low Value,"$1,000,000 to $4,999,999",retargeting,Central,59,TN,0
L-01582,meta,Low Value,"$250,000 to $499,999",retargeting,Pacific,7,CA,0
L-01583,google,Low Value,Self-Serve Signup,paid search,Central,17,TX,0
L-01584,meta,Low Value,"Less than $250,000",prospecting,Pacific,89,CA,0
L-01585,google,Ideal,"$1,000,000 to $4,999,999",brand,Pacific,56,WA,0
L-01586,google,Low Value,"$250,000 to $499,999",brand,Eastern,1,FL,0
L-01587,meta,Low Value,"Less than $250,000",nonbrand,Central,14,IL,0
L-01588,google,Ideal,"Less than $250,000",brand,Eastern,13,FL,0
L-01589,meta,Low Value,"Less than $250,000",nonbrand,Central,16,TX,0
L-01590,bing,Low Value,"$5,000,000 to $9,999,999",nonbrand,Eastern,52,MI,0
L-01591,meta,Ideal,"$250,000 to $499,999",prospecting,Central,74,MN,0
L-01592,meta,Low Value,"Less than $250,000",organic social,Alaska,,AK,0
L-01593,google,Ideal,"$1,000,000 to $4,999,999",nonbrand,Pacific,26,CA,1
L-01594,bing,Low Value,"$250,000 to $499,999",paid search,Eastern,52,GA,1
L-01595,bing,Low Value,"Less than $250,000",brand,Eastern,28,NY,0
L-01596,google,High Value,"$1,000,000 to $4,999,999",cpc,Eastern,87,FL,1
L-01597,google,Low Value,"Less than $250,000",cpc,Eastern,0,OH,0
L-01598,meta,Low Value,"Less than $250,000",organic social,Eastern,28,,0
L-01599,tiktok,Ideal,"Less than $250,000",prospecting,Pacific,0,WA,0
L-01600,google,Ideal,"Less than $250,000",nonbrand,Pacific,72,CA,0
L-01601,meta,Low Value,"Less than $250,000",prospecting,Pacific,,WA,0
L-01602,google,High Value,"$1,000,000 to $4,999,999",cpc,Eastern,100,NY,1
L-01603,google,Low Value,"$500,000 to $999,999",brand,Eastern,85,OH,1
L-01604,meta,Low Value,Self-Serve Signup,prospecting,Central,6,IL,0
L-01605,meta,Low Value,"Less than $250,000",pmax,Arizona,35,AZ,0
L-01606,meta,Low Value,"Less than $250,000",organic social,Eastern,48,VA,0
L-01607,google,High Value,"$1,000,000 to $4,999,999",nonbrand,Mountain,80,UT,0
L-01608,meta,Low Value,"$1,000,000 to $4,999,999",organic social,Eastern,12,,0
L-01609,meta,Low Value,"Less than $250,000",organic social,Central,0,TN,0
L-01610,google,High Value,"Less than $250,000",brand,Mountain,62,CO,0
L-01611,google,High Value,"Less than $250,000",paid search,Central,77,TX,0
L-01612,google,Low Value,"Less than $250,000",,Mountain,,CO,0
L-01613,google,Ideal,"Less than $250,000",ppc,Eastern,52,PA,1
L-01614,meta,Ideal,"$1,000,000 to $4,999,999",retargeting,Central,16,IL,0
L-01615,bing,Unknown,"Less than $250,000",brand,Pacific,52,WA,0
L-01616,tiktok,Unknown,"Less than $250,000",retargeting,Central,0,IL,0
L-01617,tiktok,Low Value,"$250,000 to $499,999",cpc,Central,30,TX,0
L-01618,meta,Low Value,"Less than $250,000",brand,Eastern,45,NY,0
L-01619,meta,Low Value,"Less than $250,000",organic social,Eastern,19,MI,0
L-01620,meta,Low Value,"$250,000 to $499,999",prospecting,Eastern,26,OH,0
L-01621,meta,Low Value,"Less than $250,000",brand,Eastern,41,OH,0
L-01622,google,Ideal,"$250,000 to $499,999",nonbrand,Eastern,52,FL,0
L-01623,meta,Low Value,"Less than $250,000",organic social,Eastern,,NY,0
L-01624,google,High Value,"$5,000,000 to $9,999,999",pmax,Pacific,71,WA,0
L-01625,bing,Low Value,"$500,000 to $999,999",nonbrand,Arizona,100,AZ,1
L-01626,tiktok,Low Value,"Less than $250,000",prospecting,,10,,0
L-01627,google,High Value,"$1,000,000 to $4,999,999",cpc,Central,54,TX,0
L-01628,tiktok,Low Value,"$250,000 to $499,999",organic social,Eastern,16,NY,0
L-01629,google,Unknown,Self-Serve Signup,brand,Central,32,TX,0
L-01630,google,Low Value,"Less than $250,000",brand,Pacific,32,NV,0
L-01631,meta,Unknown,"Less than $250,000",retargeting,Eastern,75,OH,0
L-01632,google,Low Value,"Less than $250,000",cpc,Alaska,52,AK,0
L-01633,tiktok,Low Value,"Less than $250,000",retargeting,Eastern,35,NY,0
L-01634,bing,Ideal,"Less than $250,000",paid search,Eastern,93,MA,1
L-01635,meta,Low Value,"Less than $250,000",prospecting,Arizona,89,AZ,0
L-01636,google,High Value,"$500,000 to $999,999",brand,Eastern,63,GA,0
L-01637,meta,Unknown,"Less than $250,000",organic social,Pacific,0,WA,0
L-01638,google,High Value,"$1,000,000 to $4,999,999",nonbrand,Eastern,100,VA,0
L-01639,google,Low Value,"$500,000 to $999,999",paid search,Central,65,TX,0
L-01640,google,Unknown,,,Eastern,47,FL,0
L-01641,tiktok,Low Value,"$10,000,000 to $24,999,999",prospecting,Mountain,52,CO,1
L-01642,meta,Ideal,"Less than $250,000",organic social,Eastern,47,MA,1
L-01643,tiktok,Low Value,"$250,000 to $499,999",prospecting,Eastern,64,FL,1
L-01644,meta,Low Value,"Less than $250,000",prospecting,Central,0,IL,0
L-01645,meta,Ideal,"$500,000 to $999,999",retargeting,Pacific,24,WA,1
L-01646,meta,Low Value,Self-Serve Signup,prospecting,Central,21,MO,0
L-01647,bing,Low Value,"$500,000 to $999,999",paid search,Central,27,MO,0
L-01648,tiktok,Low Value,"Less than $250,000",brand,Eastern,4,GA,0
L-01649,bing,High Value,"$500,000 to $999,999",nonbrand,Eastern,83,GA,1
L-01650,google,High Value,"$5,000,000 to $9,999,999",nonbrand,Pacific,84,OR,1
L-01651,google,High Value,"$1,000,000 to $4,999,999",nonbrand,Eastern,100,PA,1
L-01652,google,High Value,"Less than $250,000",cpc,Central,98,TX,0
L-01653,google,Low Value,"$250,000 to $499,999",brand,Eastern,100,OH,1
L-01654,meta,Low Value,"Less than $250,000",prospecting,Eastern,52,NY,0
L-01655,google,Low Value,"Less than $250,000",nonbrand,Eastern,5,OH,0
L-01656,google,Ideal,"Less than $250,000",brand,Pacific,48,CA,0
L-01657,google,Low Value,"$1,000,000 to $4,999,999",brand,Eastern,76,NY,1
L-01658,tiktok,Low Value,"$500,000 to $999,999",organic social,Central,27,TX,0
L-01659,google,Low Value,"$1,000,000 to $4,999,999",brand,Eastern,100,MA,1
L-01660,google,Low Value,"Less than $250,000",brand,Central,10,TX,0
L-01661,meta,Low Value,"Less than $250,000",prospecting,Pacific,15,CA,0
L-01662,bing,Low Value,"$500,000 to $999,999",retargeting,Pacific,35,,0
L-01663,google,Low Value,"Less than $250,000",,Pacific,16,CA,0
L-01664,tiktok,Low Value,"Less than $250,000",organic social,Alaska,54,AK,0
L-01665,google,Ideal,"$1,000,000 to $4,999,999",,Central,43,TX,0
L-01666,meta,Low Value,"Less than $250,000",prospecting,Eastern,88,FL,0
L-01667,tiktok,Low Value,"$250,000 to $499,999",retargeting,Eastern,,VA,1
L-01668,meta,Low Value,"Less than $250,000",retargeting,Pacific,28,OR,0
L-01669,google,Low Value,"$500,000 to $999,999",organic search,Pacific,51,NV,0
L-01670,google,High Value,"Less than $250,000",brand,Eastern,,PA,1
L-01671,meta,Low Value,"Less than $250,000",organic social,Central,68,TX,0
L-01672,google,Ideal,"$500,000 to $999,999",brand,Pacific,,CA,0
L-01673,google,High Value,"$5,000,000 to $9,999,999",cpc,Pacific,29,CA,0
L-01674,meta,Ideal,"Less than $250,000",retargeting,Eastern,0,PA,0
L-01675,google,Unknown,"$10,000,000 to $24,999,999",paid search,Central,68,TN,1
L-01676,meta,High Value,"Less than $250,000",organic search,Central,11,TX,1
L-01677,tiktok,Ideal,"Less than $250,000",prospecting,Eastern,33,FL,1
L-01678,google,High Value,"$250,000 to $499,999",cpc,Eastern,48,NC,0
L-01679,tiktok,Low Value,"Less than $250,000",ppc,Pacific,0,WA,0
L-01680,bing,Ideal,"$5,000,000 to $9,999,999",brand,,81,,0
L-01681,tiktok,Low Value,Self-Serve Signup,prospecting,Eastern,36,NY,0
L-01682,google,Ideal,"$500,000 to $999,999",organic search,Eastern,46,MI,0
L-01683,google,High Value,"$250,000 to $499,999",brand,Eastern,51,NY,0
L-01684,google,Ideal,"Less than $250,000",paid search,Eastern,100,NY,0
L-01685,google,Ideal,"$500,000 to $999,999",organic search,Eastern,77,PA,1
L-01686,meta,Low Value,"$250,000 to $499,999",prospecting,Pacific,14,NV,0
L-01687,google,Ideal,"$500,000 to $999,999",brand,Eastern,49,OH,1
L-01688,meta,Unknown,"$250,000 to $499,999",prospecting,Notify Admin,75,VA,1
L-01689,bing,Ideal,"$1,000,000 to $4,999,999",ppc,Eastern,92,MA,1
L-01690,google,Low Value,"Less than $250,000",pmax,Mountain,61,CO,0
L-01691,google,Low Value,"Less than $250,000",cpc,Central,32,MN,0
L-01692,bing,Low Value,"Less than $250,000",paid search,Central,74,TX,0
L-01693,google,Ideal,"$1,000,000 to $4,999,999",brand,Arizona,80,AZ,1
L-01694,google,Unknown,"$500,000 to $999,999",paid search,Eastern,44,FL,0
L-01695,bing,Low Value,Self-Serve Signup,paid search,Arizona,0,AZ,0
L-01696,bing,Ideal,"$10,000,000 to $24,999,999",cpc,Eastern,77,MA,0
L-01697,google,Ideal,"$1,000,000 to $4,999,999",brand,Pacific,100,CA,1
L-01698,tiktok,Low Value,"$500,000 to $999,999",retargeting,Eastern,100,OH,1
L-01699,google,Ideal,"$250,000 to $499,999",brand,Central,40,MN,0
L-01700,google,Unknown,"$1,000,000 to $4,999,999",brand,Mountain,89,UT,1
L-01701,google,Low Value,"Less than $250,000",paid search,Central,35,MO,0
L-01702,meta,Low Value,"Less than $250,000",organic social,Eastern,35,MI,0
L-01703,bing,Low Value,"Less than $250,000",ppc,Eastern,11,PA,0
L-01704,google,Low Value,"$500,000 to $999,999",nonbrand,Central,59,IL,0
L-01705,meta,High Value,"$10,000,000 to $24,999,999",prospecting,Pacific,,NV,0
L-01706,bing,Unknown,"$250,000 to $499,999",nonbrand,Eastern,20,NY,0
L-01707,meta,Low Value,"Less than $250,000",prospecting,Eastern,62,NY,0
L-01708,google,Unknown,"$250,000 to $499,999",prospecting,Pacific,68,CA,0
L-01709,bing,Ideal,"Less than $250,000",paid search,Eastern,83,GA,0
L-01710,google,Ideal,"$5,000,000 to $9,999,999",nonbrand,Arizona,51,AZ,1
L-01711,meta,Ideal,"$1,000,000 to $4,999,999",organic social,Pacific,70,CA,0
L-01712,tiktok,Low Value,"Less than $250,000",retargeting,Pacific,5,NV,0
L-01713,bing,High Value,"$1,000,000 to $4,999,999",cpc,Pacific,68,CA,0
L-01714,google,Unknown,"Less than $250,000",nonbrand,Notify Admin,98,TN,0
L-01715,tiktok,Low Value,"$500,000 to $999,999",retargeting,Pacific,53,OR,0
L-01716,meta,Low Value,"Less than $250,000",cpc,Central,40,TX,0
L-01717,meta,Low Value,"$1,000,000 to $4,999,999",retargeting,Eastern,37,NC,0
L-01718,google,Ideal,"$500,000 to $999,999",brand,Hawaii,78,HI,1
L-01719,meta,Low Value,,prospecting,Central,18,TN,0
L-01720,meta,Low Value,"Less than $250,000",paid search,Eastern,18,OH,0
L-01721,meta,Low Value,"$1,000,000 to $4,999,999",retargeting,Pacific,57,CA,0
L-01722,google,Ideal,"$250,000 to $499,999",brand,Eastern,,FL,1
L-01723,google,Low Value,"Less than $250,000",organic search,Pacific,76,WA,0
L-01724,google,High Value,"Less than $250,000",nonbrand,Central,79,IL,1
L-01725,google,Low Value,"$500,000 to $999,999",brand,Eastern,83,GA,1
L-01726,meta,Ideal,"Less than $250,000",organic social,Hawaii,100,HI,1
L-01727,google,Ideal,"Less than $250,000",brand,Central,22,MN,0
L-01728,meta,Low Value,"Less than $250,000",nonbrand,Pacific,18,WA,0
L-01729,bing,High Value,"Less than $250,000",cpc,,67,,0
L-01730,google,Unknown,"$5,000,000 to $9,999,999",nonbrand,Pacific,34,NV,1
L-01731,bing,Ideal,"$250,000 to $499,999",nonbrand,Eastern,63,PA,1
L-01732,meta,Ideal,"$250,000 to $499,999",cpc,Eastern,65,VA,0
L-01733,tiktok,Ideal,"$5,000,000 to $9,999,999",organic social,Eastern,54,FL,1
L-01734,google,Low Value,"Less than $250,000",retargeting,Eastern,13,OH,0
L-01735,tiktok,Ideal,"Less than $250,000",retargeting,Eastern,0,PA,0
L-01736,google,Low Value,"$500,000 to $999,999",pmax,Central,56,IL,1
L-01737,google,Low Value,,paid search,Central,64,TX,1
L-01738,meta,High Value,"$5,000,000 to $9,999,999",retargeting,Pacific,40,CA,0
L-01739,meta,Low Value,"$500,000 to $999,999",organic social,Central,23,TX,1
L-01740,meta,Low Value,"$250,000 to $499,999",organic social,Eastern,22,MI,0
L-01741,google,High Value,"Less than $250,000",organic search,Pacific,47,CA,0
L-01742,google,High Value,"$250,000 to $499,999",organic search,Eastern,78,FL,0
L-01743,google,Ideal,"$500,000 to $999,999",nonbrand,Pacific,90,CA,1
L-01744,meta,High Value,"Less than $250,000",organic social,Eastern,72,OH,0
L-01745,meta,Low Value,"Less than $250,000",retargeting,Eastern,36,GA,1
L-01746,tiktok,Unknown,"$1,000,000 to $4,999,999",organic social,Eastern,45,VA,0
L-01747,google,Ideal,"$1,000,000 to $4,999,999",brand,Eastern,100,FL,1
L-01748,bing,Low Value,,cpc,Eastern,8,NJ,0
L-01749,google,High Value,"$1,000,000 to $4,999,999",prospecting,Arizona,0,AZ,0
L-01750,google,Low Value,"Less than $250,000",brand,Central,59,MN,0
L-01751,bing,High Value,"$1,000,000 to $4,999,999",cpc,Central,40,IL,0
L-01752,bing,Low Value,"$250,000 to $499,999",brand,Central,91,IL,0
L-01753,meta,Ideal,"Less than $250,000",retargeting,Pacific,60,NV,0
L-01754,google,High Value,"$250,000 to $499,999",brand,Eastern,49,PA,0
L-01755,meta,Low Value,"Less than $250,000",paid search,Pacific,21,CA,0
L-01756,google,Ideal,"$250,000 to $499,999",cpc,Arizona,70,AZ,0
L-01757,google,Unknown,"$500,000 to $999,999",nonbrand,Pacific,4,CA,0
L-01758,meta,Low Value,"Less than $250,000",,Eastern,22,NY,0
L-01759,meta,Unknown,"$250,000 to $499,999",retargeting,Central,53,MO,0
L-01760,google,Ideal,"Less than $250,000",,Eastern,78,NJ,1
L-01761,google,Low Value,,pmax,Arizona,,AZ,1
L-01762,google,High Value,"$500,000 to $999,999",cpc,Central,54,TN,0
L-01763,google,Low Value,"Less than $250,000",nonbrand,Eastern,67,MA,0
L-01764,tiktok,High Value,"Less than $250,000",brand,Pacific,70,CA,0
L-01765,meta,Low Value,"Less than $250,000",prospecting,Pacific,19,NV,0
L-01766,tiktok,Low Value,"Less than $250,000",retargeting,Eastern,40,VA,0
L-01767,google,Ideal,"Less than $250,000",nonbrand,Eastern,67,GA,0
L-01768,tiktok,Low Value,"$250,000 to $499,999",,Eastern,43,FL,0
L-01769,meta,Ideal,"$1,000,000 to $4,999,999",retargeting,Eastern,83,NY,1
L-01770,google,High Value,"Less than $250,000",prospecting,Central,93,TX,1
L-01771,bing,High Value,"$1,000,000 to $4,999,999",organic search,Central,47,IL,0
L-01772,google,Ideal,"$5,000,000 to $9,999,999",cpc,Eastern,84,NY,0
L-01773,bing,High Value,"Less than $250,000",prospecting,Central,85,IL,0
L-01774,meta,Low Value,"$5,000,000 to $9,999,999",prospecting,Eastern,62,FL,0
L-01775,meta,Low Value,"Less than $250,000",,Eastern,55,FL,0
L-01776,google,Ideal,"$500,000 to $999,999",cpc,Central,46,MO,0
L-01777,google,Ideal,"$1,000,000 to $4,999,999",nonbrand,Pacific,71,CA,0
L-01778,google,High Value,"$10,000,000 to $24,999,999",paid search,Pacific,90,WA,1
L-01779,google,Low Value,"$500,000 to $999,999",ppc,Eastern,45,MA,1
L-01780,google,Low Value,"$500,000 to $999,999",ppc,Pacific,96,CA,1
L-01781,tiktok,Low Value,"Less than $250,000",organic social,Central,30,MO,0
L-01782,google,Unknown,"$250,000 to $499,999",ppc,Eastern,92,NC,0
L-01783,meta,High Value,"$5,000,000 to $9,999,999",prospecting,Central,55,IL,0
L-01784,google,Unknown,"Less than $250,000",brand,Pacific,22,NV,0
L-01785,meta,Low Value,"Less than $250,000",organic social,Pacific,31,CA,0
L-01786,meta,Low Value,"Less than $250,000",prospecting,Eastern,56,MI,0
L-01787,bing,Low Value,"Less than $250,000",nonbrand,Eastern,4,MA,0
L-01788,google,Ideal,"$1,000,000 to $4,999,999",retargeting,Pacific,,CA,0
L-01789,meta,Low Value,"$250,000 to $499,999",prospecting,Pacific,13,CA,0
L-01790,tiktok,Low Value,"Less than $250,000",organic social,Eastern,9,GA,0
L-01791,meta,Low Value,"$500,000 to $999,999",prospecting,Eastern,28,NY,0
L-01792,bing,Ideal,"Less than $250,000",nonbrand,Pacific,28,CA,0
L-01793,google,Low Value,"Less than $250,000",brand,Central,37,TX,0
L-01794,google,High Value,"Less than $250,000",nonbrand,Eastern,46,VA,1
L-01795,google,High Value,"$10,000,000 to $24,999,999",brand,Pacific,63,,0
L-01796,meta,Low Value,Self-Serve Signup,brand,Central,0,WI,0
L-01797,google,Low Value,"$500,000 to $999,999",paid search,Mountain,66,CO,1
L-01798,google,Low Value,"$500,000 to $999,999",paid search,Eastern,80,GA,1
L-01799,meta,Unknown,"$250,000 to $499,999",prospecting,Pacific,41,CA,0
L-01800,meta,High Value,"Less than $250,000",prospecting,Eastern,0,VA,0
L-01801,google,High Value,"$5,000,000 to $9,999,999",nonbrand,Central,55,TX,0
L-01802,google,Low Value,"$1,000,000 to $4,999,999",nonbrand,Eastern,75,VA,0
L-01803,meta,Low Value,"Less than $250,000",organic social,Eastern,72,NY,0
L-01804,meta,Low Value,"$500,000 to $999,999",organic social,Eastern,,FL,1
L-01805,meta,Low Value,"Less than $250,000",prospecting,Central,50,TX,0
L-01806,google,Low Value,"$500,000 to $999,999",brand,Pacific,57,CA,0
L-01807,google,High Value,,brand,Pacific,73,NV,1
L-01808,meta,Low Value,"$250,000 to $499,999",retargeting,Central,12,MO,0
L-01809,google,Low Value,"$500,000 to $999,999",nonbrand,Central,72,IL,1
L-01810,bing,Low Value,"$250,000 to $499,999",ppc,Eastern,89,NY,1
L-01811,tiktok,Low Value,"Less than $250,000",nonbrand,Eastern,27,FL,0
L-01812,meta,Low Value,"$250,000 to $499,999",organic social,Eastern,28,FL,0
L-01813,google,Unknown,"$1,000,000 to $4,999,999",prospecting,Central,85,TX,0
L-01814,tiktok,Low Value,"Less than $250,000",prospecting,Eastern,71,FL,1
L-01815,meta,Low Value,"Less than $250,000",prospecting,Central,40,TN,0
L-01816,bing,Ideal,"$250,000 to $499,999",nonbrand,Eastern,37,FL,1
L-01817,bing,High Value,"$250,000 to $499,999",brand,Eastern,56,PA,1
L-01818,google,Low Value,"Less than $250,000",nonbrand,Pacific,58,CA,1
L-01819,meta,Low Value,Self-Serve Signup,brand,Eastern,53,MA,0
L-01820,tiktok,Ideal,"Less than $250,000",cpc,Eastern,63,NC,0
L-01821,google,High Value,"$250,000 to $499,999",brand,Eastern,100,NY,1
L-01822,google,Low Value,Self-Serve Signup,paid search,Eastern,45,NY,0
L-01823,tiktok,Low Value,"$5,000,000 to $9,999,999",prospecting,Pacific,31,WA,0
L-01824,meta,Low Value,Self-Serve Signup,retargeting,Eastern,15,NJ,0
L-01825,meta,Low Value,"$250,000 to $499,999",organic social,Eastern,45,FL,0
L-01826,google,Low Value,"Less than $250,000",organic search,Eastern,26,MA,0
L-01827,google,High Value,"$250,000 to $499,999",brand,Eastern,53,MI,0
L-01828,meta,Low Value,"$250,000 to $499,999",organic social,Eastern,60,NY,0
L-01829,bing,Ideal,"Less than $250,000",paid search,Eastern,55,OH,1
L-01830,meta,Low Value,"Less than $250,000",organic social,Central,32,WI,0
L-01831,google,Low Value,"Less than $250,000",brand,,27,,0
L-01832,google,Ideal,"Less than $250,000",paid search,Eastern,55,FL,0
L-01833,meta,Low Value,"Less than $250,000",organic social,Hawaii,42,HI,0
L-01834,google,Unknown,,organic search,Eastern,89,MI,0
L-01835,bing,High Value,"Less than $250,000",paid search,Eastern,77,NY,0
L-01836,bing,Ideal,"$250,000 to $499,999",nonbrand,Pacific,95,NV,1
L-01837,meta,Low Value,Self-Serve Signup,prospecting,Central,33,TX,0
L-01838,bing,Ideal,,pmax,Eastern,40,,0
L-01839,google,Unknown,"Less than $250,000",nonbrand,Eastern,89,NC,1
L-01840,google,Low Value,"$250,000 to $499,999",nonbrand,Eastern,68,NY,0
L-01841,google,High Value,"$500,000 to $999,999",brand,Arizona,53,AZ,1
L-01842,google,Low Value,"Less than $250,000",ppc,Eastern,68,FL,0
L-01843,google,Low Value,"$250,000 to $499,999",nonbrand,Pacific,36,WA,0
L-01844,meta,Low Value,"Less than $250,000",prospecting,Eastern,7,PA,0
L-01845,google,High Value,"$1,000,000 to $4,999,999",paid search,Eastern,45,FL,1
L-01846,tiktok,Low Value,"Less than $250,000",prospecting,Pacific,45,WA,1
L-01847,meta,Low Value,"$1,000,000 to $4,999,999",prospecting,Central,50,LA,1
L-01848,meta,Low Value,"Less than $250,000",retargeting,Pacific,62,CA,0
L-01849,google,Low Value,"Less than $250,000",brand,Central,34,IL,0
L-01850,google,Ideal,"$10,000,000 to $24,999,999",nonbrand,Pacific,47,CA,1
L-01851,tiktok,Low Value,"Less than $250,000",prospecting,Arizona,58,AZ,0
L-01852,meta,Ideal,"Less than $250,000",,Eastern,34,FL,0
L-01853,google,High Value,"$250,000 to $499,999",nonbrand,Mountain,98,CO,0
L-01854,google,Ideal,"$250,000 to $499,999",pmax,Eastern,100,VA,0
L-01855,tiktok,Low Value,"Less than $250,000",organic social,Eastern,35,GA,0
L-01856,google,Low Value,"$5,000,000 to $9,999,999",nonbrand,Eastern,83,FL,1
L-01857,google,Low Value,"$1,000,000 to $4,999,999",brand,Central,57,MN,1
L-01858,meta,Ideal,"Less than $250,000",organic social,Central,41,IL,0
L-01859,google,High Value,"$250,000 to $499,999",brand,Eastern,54,MI,0
L-01860,tiktok,Unknown,"Less than $250,000",prospecting,,48,,0
L-01861,google,High Value,"$10,000,000 to $24,999,999",pmax,Pacific,62,OR,0
L-01862,google,Unknown,"$250,000 to $499,999",paid search,Pacific,84,CA,0
L-01863,meta,Low Value,"$1,000,000 to $4,999,999",organic social,Central,37,TX,0
L-01864,meta,Low Value,"Less than $250,000",prospecting,Pacific,23,NV,1
L-01865,meta,High Value,"Less than $250,000",,Eastern,35,NJ,0
L-01866,meta,Ideal,"Less than $250,000",cpc,Pacific,63,WA,0
L-01867,meta,Ideal,"Less than $250,000",brand,Pacific,28,CA,0
L-01868,google,High Value,"$5,000,000 to $9,999,999",brand,Pacific,64,CA,1
L-01869,google,Low Value,"$10,000,000 to $24,999,999",nonbrand,Eastern,93,NJ,1
L-01870,bing,Ideal,"$5,000,000 to $9,999,999",brand,Pacific,65,CA,1
L-01871,google,Unknown,"Less than $250,000",nonbrand,Central,33,TX,0
L-01872,google,High Value,"$250,000 to $499,999",pmax,Hawaii,63,HI,0
L-01873,google,Low Value,"Less than $250,000",nonbrand,Pacific,54,WA,0
L-01874,meta,Low Value,"Less than $250,000",prospecting,,29,,1
L-01875,google,Low Value,"$250,000 to $499,999",organic search,,85,,0
L-01876,tiktok,Ideal,"$500,000 to $999,999",organic social,Pacific,37,NV,0
L-01877,meta,Ideal,"Less than $250,000",prospecting,Eastern,25,FL,0
L-01878,meta,Unknown,"$250,000 to $499,999",nonbrand,Pacific,58,CA,0
L-01879,tiktok,Low Value,"Less than $250,000",prospecting,Pacific,30,CA,0
L-01880,bing,Low Value,"$250,000 to $499,999",brand,Pacific,,CA,0
L-01881,google,Ideal,"$250,000 to $499,999",nonbrand,Eastern,93,OH,1
L-01882,google,High Value,"$250,000 to $499,999",nonbrand,Eastern,72,PA,1
L-01883,google,Low Value,"Less than $250,000",nonbrand,Eastern,67,,0
L-01884,google,Ideal,"$500,000 to $999,999",pmax,Arizona,75,AZ,0
L-01885,google,Low Value,"Less than $250,000",nonbrand,Mountain,90,CO,0
L-01886,tiktok,Low Value,"$250,000 to $499,999",organic social,Pacific,,CA,0
L-01887,bing,Ideal,"Less than $250,000",ppc,Eastern,48,MA,1
L-01888,meta,Low Value,"$500,000 to $999,999",retargeting,Eastern,23,NY,0
L-01889,bing,Low Value,"$10,000,000 to $24,999,999",nonbrand,Eastern,96,OH,0
L-01890,tiktok,Low Value,"Less than $250,000",organic social,Eastern,30,GA,0
L-01891,meta,Low Value,"$500,000 to $999,999",brand,Eastern,46,FL,0
L-01892,google,Ideal,"$250,000 to $499,999",nonbrand,Central,27,TX,0
L-01893,bing,Low Value,"Less than $250,000",cpc,Central,58,LA,0
L-01894,meta,Unknown,"$500,000 to $999,999",prospecting,Central,30,MN,0
L-01895,bing,High Value,"$1,000,000 to $4,999,999",cpc,Mountain,76,CO,0
L-01896,google,Unknown,"$5,000,000 to $9,999,999",pmax,Pacific,56,WA,0
L-01897,meta,Low Value,"Less than $250,000",organic social,Central,12,TX,0
L-01898,meta,Low Value,"Less than $250,000",organic social,Pacific,0,,0
L-01899,google,Low Value,"$500,000 to $999,999",pmax,Pacific,58,WA,0
L-01900,google,Ideal,Self-Serve Signup,brand,Eastern,8,MI,0
L-01901,bing,Low Value,"$250,000 to $499,999",cpc,Central,63,TX,0
L-01902,meta,Low Value,"Less than $250,000",prospecting,Eastern,21,NY,0
L-01903,google,Ideal,"$10,000,000 to $24,999,999",brand,Eastern,,NC,0
L-01904,meta,Low Value,"Less than $250,000",prospecting,Central,48,TX,0
L-01905,google,Ideal,"$1,000,000 to $4,999,999",organic search,Pacific,88,WA,1
L-01906,meta,Low Value,"$250,000 to $499,999",organic social,Pacific,20,CA,1
L-01907,meta,Low Value,"$1,000,000 to $4,999,999",prospecting,Central,14,TN,0
L-01908,google,Low Value,"$250,000 to $499,999",organic search,,25,,0
L-01909,tiktok,Ideal,"$250,000 to $499,999",prospecting,Eastern,83,NJ,0
L-01910,tiktok,Low Value,Self-Serve Signup,organic social,,28,,0
L-01911,google,Unknown,"$1,000,000 to $4,999,999",organic search,Eastern,45,NY,0
L-01912,meta,Low Value,"Less than $250,000",organic social,Central,29,IL,0
L-01913,bing,Low Value,"Less than $250,000",brand,Pacific,18,CA,0
L-01914,meta,Ideal,"$500,000 to $999,999",cpc,Pacific,63,CA,0
L-01915,meta,Ideal,"Less than $250,000",prospecting,Eastern,35,NC,0
L-01916,google,Low Value,"Less than $250,000",brand,Pacific,11,CA,0
L-01917,meta,Low Value,"$500,000 to $999,999",retargeting,Eastern,61,FL,1
L-01918,google,Low Value,"Less than $250,000",cpc,Pacific,24,CA,0
L-01919,bing,Ideal,"$250,000 to $499,999",paid search,Arizona,55,AZ,0
L-01920,google,Ideal,,paid search,Eastern,48,NY,0
L-01921,bing,Ideal,"$250,000 to $499,999",brand,Central,46,TX,0
L-01922,bing,Low Value,"Less than $250,000",cpc,Eastern,79,,0
L-01923,meta,Low Value,"Less than $250,000",organic social,Central,49,,0
L-01924,google,Unknown,"$250,000 to $499,999",brand,Eastern,94,FL,1
L-01925,google,Ideal,"$500,000 to $999,999",brand,Mountain,90,CO,0
L-01926,google,Low Value,"Less than $250,000",brand,Central,49,LA,0
L-01927,meta,Ideal,"$10,000,000 to $24,999,999",prospecting,Pacific,32,CA,0
L-01928,google,Ideal,"$500,000 to $999,999",cpc,Central,81,MN,1
L-01929,meta,Unknown,"Less than $250,000",prospecting,Central,61,IL,0
L-01930,bing,High Value,"$1,000,000 to $4,999,999",nonbrand,Notify Admin,100,IL,1
L-01931,google,High Value,"$250,000 to $499,999",cpc,Central,31,TX,0
L-01932,meta,Low Value,"Less than $250,000",brand,,56,,0
L-01933,meta,Ideal,"$250,000 to $499,999",prospecting,Arizona,22,AZ,0
L-01934,google,Low Value,"$500,000 to $999,999",nonbrand,Central,52,,0
L-01935,google,Ideal,"$250,000 to $499,999",cpc,Pacific,100,NV,1
L-01936,google,Low Value,"Less than $250,000",paid search,Arizona,7,AZ,0
L-01937,meta,Unknown,"Less than $250,000",organic social,Eastern,55,NY,0
L-01938,meta,High Value,"$1,000,000 to $4,999,999",prospecting,Pacific,95,WA,1
L-01939,tiktok,Ideal,"Less than $250,000",organic social,Eastern,51,PA,0
L-01940,meta,Low Value,"Less than $250,000",prospecting,Eastern,38,OH,0
L-01941,google,High Value,"$500,000 to $999,999",nonbrand,Eastern,100,FL,0
L-01942,google,High Value,"Less than $250,000",organic search,Central,28,LA,0
L-01943,google,Unknown,"Less than $250,000",brand,Central,72,IL,0
L-01944,google,High Value,"$1,000,000 to $4,999,999",pmax,Central,27,WI,0
L-01945,google,Ideal,"$1,000,000 to $4,999,999",brand,Central,71,MN,0
L-01946,google,Low Value,"$1,000,000 to $4,999,999",ppc,Central,28,IL,0
L-01947,google,Unknown,"$500,000 to $999,999",retargeting,Central,60,TX,0
L-01948,tiktok,High Value,"$250,000 to $499,999",,Central,0,MN,0
L-01949,tiktok,Low Value,"$10,000,000 to $24,999,999",paid search,Central,44,TX,0
L-01950,meta,Ideal,"$250,000 to $499,999",retargeting,Central,65,LA,0
L-01951,bing,Low Value,"$250,000 to $499,999",cpc,Pacific,68,CA,0
L-01952,meta,High Value,"$250,000 to $499,999",organic social,Pacific,90,WA,1
L-01953,google,Low Value,"$500,000 to $999,999",paid search,Central,52,IL,1
L-01954,tiktok,Ideal,"Less than $250,000",retargeting,Eastern,98,PA,0
L-01955,tiktok,High Value,"$5,000,000 to $9,999,999",retargeting,Pacific,83,OR,0
L-01956,tiktok,Ideal,"$10,000,000 to $24,999,999",organic social,Central,71,MO,0
L-01957,google,Low Value,"Less than $250,000",brand,Pacific,31,WA,0
L-01958,meta,Low Value,Self-Serve Signup,prospecting,Central,1,TN,0
L-01959,google,High Value,"$10,000,000 to $24,999,999",ppc,Pacific,34,OR,1
L-01960,meta,Low Value,"$250,000 to $499,999",retargeting,Eastern,52,OH,0
L-01961,tiktok,High Value,"$5,000,000 to $9,999,999",prospecting,Arizona,93,AZ,0
L-01962,google,Low Value,"Less than $250,000",cpc,Pacific,38,CA,0
L-01963,google,High Value,"Less than $250,000",paid search,Central,77,WI,1
L-01964,meta,Low Value,Self-Serve Signup,retargeting,Eastern,26,FL,0
L-01965,tiktok,Low Value,"Less than $250,000",retargeting,Pacific,52,CA,0
L-01966,meta,Low Value,"$500,000 to $999,999",prospecting,Mountain,50,CO,0
L-01967,meta,Ideal,"$250,000 to $499,999",prospecting,Pacific,66,CA,0
L-01968,bing,High Value,"Less than $250,000",,Central,51,TX,0
L-01969,google,High Value,"$250,000 to $499,999",paid search,Eastern,100,NY,1
L-01970,tiktok,Ideal,"$500,000 to $999,999",organic social,Arizona,49,AZ,0
L-01971,tiktok,Ideal,,prospecting,Pacific,26,OR,0
L-01972,meta,Low Value,Self-Serve Signup,prospecting,Eastern,44,VA,1
L-01973,google,High Value,,pmax,Central,76,TX,0
L-01974,tiktok,High Value,"Less than $250,000",prospecting,Eastern,9,MI,0
L-01975,google,Ideal,"Less than $250,000",brand,Eastern,45,NY,0
L-01976,meta,Low Value,"Less than $250,000",organic social,Pacific,48,WA,0
L-01977,tiktok,Ideal,"Less than $250,000",prospecting,Alaska,35,AK,0
L-01978,google,Low Value,"Less than $250,000",nonbrand,Arizona,21,AZ,1
L-01979,meta,Low Value,"Less than $250,000",prospecting,Arizona,50,AZ,0
L-01980,google,Ideal,"$500,000 to $999,999",brand,,62,,0
L-01981,google,Ideal,"Less than $250,000",brand,,44,,0
L-01982,meta,High Value,"Less than $250,000",prospecting,Central,100,IL,0
L-01983,bing,Low Value,"Less than $250,000",brand,Pacific,32,CA,1
L-01984,bing,Ideal,"Less than $250,000",cpc,Eastern,40,MA,0
L-01985,tiktok,Low Value,"$250,000 to $499,999",prospecting,Eastern,20,NC,0
L-01986,google,Low Value,"$500,000 to $999,999",organic search,Mountain,30,MT,1
L-01987,google,Low Value,"$250,000 to $499,999",brand,Mountain,,MT,0
L-01988,google,Low Value,"Less than $250,000",nonbrand,Eastern,43,OH,0
L-01989,google,Ideal,"$1,000,000 to $4,999,999",pmax,Central,59,TN,1
L-01990,meta,Low Value,"$250,000 to $499,999",nonbrand,Pacific,37,,0
L-01991,bing,Ideal,"$1,000,000 to $4,999,999",paid search,Mountain,88,CO,0
L-01992,google,Low Value,"$500,000 to $999,999",nonbrand,Alaska,66,AK,0
L-01993,meta,Low Value,"$500,000 to $999,999",retargeting,Eastern,60,PA,1
L-01994,google,Low Value,"$1,000,000 to $4,999,999",,Central,50,,0
L-01995,bing,Ideal,"$500,000 to $999,999",paid search,Pacific,75,CA,1
L-01996,meta,High Value,"$500,000 to $999,999",prospecting,Eastern,35,OH,1
L-01997,tiktok,Ideal,"Less than $250,000",retargeting,Pacific,0,CA,0
L-01998,meta,Low Value,"Less than $250,000",organic social,Eastern,29,MA,0
L-01999,meta,Low Value,"$250,000 to $499,999",,Pacific,4,CA,0
L-02000,meta,Low Value,"$250,000 to $499,999",prospecting,Eastern,24,NY,1
L-02001,meta,Low Value,"Less than $250,000",organic social,Pacific,59,CA,0
L-02002,bing,Ideal,"$250,000 to $499,999",nonbrand,Pacific,85,CA,1
L-02003,meta,Ideal,"$500,000 to $999,999",organic social,Pacific,30,CA,0
L-02004,meta,Low Value,"$250,000 to $499,999",cpc,Central,0,TX,0
L-02005,tiktok,Low Value,"$500,000 to $999,999",brand,Eastern,54,VA,0
L-02006,google,Ideal,"$500,000 to $999,999",prospecting,Pacific,50,WA,0
L-02007,google,Low Value,,pmax,Eastern,61,NC,0
L-02008,meta,Low Value,Self-Serve Signup,organic social,Central,0,TX,0
L-02009,tiktok,Low Value,"$250,000 to $499,999",retargeting,Eastern,86,OH,0
L-02010,google,Low Value,"$500,000 to $999,999",ppc,Pacific,,CA,0
L-02011,google,Low Value,"Less than $250,000",nonbrand,Pacific,51,CA,0
L-02012,google,Low Value,"$500,000 to $999,999",nonbrand,Eastern,72,NY,0
L-02013,google,Low Value,Self-Serve Signup,pmax,Eastern,32,NC,1
L-02014,tiktok,Unknown,"$500,000 to $999,999",prospecting,,0,,0
L-02015,google,Low Value,"$250,000 to $499,999",nonbrand,Central,62,TX,1
L-02016,google,Low Value,"$500,000 to $999,999",paid search,Arizona,11,AZ,0
L-02017,google,High Value,"$500,000 to $999,999",pmax,,100,,0
L-02018,google,Low Value,Self-Serve Signup,organic search,,88,,0
L-02019,meta,Low Value,"Less than $250,000",organic social,Eastern,35,GA,1
L-02020,google,High Value,"$250,000 to $499,999",organic search,Central,35,TX,0
L-02021,tiktok,Low Value,"$500,000 to $999,999",prospecting,Eastern,2,NC,0
L-02022,google,Ideal,"Less than $250,000",paid search,Central,41,TX,0
L-02023,meta,Low Value,"Less than $250,000",prospecting,Central,22,TX,0
L-02024,google,Low Value,"Less than $250,000",brand,Pacific,67,WA,0
L-02025,google,Low Value,"Less than $250,000",brand,Pacific,0,CA,0
L-02026,bing,High Value,"$10,000,000 to $24,999,999",paid search,Central,93,WI,1
L-02027,bing,High Value,"$250,000 to $499,999",,Eastern,8,GA,0
L-02028,google,High Value,"$10,000,000 to $24,999,999",brand,Central,100,TX,1
L-02029,tiktok,Low Value,Self-Serve Signup,organic social,Pacific,0,CA,0
L-02030,meta,Ideal,"Less than $250,000",retargeting,Eastern,64,GA,1
L-02031,meta,Ideal,"Less than $250,000",organic social,Eastern,26,NY,0
L-02032,tiktok,Low Value,"Less than $250,000",organic social,,47,,0
L-02033,meta,Low Value,"$250,000 to $499,999",organic social,Eastern,0,FL,0
L-02034,google,Ideal,"$5,000,000 to $9,999,999",brand,Central,64,IL,0
L-02035,bing,Ideal,"$500,000 to $999,999",nonbrand,Pacific,26,CA,0
L-02036,tiktok,Ideal,"Less than $250,000",organic social,Eastern,90,VA,0
L-02037,google,Low Value,"Less than $250,000",nonbrand,Eastern,55,NC,0
L-02038,bing,Ideal,"$1,000,000 to $4,999,999",cpc,Mountain,36,UT,0
L-02039,bing,Low Value,,paid search,Eastern,51,NC,0
L-02040,meta,Low Value,"Less than $250,000",prospecting,Eastern,20,PA,0
L-02041,tiktok,Low Value,"$500,000 to $999,999",nonbrand,Central,81,MO,0
L-02042,meta,Unknown,"Less than $250,000",cpc,Central,70,TN,0
L-02043,meta,Ideal,"$500,000 to $999,999",organic social,Eastern,80,PA,0
L-02044,google,Low Value,"$250,000 to $499,999",pmax,Central,48,IL,1
L-02045,google,High Value,"$1,000,000 to $4,999,999",ppc,Eastern,23,PA,0
L-02046,meta,Low Value,"$5,000,000 to $9,999,999",retargeting,Eastern,38,NY,0
L-02047,meta,Unknown,"$1,000,000 to $4,999,999",organic social,Eastern,85,,0
L-02048,bing,Ideal,"Less than $250,000",nonbrand,Pacific,45,CA,0
L-02049,meta,High Value,"$250,000 to $499,999",prospecting,Eastern,63,NC,0
L-02050,meta,Low Value,"$250,000 to $499,999",prospecting,Pacific,73,CA,0
L-02051,google,Low Value,"$1,000,000 to $4,999,999",brand,Central,63,TX,0
L-02052,meta,Unknown,"$250,000 to $499,999",brand,Pacific,65,OR,0
L-02053,meta,Low Value,"Less than $250,000",organic social,Eastern,47,FL,0
L-02054,meta,Unknown,,retargeting,Central,35,TX,0
L-02055,meta,Low Value,"Less than $250,000",prospecting,Central,29,MO,0
L-02056,meta,Low Value,"Less than $250,000",prospecting,Eastern,54,FL,0
L-02057,google,Low Value,"Less than $250,000",nonbrand,Pacific,30,CA,0
L-02058,google,Ideal,"Less than $250,000",pmax,Central,26,TN,0
L-02059,bing,Low Value,"$250,000 to $499,999",ppc,Pacific,25,NV,0
L-02060,meta,High Value,"$1,000,000 to $4,999,999",retargeting,Pacific,50,NV,0
L-02061,google,Low Value,Self-Serve Signup,paid search,Hawaii,41,HI,1
L-02062,bing,Low Value,"$250,000 to $499,999",ppc,Eastern,20,MA,0
L-02063,google,Low Value,"Less than $250,000",nonbrand,Pacific,51,CA,0
L-02064,google,Low Value,"Less than $250,000",nonbrand,Pacific,58,NV,1
L-02065,meta,Unknown,"$5,000,000 to $9,999,999",organic social,Central,32,TX,0
L-02066,meta,Low Value,"Less than $250,000",pmax,Pacific,9,WA,0
L-02067,meta,Low Value,"Less than $250,000",pmax,Eastern,48,GA,0
L-02068,google,Low Value,"$500,000 to $999,999",expired or invalid attributer license,Eastern,55,GA,0
L-02069,meta,Low Value,"Less than $250,000",retargeting,Central,,TX,1
L-02070,bing,Ideal,"$500,000 to $999,999",paid search,Central,,TX,0
L-02071,meta,Ideal,"Less than $250,000",cpc,Eastern,36,VA,1
L-02072,meta,Ideal,"$250,000 to $499,999",prospecting,Pacific,13,CA,0
L-02073,google,Low Value,"$250,000 to $499,999",paid search,Eastern,59,NY,0
L-02074,google,Low Value,"Less than $250,000",brand,Pacific,42,CA,0
L-02075,google,Low Value,"Less than $250,000",nonbrand,Eastern,73,GA,0
L-02076,tiktok,Low Value,"$250,000 to $499,999",prospecting,Eastern,0,PA,0
L-02077,google,Ideal,"$500,000 to $999,999",brand,Central,100,IL,0
L-02078,meta,Low Value,"Less than $250,000",cpc,Pacific,32,CA,0
L-02079,google,Low Value,,brand,Central,78,TX,0
L-02080,google,Low Value,"Less than $250,000",nonbrand,Pacific,41,CA,0
L-02081,google,Ideal,"Less than $250,000",paid search,Central,43,IL,1
L-02082,bing,Low Value,"$1,000,000 to $4,999,999",nonbrand,Central,71,TN,0
L-02083,bing,Ideal,"$1,000,000 to $4,999,999",paid search,Eastern,72,VA,0
L-02084,bing,Low Value,"$1,000,000 to $4,999,999",cpc,Eastern,69,PA,0
L-02085,google,Ideal,"$1,000,000 to $4,999,999",organic search,Eastern,75,MI,1
L-02086,meta,Unknown,"Less than $250,000",organic social,Central,27,TX,0
L-02087,google,Ideal,"$250,000 to $499,999",cpc,Eastern,33,NJ,1
L-02088,meta,Low Value,"Less than $250,000",ppc,Pacific,42,CA,0
L-02089,meta,Low Value,"Less than $250,000",prospecting,Eastern,47,NY,0
L-02090,google,Ideal,"Less than $250,000",pmax,Eastern,46,VA,0
L-02091,tiktok,Ideal,"$250,000 to $499,999",prospecting,Pacific,35,CA,0
L-02092,bing,Low Value,"Less than $250,000",nonbrand,Central,0,TX,0
L-02093,tiktok,Ideal,"Less than $250,000",organic social,Pacific,62,CA,0
L-02094,google,High Value,"Less than $250,000",brand,Eastern,70,GA,1
L-02095,bing,High Value,"$1,000,000 to $4,999,999",nonbrand,,100,,0
L-02096,meta,Ideal,"$500,000 to $999,999",retargeting,Eastern,43,NJ,1
L-02097,tiktok,Low Value,"Less than $250,000",organic social,Eastern,15,MA,0
L-02098,meta,Low Value,"$250,000 to $499,999",organic social,Eastern,31,OH,0
L-02099,google,Ideal,"$250,000 to $499,999",nonbrand,Central,100,IL,0
L-02100,bing,Ideal,"$1,000,000 to $4,999,999",brand,Pacific,100,CA,1
L-02101,google,Low Value,"Less than $250,000",organic search,Eastern,64,FL,0
L-02102,google,Low Value,"Less than $250,000",paid search,Central,24,IL,0
L-02103,google,Unknown,"$1,000,000 to $4,999,999",brand,Eastern,95,MA,1
L-02104,meta,Low Value,"$1,000,000 to $4,999,999",nonbrand,Eastern,66,GA,0
L-02105,meta,Ideal,"Less than $250,000",organic social,Central,27,LA,0
L-02106,meta,Ideal,"Less than $250,000",organic social,Central,87,IL,0
L-02107,bing,Ideal,"$500,000 to $999,999",brand,Eastern,65,FL,1
L-02108,meta,Ideal,"$250,000 to $499,999",brand,Eastern,54,NY,0
L-02109,bing,Low Value,Self-Serve Signup,paid search,,12,,0
L-02110,google,High Value,"$500,000 to $999,999",cpc,Central,68,TX,0
L-02111,google,Ideal,"Less than $250,000",brand,Eastern,57,NY,1
L-02112,google,High Value,"$250,000 to $499,999",brand,Eastern,67,NY,0
L-02113,google,Ideal,"$500,000 to $999,999",nonbrand,Central,73,TX,1
L-02114,meta,Ideal,"$250,000 to $499,999",paid search,Central,79,TX,1
L-02115,google,Unknown,"$500,000 to $999,999",cpc,Pacific,58,CA,1
L-02116,meta,Low Value,"$1,000,000 to $4,999,999",organic social,Eastern,27,MI,0
L-02117,google,Ideal,"$250,000 to $499,999",,Pacific,100,CA,1
L-02118,google,Low Value,"Less than $250,000",pmax,Pacific,32,WA,0
L-02119,google,Low Value,,nonbrand,Eastern,47,OH,0
L-02120,google,Ideal,"$1,000,000 to $4,999,999",nonbrand,Eastern,23,VA,0
L-02121,google,High Value,,cpc,Central,,MN,1
L-02122,meta,Low Value,"Less than $250,000",retargeting,Mountain,8,MT,1
L-02123,bing,Ideal,"Less than $250,000",cpc,Eastern,40,PA,0
L-02124,bing,Low Value,"$10,000,000 to $24,999,999",paid search,Eastern,80,OH,0
L-02125,tiktok,Ideal,"Less than $250,000",retargeting,Central,56,TX,0
L-02126,meta,Ideal,"$250,000 to $499,999",prospecting,Eastern,17,NJ,1
L-02127,tiktok,Low Value,"$500,000 to $999,999",brand,Eastern,24,NY,0
L-02128,google,Unknown,"$250,000 to $499,999",brand,Eastern,83,OH,0
L-02129,google,Unknown,"$5,000,000 to $9,999,999",brand,Mountain,25,CO,0
L-02130,meta,Unknown,"$5,000,000 to $9,999,999",ppc,Central,33,TX,1
L-02131,google,Ideal,"$500,000 to $999,999",nonbrand,Eastern,57,OH,1
L-02132,tiktok,Low Value,"Less than $250,000",retargeting,Eastern,38,NY,0
L-02133,tiktok,Ideal,"$250,000 to $499,999",retargeting,Pacific,6,CA,0
L-02134,google,Ideal,"$250,000 to $499,999",brand,Central,32,TN,0
L-02135,google,Unknown,"Less than $250,000",pmax,Eastern,31,OH,0
L-02136,meta,Low Value,"Less than $250,000",prospecting,,6,,0
L-02137,google,Low Value,"$500,000 to $999,999",pmax,Eastern,9,NC,0
L-02138,meta,Low Value,"Less than $250,000",brand,Pacific,21,CA,0
L-02139,google,High Value,"$1,000,000 to $4,999,999",cpc,Central,99,TN,1
L-02140,tiktok,Low Value,"Less than $250,000",prospecting,Pacific,41,WA,0
L-02141,google,Ideal,"$1,000,000 to $4,999,999",paid search,Pacific,46,OR,0
L-02142,google,Unknown,"$500,000 to $999,999",brand,Central,31,TX,0
L-02143,google,Low Value,"Less than $250,000",prospecting,Pacific,80,CA,0
L-02144,meta,Ideal,"Less than $250,000",brand,Pacific,16,CA,0
L-02145,google,High Value,"$500,000 to $999,999",prospecting,Eastern,100,NY,1
L-02146,meta,High Value,"$1,000,000 to $4,999,999",prospecting,Central,76,LA,0
L-02147,google,Low Value,"Less than $250,000",brand,Eastern,0,MA,0
L-02148,google,High Value,"$500,000 to $999,999",brand,Central,92,IL,1
L-02149,meta,Unknown,"$250,000 to $499,999",prospecting,Mountain,32,MT,0
L-02150,bing,Low Value,"$1,000,000 to $4,999,999",cpc,Pacific,100,WA,1
L-02151,google,Ideal,"Less than $250,000",cpc,Pacific,60,NV,0
L-02152,bing,High Value,"$10,000,000 to $24,999,999",brand,Eastern,83,,1
L-02153,google,Low Value,"Less than $250,000",ppc,Eastern,34,NY,0
L-02154,google,Ideal,"$500,000 to $999,999",brand,Central,64,MN,1
L-02155,meta,Low Value,,retargeting,Central,25,MN,0
L-02156,google,Unknown,"$250,000 to $499,999",ppc,Pacific,40,CA,1
L-02157,meta,High Value,"$5,000,000 to $9,999,999",retargeting,Central,46,IL,0
L-02158,bing,Ideal,"$500,000 to $999,999",ppc,Arizona,66,AZ,1
L-02159,meta,Low Value,,prospecting,Pacific,72,CA,0
L-02160,google,High Value,"$1,000,000 to $4,999,999",paid search,Central,55,TX,1
L-02161,tiktok,Low Value,"Less than $250,000",organic social,Central,42,TX,0
L-02162,meta,Low Value,"$1,000,000 to $4,999,999",organic social,Central,32,IL,0
L-02163,tiktok,Ideal,"$1,000,000 to $4,999,999",nonbrand,Pacific,33,CA,0
L-02164,tiktok,Low Value,"Less than $250,000",retargeting,Eastern,0,NJ,0
L-02165,tiktok,Ideal,"Less than $250,000",prospecting,Eastern,91,NC,0
L-02166,meta,Low Value,"Less than $250,000",ppc,Pacific,38,NV,0
L-02167,google,Low Value,"$5,000,000 to $9,999,999",paid search,Arizona,18,AZ,0
L-02168,tiktok,Low Value,"Less than $250,000",prospecting,Central,0,IL,0
L-02169,google,Low Value,"$1,000,000 to $4,999,999",organic search,Pacific,55,CA,0
L-02170,meta,High Value,"$1,000,000 to $4,999,999",brand,Eastern,74,NJ,1
L-02171,meta,Low Value,Self-Serve Signup,organic social,,16,,0
L-02172,bing,High Value,"$1,000,000 to $4,999,999",paid search,Pacific,71,CA,0
L-02173,google,High Value,"$1,000,000 to $4,999,999",nonbrand,Central,100,IL,1
L-02174,meta,High Value,"Less than $250,000",organic social,Eastern,26,GA,0
L-02175,meta,Low Value,"$250,000 to $499,999",retargeting,Eastern,0,GA,0
L-02176,tiktok,Ideal,"Less than $250,000",retargeting,Pacific,25,OR,0
L-02177,meta,Low Value,"$500,000 to $999,999",retargeting,Central,37,TX,1
L-02178,google,High Value,"$250,000 to $499,999",brand,Mountain,89,MT,1
L-02179,bing,High Value,"$250,000 to $499,999",ppc,Pacific,,CA,0
L-02180,google,Low Value,"Less than $250,000",brand,Central,52,TX,0
L-02181,meta,Low Value,"$250,000 to $499,999",retargeting,Central,0,LA,0
L-02182,google,High Value,"$5,000,000 to $9,999,999",brand,Pacific,93,WA,1
L-02183,google,High Value,"$500,000 to $999,999",brand,Eastern,51,MA,0
L-02184,meta,Ideal,"$10,000,000 to $24,999,999",prospecting,Pacific,37,OR,0
L-02185,tiktok,Ideal,"$10,000,000 to $24,999,999",organic social,Eastern,59,FL,1
L-02186,meta,Ideal,"$10,000,000 to $24,999,999",organic social,Eastern,9,NC,0
L-02187,meta,Low Value,"Less than $250,000",prospecting,Mountain,22,CO,0
L-02188,google,High Value,"$250,000 to $499,999",paid search,Central,75,TX,1
L-02189,meta,Ideal,"$250,000 to $499,999",retargeting,Mountain,68,CO,0
L-02190,tiktok,Ideal,"Less than $250,000",prospecting,Eastern,54,NY,0
L-02191,google,Low Value,"$250,000 to $499,999",brand,Hawaii,37,HI,0
L-02192,google,Low Value,"Less than $250,000",brand,Pacific,52,CA,0
L-02193,google,Low Value,"$250,000 to $499,999",brand,,88,,1
L-02194,google,Unknown,"$250,000 to $499,999",paid search,Eastern,54,OH,0
L-02195,google,Ideal,"$5,000,000 to $9,999,999",cpc,Central,51,IL,0
L-02196,meta,Low Value,"$500,000 to $999,999",organic social,Mountain,81,CO,0
L-02197,google,Low Value,"Less than $250,000",pmax,Eastern,69,PA,1
L-02198,meta,Ideal,"$1,000,000 to $4,999,999",pmax,Eastern,,,0
L-02199,meta,Low Value,"$250,000 to $499,999",organic social,Central,60,IL,0
L-02200,meta,Low Value,"$5,000,000 to $9,999,999",prospecting,Eastern,100,OH,1
L-02201,meta,High Value,"$1,000,000 to $4,999,999",retargeting,Central,95,WI,1
L-02202,google,Low Value,"Less than $250,000",nonbrand,Eastern,5,PA,0
L-02203,meta,Low Value,"Less than $250,000",retargeting,Eastern,2,OH,0
L-02204,google,Ideal,"Less than $250,000",brand,Central,59,TN,0
L-02205,google,Ideal,"$1,000,000 to $4,999,999",pmax,Eastern,21,NC,1
L-02206,google,Low Value,,pmax,Pacific,63,OR,0
L-02207,meta,Low Value,"Less than $250,000",retargeting,Eastern,0,OH,1
L-02208,google,High Value,"$500,000 to $999,999",brand,Eastern,61,PA,0
L-02209,tiktok,High Value,"$250,000 to $499,999",organic social,Eastern,58,FL,1
L-02210,tiktok,High Value,"Less than $250,000",organic social,Alaska,17,AK,0
L-02211,meta,Low Value,Self-Serve Signup,prospecting,Eastern,58,PA,0
L-02212,meta,Low Value,"Less than $250,000",organic social,Alaska,82,AK,0
L-02213,meta,Low Value,"Less than $250,000",prospecting,Eastern,9,NY,0
L-02214,tiktok,Low Value,"$1,000,000 to $4,999,999",prospecting,Pacific,31,CA,0
L-02215,google,Ideal,"$1,000,000 to $4,999,999",cpc,Eastern,100,GA,1
L-02216,google,Ideal,"$1,000,000 to $4,999,999",ppc,Central,25,TX,0
L-02217,google,Low Value,Self-Serve Signup,paid search,Eastern,19,NY,0
L-02218,bing,Low Value,"$250,000 to $499,999",prospecting,Eastern,12,FL,0
L-02219,google,High Value,"$500,000 to $999,999",prospecting,Pacific,72,CA,0
L-02220,meta,Low Value,"Less than $250,000",prospecting,,37,,0
L-02221,tiktok,Unknown,"Less than $250,000",nonbrand,Eastern,25,MI,0
L-02222,meta,Low Value,"Less than $250,000",prospecting,Pacific,40,CA,0
L-02223,google,High Value,"Less than $250,000",ppc,Central,74,TN,1
L-02224,tiktok,Unknown,"Less than $250,000",retargeting,Central,56,TX,0
L-02225,google,High Value,"$250,000 to $499,999",paid search,Central,74,MN,0
L-02226,meta,Low Value,"$250,000 to $499,999",prospecting,Eastern,41,NC,0
L-02227,google,Low Value,"Less than $250,000",retargeting,Eastern,,GA,0
L-02228,meta,Low Value,"Less than $250,000",,Pacific,0,OR,0
L-02229,tiktok,High Value,"Less than $250,000",organic social,Central,17,IL,0
L-02230,meta,Low Value,"Less than $250,000",ppc,Central,53,IL,0
L-02231,google,Ideal,"$1,000,000 to $4,999,999",paid search,Eastern,73,NY,0
L-02232,meta,High Value,,organic social,Eastern,85,NY,0
L-02233,meta,Low Value,"$5,000,000 to $9,999,999",retargeting,Central,94,,0
L-02234,google,Ideal,"$1,000,000 to $4,999,999",nonbrand,Eastern,40,NJ,1
L-02235,meta,Low Value,"$500,000 to $999,999",organic social,Eastern,74,MA,1
L-02236,google,Ideal,"Less than $250,000",paid search,Central,54,TX,1
L-02237,bing,High Value,"$1,000,000 to $4,999,999",nonbrand,Eastern,50,PA,0
L-02238,meta,Low Value,,prospecting,Central,37,,0
L-02239,meta,Unknown,"Less than $250,000",prospecting,Central,48,TN,0
L-02240,meta,Low Value,"$250,000 to $499,999",organic social,Eastern,90,VA,0
L-02241,meta,Ideal,"$250,000 to $499,999",prospecting,Hawaii,93,HI,0
L-02242,google,High Value,"$1,000,000 to $4,999,999",other campaigns,Eastern,67,NY,0
L-02243,meta,High Value,"$500,000 to $999,999",nonbrand,Central,77,TX,0
L-02244,google,High Value,"$10,000,000 to $24,999,999",paid search,Central,100,IL,1
L-02245,google,High Value,"Less than $250,000",rd,Eastern,84,,0
L-02246,meta,Low Value,"Less than $250,000",prospecting,Eastern,24,PA,0
L-02247,google,Ideal,"$1,000,000 to $4,999,999",pmax,Central,56,TX,0
L-02248,meta,Unknown,"$250,000 to $499,999",organic social,Eastern,100,NC,1
L-02249,meta,Low Value,"Less than $250,000",prospecting,Pacific,35,CA,0
L-02250,google,Unknown,"$10,000,000 to $24,999,999",cpc,Eastern,100,NY,1
L-02251,meta,Low Value,"$250,000 to $499,999",nonbrand,Eastern,61,FL,0
L-02252,meta,Low Value,"$500,000 to $999,999",prospecting,Eastern,30,GA,1
L-02253,bing,Ideal,"Less than $250,000",cpc,Eastern,61,MI,1
L-02254,meta,High Value,"$500,000 to $999,999",pmax,Central,48,WI,0
L-02255,meta,High Value,"$250,000 to $499,999",organic social,Central,95,IL,1
L-02256,meta,Low Value,"Less than $250,000",prospecting,Mountain,29,UT,0
L-02257,meta,Ideal,"$250,000 to $499,999",brand,Pacific,48,WA,0
L-02258,meta,Ideal,"$500,000 to $999,999",organic social,Central,53,IL,0
L-02259,google,Ideal,"$1,000,000 to $4,999,999",cpc,Arizona,97,AZ,0
L-02260,meta,Ideal,"$250,000 to $499,999",prospecting,Pacific,58,CA,0
L-02261,google,Ideal,"Less than $250,000",cpc,Eastern,,OH,0
L-02262,meta,Low Value,"$1,000,000 to $4,999,999",prospecting,Central,,TX,0
L-02263,google,Ideal,"Less than $250,000",,Pacific,70,CA,1
L-02264,google,Ideal,"$500,000 to $999,999",brand,Central,43,IL,1
L-02265,tiktok,Unknown,"Less than $250,000",prospecting,Eastern,0,GA,1
L-02266,tiktok,Low Value,"Less than $250,000",retargeting,Pacific,16,CA,0
L-02267,google,Low Value,"$250,000 to $499,999",prospecting,Pacific,30,CA,0
L-02268,meta,Unknown,"Less than $250,000",cpc,Eastern,72,,0
L-02269,google,Low Value,"Less than $250,000",retargeting,Eastern,68,FL,0
L-02270,google,Ideal,"$250,000 to $499,999",brand,Mountain,7,CO,0
L-02271,google,High Value,"$5,000,000 to $9,999,999",brand,Eastern,85,NY,1
L-02272,bing,High Value,"Less than $250,000",brand,Pacific,70,WA,0
L-02273,meta,Ideal,"$250,000 to $499,999",organic social,Central,24,IL,0
L-02274,meta,Low Value,"$1,000,000 to $4,999,999",prospecting,Mountain,75,CO,1
L-02275,google,Ideal,"Less than $250,000",brand,Eastern,27,NY,1
L-02276,google,Ideal,"$250,000 to $499,999",paid search,Pacific,67,NV,0
L-02277,meta,Low Value,"Less than $250,000",prospecting,Central,49,LA,0
L-02278,meta,Low Value,"$250,000 to $499,999",organic social,Central,0,TN,0
L-02279,google,Low Value,"$250,000 to $499,999",brand,Mountain,35,UT,0
L-02280,google,Ideal,"Less than $250,000",ppc,Eastern,69,NY,0
L-02281,google,Ideal,"$5,000,000 to $9,999,999",cpc,Central,45,TN,1
L-02282,meta,Ideal,"$250,000 to $499,999",organic social,Central,88,TX,0
L-02283,meta,Low Value,"Less than $250,000",retargeting,Pacific,36,OR,0
L-02284,meta,Low Value,"$500,000 to $999,999",nonbrand,Central,48,TX,0
L-02285,bing,Ideal,"$500,000 to $999,999",nonbrand,Alaska,39,AK,0
L-02286,google,Low Value,"$500,000 to $999,999",nonbrand,Central,37,WI,0
L-02287,meta,Low Value,"Less than $250,000",retargeting,Eastern,45,PA,0
L-02288,meta,Low Value,"Less than $250,000",retargeting,Central,8,TX,0
L-02289,meta,Low Value,"Less than $250,000",nonbrand,Eastern,19,VA,0
L-02290,google,Low Value,"$500,000 to $999,999",brand,Eastern,52,NY,1
L-02291,tiktok,Low Value,"Less than $250,000",prospecting,Eastern,0,NY,0
L-02292,google,Low Value,"Less than $250,000",organic search,Eastern,57,PA,0
L-02293,google,Low Value,"$250,000 to $499,999",nonbrand,Eastern,53,PA,0
L-02294,google,Ideal,"Less than $250,000",cpc,Pacific,15,,0
L-02295,google,High Value,"$1,000,000 to $4,999,999",,Pacific,53,CA,0
L-02296,meta,Low Value,"Less than $250,000",organic social,Eastern,50,OH,0
L-02297,tiktok,Low Value,"Less than $250,000",prospecting,Pacific,19,WA,0
L-02298,meta,Low Value,"Less than $250,000",ppc,Pacific,11,CA,0
L-02299,google,High Value,"$250,000 to $499,999",brand,Eastern,,NJ,0
L-02300,meta,Ideal,"$250,000 to $499,999",paid search,Pacific,80,WA,0
L-02301,tiktok,Ideal,"Less than $250,000",cpc,Eastern,73,NY,0
L-02302,bing,Low Value,"Less than $250,000",ppc,Central,52,TN,0
L-02303,bing,Ideal,"Less than $250,000",brand,Pacific,79,CA,1
L-02304,meta,Ideal,"$1,000,000 to $4,999,999",organic social,Eastern,32,NY,0
L-02305,google,Low Value,"$250,000 to $499,999",brand,Eastern,100,VA,1
L-02306,meta,Unknown,"$10,000,000 to $24,999,999",retargeting,Pacific,38,CA,0
L-02307,meta,Low Value,"Less than $250,000",prospecting,Mountain,22,CO,0
L-02308,google,Low Value,"Less than $250,000",brand,Eastern,2,FL,0
L-02309,google,Low Value,"Less than $250,000",nonbrand,Eastern,18,FL,0
L-02310,tiktok,Unknown,"$250,000 to $499,999",organic social,Eastern,49,OH,0
L-02311,google,High Value,"$1,000,000 to $4,999,999",nonbrand,Mountain,84,CO,0
L-02312,google,Low Value,"$1,000,000 to $4,999,999",paid search,Eastern,40,,0
L-02313,google,Low Value,"Less than $250,000",nonbrand,Eastern,47,MA,0
L-02314,meta,Ideal,"$1,000,000 to $4,999,999",organic social,Mountain,72,CO,0
L-02315,google,High Value,"$5,000,000 to $9,999,999",nonbrand,Central,100,WI,1
L-02316,google,Low Value,"Less than $250,000",paid search,Eastern,,NC,0
L-02317,bing,Low Value,"$500,000 to $999,999",cpc,Eastern,65,MI,0
L-02318,google,Low Value,"$250,000 to $499,999",nonbrand,Pacific,40,,0
L-02319,google,High Value,"$500,000 to $999,999",nonbrand,Central,63,IL,0
L-02320,google,Low Value,"Less than $250,000",paid search,Central,55,IL,1
L-02321,google,Unknown,"Less than $250,000",brand,,78,,0
L-02322,google,High Value,"Less than $250,000",brand,Eastern,44,PA,0
L-02323,google,Low Value,"$250,000 to $499,999",,Central,25,IL,0
L-02324,bing,Ideal,"$5,000,000 to $9,999,999",cpc,Eastern,,NY,0
L-02325,meta,Low Value,"Less than $250,000",prospecting,Pacific,48,CA,0
L-02326,tiktok,Unknown,"Less than $250,000",cpc,Pacific,92,CA,0
L-02327,bing,High Value,"$5,000,000 to $9,999,999",cpc,Eastern,42,FL,0
L-02328,meta,Ideal,"$500,000 to $999,999",organic social,Eastern,21,NY,1
L-02329,google,Ideal,"$1,000,000 to $4,999,999",ppc,Arizona,90,AZ,1
L-02330,meta,Low Value,Self-Serve Signup,prospecting,Eastern,2,NC,0
L-02331,google,Low Value,"$500,000 to $999,999",brand,Central,45,IL,1
L-02332,google,Low Value,"Less than $250,000",brand,Eastern,51,GA,0
L-02333,meta,Low Value,"Less than $250,000",prospecting,Central,29,TX,0
L-02334,google,Ideal,"Less than $250,000",nonbrand,Central,55,LA,0
L-02335,meta,Low Value,"$5,000,000 to $9,999,999",,Central,25,MO,0
L-02336,tiktok,Ideal,"Less than $250,000",prospecting,Eastern,0,FL,0
L-02337,google,High Value,"$1,000,000 to $4,999,999",,Eastern,79,NJ,1
L-02338,meta,Ideal,"Less than $250,000",cpc,Eastern,36,NY,0
L-02339,tiktok,Low Value,"Less than $250,000",organic social,Eastern,57,OH,0
L-02340,meta,Unknown,"$1,000,000 to $4,999,999",prospecting,Mountain,100,MT,1
L-02341,meta,Ideal,"$250,000 to $499,999",prospecting,Eastern,45,GA,0
L-02342,meta,Low Value,"Less than $250,000",prospecting,Pacific,32,CA,0
L-02343,meta,Low Value,"Less than $250,000",organic social,Eastern,7,OH,0
L-02344,meta,Low Value,"$5,000,000 to $9,999,999",cpc,Central,49,IL,0
L-02345,google,Ideal,"Less than $250,000",paid search,Eastern,84,MI,0
L-02346,meta,Low Value,Self-Serve Signup,retargeting,Central,16,LA,0
L-02347,google,Ideal,"$250,000 to $499,999",brand,Central,33,WI,0
L-02348,meta,Low Value,"$250,000 to $499,999",prospecting,--,32,CA,0
L-02349,bing,Unknown,"Less than $250,000",nonbrand,Eastern,0,NY,0
L-02350,meta,Low Value,"Less than $250,000",organic social,Eastern,0,PA,0
L-02351,bing,Low Value,"$500,000 to $999,999",brand,Central,39,TN,0
L-02352,tiktok,High Value,"$250,000 to $499,999",retargeting,Mountain,79,CO,0
L-02353,meta,Unknown,"Less than $250,000",retargeting,Central,69,MN,0
L-02354,meta,High Value,"$500,000 to $999,999",prospecting,Central,84,IL,0
L-02355,google,Low Value,"$250,000 to $499,999",cpc,Eastern,50,PA,1
L-02356,bing,High Value,"$5,000,000 to $9,999,999",ppc,Eastern,100,PA,1
L-02357,bing,High Value,"$500,000 to $999,999",cpc,Eastern,100,PA,1
L-02358,google,Ideal,"$250,000 to $499,999",brand,Pacific,46,CA,0
L-02359,tiktok,Low Value,"$250,000 to $499,999",prospecting,Pacific,38,CA,0
L-02360,tiktok,Low Value,"$500,000 to $999,999",prospecting,Pacific,53,OR,0
L-02361,meta,High Value,"$500,000 to $999,999",organic social,Central,100,TX,1
L-02362,tiktok,Low Value,"Less than $250,000",prospecting,Central,12,TX,0
L-02363,google,High Value,"$500,000 to $999,999",brand,Central,67,TX,1
L-02364,google,Ideal,"$1,000,000 to $4,999,999",,Eastern,66,NY,0
L-02365,meta,High Value,"Less than $250,000",organic social,Central,52,MO,1
L-02366,meta,Low Value,"Less than $250,000",retargeting,Eastern,6,NC,0
L-02367,meta,High Value,"$500,000 to $999,999",organic social,Pacific,49,CA,0
L-02368,google,Low Value,"Less than $250,000",pmax,Pacific,39,CA,0
L-02369,google,Ideal,"$1,000,000 to $4,999,999",brand,Eastern,37,FL,1
L-02370,meta,Ideal,"$10,000,000 to $24,999,999",organic social,Central,20,TN,0
L-02371,google,High Value,"$10,000,000 to $24,999,999",brand,Central,74,TX,1
L-02372,meta,Low Value,Self-Serve Signup,prospecting,Eastern,51,FL,1
L-02373,google,High Value,"$500,000 to $999,999",paid search,Eastern,36,GA,0
L-02374,tiktok,Low Value,"$500,000 to $999,999",prospecting,Pacific,44,CA,0
L-02375,bing,Ideal,"$500,000 to $999,999",nonbrand,Eastern,100,VA,0
L-02376,meta,Unknown,"Less than $250,000",,Central,31,IL,0
L-02377,google,Unknown,"Less than $250,000",cpc,Central,40,IL,0
L-02378,meta,High Value,"Less than $250,000",prospecting,Pacific,25,CA,0
L-02379,meta,Unknown,"Less than $250,000",cpc,Central,45,TX,0
L-02380,meta,Low Value,"Less than $250,000",prospecting,Eastern,66,NJ,0
L-02381,tiktok,Low Value,"Less than $250,000",organic social,Eastern,42,NC,0
L-02382,meta,Low Value,"Less than $250,000",retargeting,Pacific,51,,0
L-02383,google,High Value,"$10,000,000 to $24,999,999",nonbrand,Central,100,TX,1
L-02384,meta,Low Value,Self-Serve Signup,brand,Mountain,34,CO,1
L-02385,bing,Ideal,"$5,000,000 to $9,999,999",organic search,Eastern,91,NJ,1
L-02386,meta,Ideal,"$5,000,000 to $9,999,999",nonbrand,Eastern,57,FL,0
L-02387,meta,Low Value,"$500,000 to $999,999",prospecting,Eastern,39,FL,1
L-02388,tiktok,Ideal,"Less than $250,000",brand,Eastern,27,OH,0
L-02389,meta,Low Value,"$250,000 to $499,999",retargeting,Eastern,44,VA,0
L-02390,google,Unknown,"$500,000 to $999,999",brand,Eastern,65,NC,0
L-02391,google,High Value,"$500,000 to $999,999",nonbrand,Central,100,IL,1
L-02392,tiktok,Ideal,"Less than $250,000",retargeting,Pacific,31,WA,0
L-02393,tiktok,Low Value,"Less than $250,000",nonbrand,Mountain,42,UT,0
L-02394,tiktok,Low Value,"Less than $250,000",organic social,Pacific,28,WA,0
L-02395,google,Low Value,"Less than $250,000",paid search,Pacific,18,CA,0
L-02396,meta,Unknown,"Less than $250,000",ppc,Central,37,TX,0
L-02397,google,High Value,"Less than $250,000",paid search,Eastern,70,NY,0
L-02398,google,Low Value,"$1,000,000 to $4,999,999",,Pacific,77,CA,0
L-02399,google,High Value,"$250,000 to $499,999",brand,Eastern,95,NJ,1
L-02400,bing,Low Value,"$250,000 to $499,999",cpc,Eastern,21,NY,0
L-02401,bing,High Value,"$5,000,000 to $9,999,999",organic search,Eastern,95,NY,1
L-02402,bing,Ideal,"$250,000 to $499,999",nonbrand,Arizona,95,AZ,1
L-02403,google,High Value,,pmax,Pacific,0,CA,0
L-02404,google,Low Value,"Less than $250,000",paid search,Eastern,13,NJ,0
L-02405,meta,Low Value,"$5,000,000 to $9,999,999",prospecting,,73,,1
L-02406,tiktok,Low Value,Self-Serve Signup,prospecting,Central,52,TN,0
L-02407,bing,High Value,"$5,000,000 to $9,999,999",nonbrand,,100,,0
L-02408,bing,Low Value,"Less than $250,000",,Eastern,57,GA,1
L-02409,google,Ideal,"$500,000 to $999,999",cpc,Pacific,59,CA,0
L-02410,bing,Unknown,"Less than $250,000",brand,Eastern,23,GA,0
L-02411,google,Ideal,"$500,000 to $999,999",ppc,Pacific,65,NV,0
L-02412,meta,Ideal,"Less than $250,000",retargeting,Eastern,64,MI,1
L-02413,google,Ideal,"$500,000 to $999,999",paid search,Central,54,WI,0
L-02414,google,High Value,"$5,000,000 to $9,999,999",brand,Central,97,TX,1
L-02415,meta,Low Value,Self-Serve Signup,prospecting,Pacific,9,WA,0
L-02416,bing,Ideal,"Less than $250,000",nonbrand,Eastern,69,MA,0
L-02417,meta,Low Value,"$500,000 to $999,999",cpc,Central,43,TX,0
L-02418,bing,High Value,"$1,000,000 to $4,999,999",brand,Eastern,79,MA,0
L-02419,google,Low Value,"Less than $250,000",cpc,Eastern,40,NY,0
L-02420,tiktok,Low Value,"Less than $250,000",prospecting,Mountain,6,UT,0
L-02421,tiktok,Low Value,"Less than $250,000",prospecting,Central,37,,0
L-02422,google,Low Value,"$250,000 to $499,999",brand,Pacific,26,WA,0
L-02423,meta,Low Value,"$250,000 to $499,999",organic social,Pacific,79,CA,0
L-02424,meta,Low Value,"$250,000 to $499,999",retargeting,Eastern,42,FL,1
L-02425,google,Low Value,"Less than $250,000",brand,Central,74,WI,0
L-02426,meta,Low Value,"Less than $250,000",prospecting,,31,,0
L-02427,google,Ideal,"Less than $250,000",nonbrand,Eastern,11,OH,0
L-02428,google,Low Value,"Less than $250,000",cpc,Eastern,59,NC,0
L-02429,google,Low Value,"Less than $250,000",pmax,Eastern,51,GA,0
L-02430,meta,High Value,"$250,000 to $499,999",organic social,Mountain,19,MT,0
L-02431,google,Low Value,"Less than $250,000",retargeting,Pacific,4,CA,0
L-02432,tiktok,Ideal,"Less than $250,000",prospecting,Eastern,42,VA,0
L-02433,meta,Low Value,"Less than $250,000",prospecting,,7,,0
L-02434,google,Ideal,"$1,000,000 to $4,999,999",,Arizona,68,,1
L-02435,bing,Ideal,"$1,000,000 to $4,999,999",paid search,Eastern,100,NJ,0
L-02436,google,High Value,"$10,000,000 to $24,999,999",brand,Eastern,61,FL,0
L-02437,google,Low Value,"$250,000 to $499,999",brand,,47,,0
L-02438,bing,Low Value,"$5,000,000 to $9,999,999",paid search,Pacific,10,WA,0
L-02439,tiktok,Low Value,"$250,000 to $499,999",prospecting,Central,2,MN,0
L-02440,google,High Value,,pmax,Central,69,WI,0
L-02441,bing,Low Value,"$1,000,000 to $4,999,999",nonbrand,Pacific,49,CA,0
L-02442,meta,Low Value,"Less than $250,000",cpc,Central,0,IL,0
L-02443,bing,Low Value,"$250,000 to $499,999",cpc,Eastern,87,PA,0
L-02444,meta,Low Value,"Less than $250,000",prospecting,Central,9,WI,0
L-02445,meta,High Value,"Less than $250,000",prospecting,,87,,0
L-02446,google,Unknown,"Less than $250,000",nonbrand,Eastern,25,GA,0
L-02447,bing,Ideal,"$1,000,000 to $4,999,999",paid search,Central,91,IL,0
L-02448,meta,High Value,"$500,000 to $999,999",cpc,,83,,0
L-02449,meta,Low Value,"Less than $250,000",retargeting,Central,42,WI,1
L-02450,meta,Low Value,"Less than $250,000",retargeting,Eastern,42,GA,1
L-02451,google,Low Value,"Less than $250,000",cpc,Pacific,78,CA,0
L-02452,google,Low Value,"$5,000,000 to $9,999,999",nonbrand,Pacific,38,CA,0
L-02453,google,Low Value,"$250,000 to $499,999",nonbrand,Notify Admin,,CA,0
L-02454,tiktok,Low Value,"Less than $250,000",retargeting,Central,67,TX,0
L-02455,tiktok,Low Value,"$250,000 to $499,999",ppc,Central,63,TX,1
L-02456,tiktok,Low Value,Self-Serve Signup,prospecting,Central,25,IL,0
L-02457,google,High Value,"Less than $250,000",nonbrand,Pacific,90,CA,1
L-02458,bing,Ideal,"Less than $250,000",paid search,Eastern,60,FL,0
L-02459,meta,Unknown,"$250,000 to $499,999",cpc,Central,45,TN,0
L-02460,tiktok,Ideal,"Less than $250,000",organic social,Eastern,93,PA,0
L-02461,google,Low Value,"$250,000 to $499,999",brand,Central,0,TX,0
L-02462,google,Low Value,"$500,000 to $999,999",ppc,Eastern,18,OH,0
L-02463,tiktok,Low Value,"Less than $250,000",prospecting,Central,51,TX,0
L-02464,meta,Low Value,"Less than $250,000",nonbrand,Hawaii,42,HI,0
L-02465,meta,Low Value,"$500,000 to $999,999",nonbrand,Pacific,23,OR,0
L-02466,tiktok,Low Value,"Less than $250,000",retargeting,Arizona,92,AZ,1
L-02467,google,Low Value,"$500,000 to $999,999",brand,Central,42,MO,0
L-02468,google,High Value,"$500,000 to $999,999",nonbrand,Eastern,100,FL,0
L-02469,google,High Value,"$5,000,000 to $9,999,999",organic search,Eastern,45,PA,1
L-02470,google,Unknown,"Less than $250,000",paid search,Pacific,100,CA,1
L-02471,meta,Low Value,"$1,000,000 to $4,999,999",prospecting,Eastern,52,VA,0
L-02472,google,Ideal,"Less than $250,000",pmax,Eastern,34,FL,0
L-02473,google,Ideal,"Less than $250,000",nonbrand,Pacific,38,NV,0
L-02474,meta,High Value,"$5,000,000 to $9,999,999",prospecting,Central,58,TX,0
L-02475,google,Low Value,"Less than $250,000",paid search,Pacific,34,CA,0
L-02476,google,Low Value,"$250,000 to $499,999",cpc,Eastern,30,OH,0
L-02477,meta,Low Value,"Less than $250,000",organic social,Hawaii,21,HI,0
L-02478,bing,Low Value,"Less than $250,000",nonbrand,Central,100,TN,1
L-02479,google,Low Value,"$5,000,000 to $9,999,999",paid search,Eastern,17,FL,0
L-02480,tiktok,Low Value,"$5,000,000 to $9,999,999",prospecting,Arizona,55,AZ,0
L-02481,meta,High Value,"$500,000 to $999,999",organic social,Eastern,57,NJ,0
L-02482,bing,Low Value,"$1,000,000 to $4,999,999",nonbrand,Eastern,52,GA,0
L-02483,meta,Low Value,"Less than $250,000",brand,Eastern,44,GA,0
L-02484,meta,Low Value,"Less than $250,000",prospecting,Pacific,31,OR,0
L-02485,bing,Ideal,"$1,000,000 to $4,999,999",nonbrand,Eastern,64,FL,0
L-02486,google,Ideal,"Less than $250,000",paid search,Eastern,44,NJ,0
L-02487,tiktok,High Value,"$250,000 to $499,999",,Eastern,45,FL,0
L-02488,meta,Low Value,"$250,000 to $499,999",prospecting,Central,31,TX,1
L-02489,tiktok,High Value,"Less than $250,000",retargeting,,69,,0
L-02490,meta,High Value,"$500,000 to $999,999",cpc,Eastern,71,FL,0
L-02491,bing,Ideal,"$1,000,000 to $4,999,999",pmax,Eastern,17,MI,0
L-02492,google,High Value,"Less than $250,000",ppc,Eastern,74,FL,1
L-02493,google,Unknown,"$5,000,000 to $9,999,999",nonbrand,Central,90,TX,1
L-02494,meta,Low Value,,prospecting,Pacific,29,CA,0
L-02495,meta,Low Value,"Less than $250,000",retargeting,Central,33,LA,0
L-02496,bing,Low Value,"$250,000 to $499,999",ppc,Eastern,67,GA,1
L-02497,meta,Ideal,"$500,000 to $999,999",prospecting,Pacific,79,CA,1
L-02498,tiktok,Ideal,"$250,000 to $499,999",prospecting,Eastern,17,NC,0
L-02499,google,Unknown,"$1,000,000 to $4,999,999",paid search,Eastern,71,NY,1
L-02500,google,Ideal,"$1,000,000 to $4,999,999",paid search,Central,39,TX,0
L-02501,google,Low Value,"$250,000 to $499,999",nonbrand,Eastern,16,MA,0
L-02502,meta,Unknown,"Less than $250,000",cpc,Eastern,59,NC,0
L-02503,meta,Low Value,"$250,000 to $499,999",organic social,Central,64,TX,0
L-02504,meta,High Value,"Less than $250,000",retargeting,Central,17,TX,0
L-02505,google,High Value,"$5,000,000 to $9,999,999",paid search,Pacific,,CA,0
L-02506,google,Low Value,"Less than $250,000",paid search,Eastern,100,MI,1
L-02507,meta,Ideal,"$250,000 to $499,999",organic social,Eastern,96,NY,0
L-02508,google,Unknown,"Less than $250,000",cpc,Pacific,18,CA,0
L-02509,google,Low Value,"$250,000 to $499,999",brand,Central,33,TX,0
L-02510,google,Low Value,"$250,000 to $499,999",paid search,Pacific,47,WA,0
L-02511,google,Ideal,"$1,000,000 to $4,999,999",brand,Eastern,59,NY,0
L-02512,google,Ideal,"$1,000,000 to $4,999,999",paid search,Pacific,47,CA,0
L-02513,meta,Ideal,"Less than $250,000",organic social,Central,36,TN,0
L-02514,tiktok,Low Value,"Less than $250,000",prospecting,Eastern,47,NC,0
L-02515,tiktok,Low Value,"Less than $250,000",retargeting,Eastern,75,NC,0
L-02516,google,High Value,"$5,000,000 to $9,999,999",prospecting,Pacific,,CA,1
L-02517,meta,Low Value,"Less than $250,000",prospecting,Arizona,41,AZ,1
L-02518,meta,Low Value,,prospecting,Eastern,0,PA,0
L-02519,google,Unknown,"$500,000 to $999,999",paid search,Eastern,63,OH,0
L-02520,meta,Low Value,"Less than $250,000",prospecting,Eastern,11,NJ,0
L-02521,meta,Low Value,"Less than $250,000",organic search,Eastern,14,MA,0
L-02522,google,Low Value,"Less than $250,000",nonbrand,Eastern,64,FL,0
L-02523,google,Ideal,"$500,000 to $999,999",brand,Central,44,WI,0
L-02524,meta,Low Value,"$5,000,000 to $9,999,999",prospecting,Eastern,68,GA,1
L-02525,meta,Low Value,"Less than $250,000",prospecting,Eastern,0,NY,0
L-02526,google,Ideal,"$250,000 to $499,999",pmax,Eastern,40,FL,0
L-02527,meta,Ideal,"$250,000 to $499,999",organic social,Eastern,,NJ,0
L-02528,meta,Ideal,"$500,000 to $999,999",nonbrand,Eastern,29,NY,0
L-02529,meta,Low Value,"$250,000 to $499,999",organic social,Mountain,34,UT,1
L-02530,tiktok,Low Value,"Less than $250,000",prospecting,Pacific,33,CA,0
L-02531,google,Low Value,"$250,000 to $499,999",ppc,Eastern,54,NC,0
L-02532,google,Ideal,"$250,000 to $499,999",cpc,Eastern,100,OH,1
L-02533,meta,Ideal,"Less than $250,000",retargeting,Central,0,IL,0
L-02534,google,High Value,"Less than $250,000",pmax,Mountain,67,MT,1
L-02535,google,Low Value,"$250,000 to $499,999",paid search,Pacific,52,CA,1
L-02536,google,Ideal,"Less than $250,000",cpc,Pacific,84,CA,1
L-02537,google,High Value,"Less than $250,000",pmax,Eastern,52,FL,0
L-02538,tiktok,Low Value,"Less than $250,000",prospecting,Pacific,,CA,0
L-02539,google,Low Value,"$500,000 to $999,999",nonbrand,Pacific,26,OR,0
L-02540,meta,Ideal,"$250,000 to $499,999",retargeting,Eastern,,GA,1
L-02541,meta,Low Value,,retargeting,Eastern,60,NY,0
L-02542,bing,Low Value,"$5,000,000 to $9,999,999",cpc,Eastern,20,VA,0
L-02543,bing,Unknown,"$250,000 to $499,999",nonbrand,Mountain,75,CO,0
L-02544,meta,Low Value,"$500,000 to $999,999",prospecting,Eastern,99,FL,1
L-02545,meta,Ideal,"$10,000,000 to $24,999,999",retargeting,Eastern,36,NC,1
L-02546,meta,Unknown,"Less than $250,000",organic social,Eastern,23,NY,1
L-02547,google,Ideal,"Less than $250,000",organic search,Central,54,TX,0
L-02548,meta,Low Value,"Less than $250,000",retargeting,Central,16,IL,0
L-02549,bing,Low Value,"Less than $250,000",paid search,Pacific,64,CA,0
L-02550,bing,High Value,"Less than $250,000",brand,Central,56,TX,0
L-02551,google,High Value,"$250,000 to $499,999",cpc,Eastern,53,PA,1
L-02552,google,Low Value,"$500,000 to $999,999",retargeting,Central,,WI,0
L-02553,google,High Value,"$1,000,000 to $4,999,999",,Eastern,,NC,0
L-02554,google,Unknown,"Less than $250,000",nonbrand,Central,37,LA,0
L-02555,google,Low Value,"Less than $250,000",,Eastern,0,,0
L-02556,meta,Ideal,"Less than $250,000",organic social,Pacific,37,CA,0
L-02557,tiktok,Ideal,"Less than $250,000",retargeting,Central,0,TX,0
L-02558,tiktok,Low Value,"Less than $250,000",prospecting,Pacific,66,CA,0
L-02559,google,Ideal,"$5,000,000 to $9,999,999",pmax,Central,61,TN,0
L-02560,meta,Low Value,"Less than $250,000",prospecting,Eastern,48,PA,0
L-02561,google,Ideal,"$5,000,000 to $9,999,999",brand,Eastern,81,NY,1
L-02562,google,Ideal,"$500,000 to $999,999",prospecting,Hawaii,58,HI,1
L-02563,google,High Value,"$500,000 to $999,999",nonbrand,Central,100,IL,1
L-02564,meta,High Value,"$250,000 to $499,999",,Pacific,66,CA,0
L-02565,google,High Value,"Less than $250,000",paid search,Mountain,40,MT,0
L-02566,meta,Ideal,"Less than $250,000",organic social,Eastern,34,NY,0
L-02567,meta,Low Value,"Less than $250,000",prospecting,Eastern,20,,0
L-02568,google,High Value,,pmax,Eastern,22,NC,0
L-02569,google,Low Value,"Less than $250,000",paid search,Arizona,16,AZ,0
L-02570,google,High Value,,nonbrand,Mountain,0,MT,0
L-02571,google,Ideal,"$250,000 to $499,999",nonbrand,Eastern,87,NC,1
L-02572,meta,High Value,"Less than $250,000",retargeting,Pacific,64,CA,0
L-02573,meta,Ideal,"Less than $250,000",brand,Eastern,53,PA,1
L-02574,google,Low Value,"$10,000,000 to $24,999,999",pmax,Eastern,58,,0
L-02575,tiktok,Ideal,"$1,000,000 to $4,999,999",prospecting,Mountain,24,CO,0
L-02576,google,Ideal,"$5,000,000 to $9,999,999",organic search,Central,34,TN,0
L-02577,google,High Value,"$1,000,000 to $4,999,999",brand,,75,,0
L-02578,google,Low Value,Self-Serve Signup,brand,Central,24,TX,0
L-02579,google,Low Value,Self-Serve Signup,brand,Central,28,,1
L-02580,google,Low Value,"Less than $250,000",ppc,Eastern,15,MI,0
L-02581,google,High Value,"$5,000,000 to $9,999,999",organic search,Arizona,61,AZ,0
L-02582,meta,Low Value,"Less than $250,000",prospecting,Eastern,0,OH,0
L-02583,google,Ideal,"$1,000,000 to $4,999,999",paid search,Eastern,86,FL,1
L-02584,google,High Value,"$10,000,000 to $24,999,999",brand,Central,90,IL,1
L-02585,tiktok,Low Value,"Less than $250,000",prospecting,Alaska,53,AK,0
L-02586,google,Unknown,"Less than $250,000",prospecting,Central,14,MO,0
L-02587,google,Low Value,"$250,000 to $499,999",pmax,Pacific,61,WA,1
L-02588,meta,Low Value,"Less than $250,000",prospecting,Hawaii,54,HI,0
L-02589,google,Low Value,"$250,000 to $499,999",nonbrand,Pacific,42,OR,0
L-02590,tiktok,Low Value,"Less than $250,000",ppc,Eastern,23,GA,0
L-02591,google,Low Value,"$500,000 to $999,999",paid search,Pacific,53,CA,1
L-02592,google,High Value,"$1,000,000 to $4,999,999",nonbrand,Eastern,75,FL,0
L-02593,meta,Low Value,"Less than $250,000",brand,Eastern,50,NC,0
L-02594,google,Low Value,"$5,000,000 to $9,999,999",,,80,,1
L-02595,google,Low Value,"Less than $250,000",organic search,Central,40,IL,0
L-02596,meta,High Value,"$250,000 to $499,999",nonbrand,Pacific,58,CA,0
L-02597,meta,Low Value,"Less than $250,000",retargeting,Arizona,41,AZ,0
L-02598,google,Unknown,"Less than $250,000",brand,Central,75,IL,1
L-02599,meta,Low Value,"Less than $250,000",organic social,Central,61,TX,0
L-02600,tiktok,Low Value,"Less than $250,000",prospecting,Eastern,78,OH,0
L-02601,meta,Ideal,"$500,000 to $999,999",retargeting,Hawaii,25,HI,1
L-02602,meta,Low Value,"$250,000 to $499,999",organic social,Central,63,TX,0
L-02603,meta,Ideal,,organic social,Pacific,53,WA,0
L-02604,google,Low Value,"Less than $250,000",brand,Eastern,63,MA,0
L-02605,meta,Ideal,"$500,000 to $999,999",prospecting,Central,95,WI,1
L-02606,meta,Low Value,"$500,000 to $999,999",retargeting,Central,59,IL,0
L-02607,meta,Low Value,"Less than $250,000",organic social,Arizona,70,AZ,1
L-02608,meta,Ideal,"Less than $250,000",prospecting,Eastern,,GA,1
L-02609,google,Ideal,"$1,000,000 to $4,999,999",pmax,Eastern,47,OH,1
L-02610,meta,Unknown,"$500,000 to $999,999",,Pacific,40,,0
L-02611,tiktok,High Value,"$500,000 to $999,999",prospecting,Eastern,72,PA,0
L-02612,bing,Low Value,Self-Serve Signup,nonbrand,Central,9,MO,0
L-02613,meta,Low Value,"$250,000 to $499,999",retargeting,Pacific,26,WA,0
L-02614,meta,Low Value,"$500,000 to $999,999",brand,Eastern,59,GA,0
L-02615,google,Low Value,"$500,000 to $999,999",nonbrand,Pacific,23,CA,0
L-02616,meta,Unknown,"$250,000 to $499,999",prospecting,Central,78,TN,0
L-02617,google,Ideal,"Less than $250,000",brand,Eastern,74,VA,0
L-02618,meta,Low Value,"Less than $250,000",prospecting,Pacific,37,CA,0
L-02619,bing,Ideal,"$250,000 to $499,999",ppc,Eastern,68,NJ,1
L-02620,tiktok,Low Value,"Less than $250,000",prospecting,Eastern,36,NJ,0
L-02621,meta,Low Value,"Less than $250,000",organic social,Eastern,53,FL,0
L-02622,meta,High Value,"Less than $250,000",organic social,Eastern,17,FL,0
L-02623,google,Low Value,"Less than $250,000",nonbrand,Central,27,TX,0
L-02624,meta,Low Value,"$500,000 to $999,999",cpc,Pacific,0,CA,0
L-02625,meta,Low Value,"Less than $250,000",organic social,Pacific,1,WA,0
L-02626,bing,Unknown,"$10,000,000 to $24,999,999",paid search,Central,37,TN,0
L-02627,google,Unknown,"$1,000,000 to $4,999,999",paid search,Eastern,53,NY,1
L-02628,bing,Low Value,"Less than $250,000",paid search,Pacific,,CA,0
L-02629,google,Ideal,"$5,000,000 to $9,999,999",ppc,Central,17,IL,0
L-02630,google,Low Value,"$500,000 to $999,999",nonbrand,Central,58,MO,0
L-02631,meta,Low Value,"$250,000 to $499,999",organic social,Mountain,50,UT,0
L-02632,google,Unknown,"$500,000 to $999,999",paid search,Eastern,97,NY,0
L-02633,tiktok,Low Value,"$500,000 to $999,999",prospecting,Pacific,79,CA,1
L-02634,google,Low Value,"Less than $250,000",nonbrand,Pacific,37,WA,1
L-02635,meta,Low Value,Self-Serve Signup,organic social,Central,41,,0
L-02636,google,High Value,"Less than $250,000",paid search,Eastern,79,OH,0
L-02637,bing,Ideal,"$500,000 to $999,999",brand,Eastern,84,OH,0
L-02638,google,Ideal,"$1,000,000 to $4,999,999",paid search,Eastern,,GA,1
L-02639,bing,Low Value,"Less than $250,000",paid search,Eastern,5,MA,1
L-02640,tiktok,Low Value,"Less than $250,000",organic social,Eastern,43,FL,1
L-02641,bing,Low Value,"$500,000 to $999,999",nonbrand,Central,35,IL,0
L-02642,meta,Low Value,"Less than $250,000",prospecting,Eastern,36,FL,0
L-02643,google,Low Value,"$250,000 to $499,999",brand,Central,63,TX,1
L-02644,google,Ideal,"$250,000 to $499,999",retargeting,Central,43,TX,0
L-02645,google,Low Value,,nonbrand,Eastern,22,NJ,1
L-02646,tiktok,Ideal,"$1,000,000 to $4,999,999",organic social,Central,54,TX,1
L-02647,google,Low Value,"Less than $250,000",cpc,Eastern,4,VA,0
L-02648,google,Low Value,Self-Serve Signup,cpc,Central,0,TN,0
L-02649,meta,Low Value,"Less than $250,000",retargeting,Arizona,61,AZ,0
L-02650,tiktok,Low Value,"$250,000 to $499,999",,Mountain,58,CO,0
L-02651,bing,Low Value,"$10,000,000 to $24,999,999",brand,Eastern,46,VA,0
L-02652,google,Ideal,"Less than $250,000",nonbrand,Central,33,TX,0
L-02653,google,Low Value,"$250,000 to $499,999",pmax,Pacific,41,NV,0
L-02654,meta,Low Value,Self-Serve Signup,retargeting,Eastern,4,FL,0
L-02655,google,Low Value,"$500,000 to $999,999",organic search,Eastern,41,NY,0
L-02656,meta,Low Value,"Less than $250,000",retargeting,Pacific,68,CA,0
L-02657,google,Ideal,"$250,000 to $499,999",cpc,Eastern,30,FL,0
L-02658,google,Ideal,"Less than $250,000",brand,Pacific,2,CA,0
L-02659,google,High Value,"$250,000 to $499,999",cpc,Eastern,98,GA,1
L-02660,meta,Low Value,"Less than $250,000",pmax,Eastern,46,PA,0
L-02661,bing,High Value,"$250,000 to $499,999",brand,Eastern,24,GA,0
L-02662,meta,Low Value,Self-Serve Signup,ppc,Eastern,0,FL,0
L-02663,google,Low Value,"$10,000,000 to $24,999,999",paid search,Central,26,TX,0
L-02664,google,Low Value,"Less than $250,000",organic search,Mountain,94,UT,1
L-02665,google,High Value,"$250,000 to $499,999",brand,Eastern,91,MI,0
L-02666,bing,Ideal,"$5,000,000 to $9,999,999",brand,Eastern,,PA,0
L-02667,tiktok,Low Value,"$250,000 to $499,999",prospecting,Central,34,TX,0
L-02668,google,High Value,"$5,000,000 to $9,999,999",prospecting,Eastern,59,NC,1
L-02669,meta,Low Value,"Less than $250,000",organic social,Central,63,MN,0
L-02670,google,Ideal,"Less than $250,000",cpc,Eastern,66,GA,0
L-02671,google,High Value,"$10,000,000 to $24,999,999",brand,Central,78,TX,0
L-02672,google,Ideal,"$250,000 to $499,999",prospecting,Eastern,66,NC,0
L-02673,meta,Low Value,"Less than $250,000",cpc,Pacific,31,CA,0
L-02674,meta,Ideal,"Less than $250,000",cpc,Pacific,22,CA,0
L-02675,google,Low Value,"Less than $250,000",retargeting,Eastern,2,GA,0
L-02676,google,Ideal,"$500,000 to $999,999",nonbrand,Pacific,53,CA,1
L-02677,google,Low Value,"$500,000 to $999,999",paid search,Eastern,54,FL,1
L-02678,bing,Low Value,"Less than $250,000",paid search,Mountain,,UT,0
L-02679,meta,Low Value,"$500,000 to $999,999",prospecting,Pacific,4,WA,0
L-02680,tiktok,Low Value,"$250,000 to $499,999",prospecting,Eastern,,FL,0
L-02681,bing,Low Value,"$500,000 to $999,999",paid search,Pacific,32,CA,0
L-02682,meta,Low Value,"Less than $250,000",organic social,Eastern,7,VA,0
L-02683,google,Low Value,"Less than $250,000",nonbrand,Pacific,39,WA,0
L-02684,meta,Ideal,"Less than $250,000",prospecting,Pacific,91,WA,0
L-02685,tiktok,Unknown,Self-Serve Signup,prospecting,Eastern,37,GA,0
L-02686,bing,High Value,"$500,000 to $999,999",prospecting,Eastern,17,FL,0
L-02687,google,High Value,"$500,000 to $999,999",paid search,Eastern,29,FL,0
L-02688,meta,Ideal,"$250,000 to $499,999",ppc,Pacific,58,CA,0
L-02689,bing,Ideal,"Less than $250,000",paid search,Central,34,IL,0
L-02690,google,Low Value,"$500,000 to $999,999",ppc,Hawaii,71,HI,0
L-02691,google,Ideal,"$250,000 to $499,999",paid search,Eastern,83,VA,0
L-02692,google,High Value,"$5,000,000 to $9,999,999",brand,Eastern,79,,0
L-02693,tiktok,Ideal,"Less than $250,000",organic social,Pacific,46,CA,0
L-02694,bing,High Value,"$5,000,000 to $9,999,999",nonbrand,Alaska,67,AK,0
L-02695,meta,Ideal,"Less than $250,000",retargeting,Pacific,13,WA,1
L-02696,meta,Low Value,"Less than $250,000",nonbrand,Central,38,TX,1
L-02697,google,High Value,"$5,000,000 to $9,999,999",pmax,Eastern,45,GA,0
L-02698,meta,Low Value,"Less than $250,000",retargeting,Eastern,44,MI,0
L-02699,meta,Low Value,"$250,000 to $499,999",cpc,Mountain,25,CO,0
L-02700,meta,Low Value,"$500,000 to $999,999",brand,Pacific,11,CA,0
L-02701,meta,High Value,"$10,000,000 to $24,999,999",retargeting,Mountain,61,CO,0
L-02702,meta,Low Value,"Less than $250,000",paid search,Eastern,47,NC,0
L-02703,google,High Value,"Less than $250,000",brand,Eastern,47,FL,0
L-02704,google,Low Value,"$250,000 to $499,999",pmax,Mountain,62,UT,0
L-02705,meta,Ideal,"$1,000,000 to $4,999,999",organic search,Eastern,100,MI,1
L-02706,google,Low Value,"$500,000 to $999,999",nonbrand,Central,55,TX,0
L-02707,bing,High Value,"Less than $250,000",nonbrand,Arizona,52,AZ,0
L-02708,bing,High Value,"Less than $250,000",paid search,Alaska,100,AK,1
L-02709,meta,Ideal,"Less than $250,000",prospecting,Eastern,,MI,0
L-02710,meta,High Value,,organic social,Pacific,75,CA,0
L-02711,google,Low Value,"$250,000 to $499,999",brand,Pacific,62,OR,1
L-02712,meta,Low Value,"Less than $250,000",prospecting,Eastern,43,FL,0
L-02713,meta,Low Value,"Less than $250,000",retargeting,Arizona,47,AZ,0
L-02714,meta,High Value,"$1,000,000 to $4,999,999",prospecting,Pacific,49,CA,1
L-02715,meta,Low Value,"Less than $250,000",organic social,Eastern,41,NY,1
L-02716,google,Low Value,"$10,000,000 to $24,999,999",,Pacific,50,CA,0
L-02717,meta,Low Value,"Less than $250,000",organic social,Mountain,59,CO,1
L-02718,tiktok,Ideal,"Less than $250,000",brand,Central,75,MN,0
L-02719,google,Ideal,,nonbrand,Arizona,98,AZ,1
L-02720,meta,Low Value,"Less than $250,000",organic social,Hawaii,5,HI,0
L-02721,bing,Unknown,"$250,000 to $499,999",cpc,Eastern,38,GA,0
L-02722,meta,Ideal,,prospecting,Mountain,100,CO,0
L-02723,google,High Value,"$250,000 to $499,999",brand,Central,39,IL,0
L-02724,google,High Value,"$500,000 to $999,999",pmax,Central,72,TX,0
L-02725,meta,Ideal,"$5,000,000 to $9,999,999",brand,Eastern,37,NJ,1
L-02726,google,Low Value,"$1,000,000 to $4,999,999",nonbrand,Eastern,35,PA,0
L-02727,google,Ideal,"Less than $250,000",brand,Mountain,44,CO,0
L-02728,tiktok,Low Value,"Less than $250,000",organic social,Central,53,TX,0
L-02729,meta,Low Value,"$1,000,000 to $4,999,999",retargeting,Pacific,90,NV,1
L-02730,tiktok,Low Value,"$500,000 to $999,999",prospecting,Eastern,38,MI,0
L-02731,google,Unknown,"$250,000 to $499,999",nonbrand,Mountain,99,MT,1
L-02732,google,Ideal,"Less than $250,000",brand,Mountain,94,UT,1
L-02733,meta,Low Value,"Less than $250,000",organic social,Pacific,18,WA,0
L-02734,google,Low Value,"Less than $250,000",paid search,Central,10,TX,0
L-02735,bing,High Value,"$5,000,000 to $9,999,999",,Eastern,100,,0
L-02736,meta,Low Value,"$500,000 to $999,999",brand,Central,23,TX,0
L-02737,google,Low Value,"Less than $250,000",nonbrand,Central,27,TN,1
L-02738,meta,Low Value,"$1,000,000 to $4,999,999",organic social,Eastern,27,OH,0
L-02739,meta,Low Value,"$5,000,000 to $9,999,999",prospecting,Eastern,53,NY,0
L-02740,meta,Low Value,"Less than $250,000",prospecting,,1,,0
L-02741,google,Ideal,Self-Serve Signup,ppc,Eastern,49,MA,0
L-02742,google,Unknown,"Less than $250,000",nonbrand,Eastern,41,VA,0
L-02743,tiktok,Ideal,Self-Serve Signup,organic social,Pacific,,CA,0
L-02744,bing,Low Value,"$500,000 to $999,999",nonbrand,Central,55,TX,0
L-02745,google,Low Value,"Less than $250,000",retargeting,Pacific,12,CA,0
L-02746,google,High Value,"Less than $250,000",ppc,Eastern,52,GA,0
L-02747,meta,Low Value,"$250,000 to $499,999",organic social,Central,28,TX,0
L-02748,meta,Low Value,Self-Serve Signup,prospecting,Pacific,,WA,0
L-02749,google,High Value,"$1,000,000 to $4,999,999",pmax,Pacific,83,CA,0
L-02750,meta,Low Value,"Less than $250,000",retargeting,Pacific,71,CA,0
L-02751,meta,Low Value,Self-Serve Signup,retargeting,Central,0,TN,0
L-02752,google,Low Value,"$250,000 to $499,999",nonbrand,Central,,TX,0
L-02753,meta,Low Value,"Less than $250,000",retargeting,Eastern,53,MI,1
L-02754,google,Low Value,"$500,000 to $999,999",nonbrand,Eastern,27,FL,0
L-02755,tiktok,Ideal,"$250,000 to $499,999",organic social,Eastern,32,NY,0
L-02756,google,Low Value,"$500,000 to $999,999",nonbrand,Eastern,29,OH,0
L-02757,google,High Value,"$500,000 to $999,999",cpc,Eastern,76,NY,0
L-02758,meta,Low Value,,prospecting,Eastern,38,GA,0
L-02759,google,Unknown,"Less than $250,000",brand,Pacific,43,CA,1
L-02760,google,Ideal,"$5,000,000 to $9,999,999",brand,Arizona,39,AZ,0
L-02761,google,Unknown,"$500,000 to $999,999",cpc,Mountain,60,CO,0
L-02762,meta,Low Value,"$250,000 to $499,999",prospecting,Central,10,MO,0
L-02763,google,Low Value,"$5,000,000 to $9,999,999",brand,Pacific,70,NV,0
L-02764,google,Ideal,"Less than $250,000",brand,Eastern,52,NJ,0
L-02765,tiktok,Low Value,"Less than $250,000",pmax,Eastern,32,GA,1
L-02766,tiktok,Low Value,"$250,000 to $499,999",paid search,Eastern,64,GA,0
L-02767,meta,Low Value,"Less than $250,000",organic search,Eastern,25,NY,0
L-02768,meta,Low Value,"Less than $250,000",organic social,Central,0,IL,0
L-02769,bing,Low Value,"$10,000,000 to $24,999,999",brand,Eastern,57,PA,0
L-02770,meta,Low Value,"$250,000 to $499,999",ppc,Eastern,43,NC,0
L-02771,google,Low Value,"$250,000 to $499,999",nonbrand,Eastern,55,NY,0
L-02772,bing,Low Value,"$250,000 to $499,999",brand,Central,57,LA,0
L-02773,tiktok,Low Value,"$500,000 to $999,999",organic social,Mountain,22,UT,0
L-02774,meta,Low Value,"$10,000,000 to $24,999,999",organic social,Eastern,38,FL,0
L-02775,meta,Low Value,"Less than $250,000",prospecting,Mountain,10,CO,0
L-02776,meta,High Value,"$250,000 to $499,999",prospecting,Central,,IL,0
L-02777,meta,Ideal,,brand,Central,72,IL,0
L-02778,bing,High Value,"Less than $250,000",cpc,Central,100,TX,0
L-02779,meta,Ideal,"Less than $250,000",prospecting,Central,69,TX,0
L-02780,tiktok,Ideal,Self-Serve Signup,retargeting,Pacific,64,WA,0
L-02781,tiktok,Low Value,"$1,000,000 to $4,999,999",,Eastern,35,NC,1
L-02782,tiktok,High Value,"$250,000 to $499,999",retargeting,Eastern,100,NY,1
L-02783,meta,Ideal,"Less than $250,000",prospecting,Pacific,98,NV,1
L-02784,meta,Low Value,"Less than $250,000",cpc,Central,37,TX,0
L-02785,meta,Low Value,"Less than $250,000",retargeting,Eastern,30,MI,0
L-02786,meta,Low Value,"$250,000 to $499,999",organic social,Eastern,50,NY,0
L-02787,meta,High Value,"Less than $250,000",prospecting,Eastern,80,NJ,0
L-02788,google,Ideal,"$250,000 to $499,999",brand,Eastern,84,NY,1
L-02789,google,Low Value,"Less than $250,000",brand,Pacific,6,OR,0
L-02790,google,Ideal,"$1,000,000 to $4,999,999",pmax,Central,18,TX,1
L-02791,meta,Low Value,"Less than $250,000",prospecting,Central,26,WI,0
L-02792,meta,Low Value,"Less than $250,000",prospecting,,5,,0
L-02793,google,Low Value,,nonbrand,Arizona,47,AZ,1
L-02794,meta,Ideal,"$500,000 to $999,999",brand,Pacific,53,WA,0
L-02795,google,Ideal,"$250,000 to $499,999",cpc,Pacific,57,WA,0
L-02796,meta,Low Value,"Less than $250,000",retargeting,Eastern,53,NY,0
L-02797,bing,High Value,"$1,000,000 to $4,999,999",paid search,Central,61,TN,1
L-02798,meta,Low Value,"Less than $250,000",,Central,29,TX,0
L-02799,google,Low Value,"Less than $250,000",paid search,Arizona,43,AZ,0
L-02800,tiktok,Low Value,"Less than $250,000",prospecting,Eastern,4,NY,0
L-02801,meta,High Value,"$500,000 to $999,999",prospecting,Central,60,IL,0
L-02802,google,Low Value,"Less than $250,000",paid search,Mountain,53,UT,0
L-02803,google,Ideal,"$250,000 to $499,999",brand,Pacific,0,WA,0
L-02804,google,Ideal,"$250,000 to $499,999",nonbrand,Eastern,60,MA,0
L-02805,tiktok,Ideal,"Less than $250,000",retargeting,Eastern,57,MA,0
L-02806,meta,Low Value,"$1,000,000 to $4,999,999",ppc,Central,7,TX,0
L-02807,google,Ideal,"$10,000,000 to $24,999,999",pmax,Pacific,47,OR,1
L-02808,google,Ideal,"Less than $250,000",nonbrand,Eastern,44,GA,1
L-02809,google,Unknown,"Less than $250,000",nonbrand,Eastern,29,PA,0
L-02810,meta,Low Value,Self-Serve Signup,prospecting,Arizona,0,AZ,0
L-02811,meta,Ideal,"Less than $250,000",retargeting,Eastern,86,NY,1
L-02812,meta,Low Value,"Less than $250,000",organic social,Eastern,50,PA,0
L-02813,meta,Low Value,"$250,000 to $499,999",organic social,,19,,0
L-02814,meta,Low Value,"Less than $250,000",nonbrand,Pacific,48,OR,0
L-02815,bing,High Value,"$500,000 to $999,999",nonbrand,Central,28,LA,0
L-02816,google,High Value,"$1,000,000 to $4,999,999",brand,Eastern,46,PA,0
L-02817,google,Low Value,"$500,000 to $999,999",cpc,Eastern,56,FL,0
L-02818,google,High Value,"$10,000,000 to $24,999,999",ppc,Pacific,57,CA,0
L-02819,google,Low Value,"Less than $250,000",cpc,Pacific,43,CA,0
L-02820,google,Low Value,"$5,000,000 to $9,999,999",brand,Eastern,58,NC,0
L-02821,tiktok,Low Value,"Less than $250,000",brand,Eastern,15,NJ,0
L-02822,google,High Value,"Less than $250,000",brand,Eastern,69,NC,0
L-02823,google,High Value,"Less than $250,000",brand,Central,13,MO,0
L-02824,google,Low Value,"$250,000 to $499,999",pmax,Pacific,48,WA,1
L-02825,google,High Value,"$500,000 to $999,999",retargeting,Central,58,IL,0
L-02826,google,Unknown,"$500,000 to $999,999",organic search,Alaska,46,AK,0
L-02827,meta,Ideal,"Less than $250,000",retargeting,Eastern,27,FL,0
L-02828,bing,Low Value,"Less than $250,000",pmax,Central,0,TN,0
L-02829,meta,Ideal,"$250,000 to $499,999",retargeting,Eastern,48,GA,1
L-02830,tiktok,Low Value,"Less than $250,000",organic social,Pacific,16,CA,0
L-02831,meta,Low Value,"$250,000 to $499,999",prospecting,Eastern,57,NY,0
L-02832,google,High Value,"$10,000,000 to $24,999,999",organic search,Pacific,,OR,1
L-02833,meta,Low Value,"Less than $250,000",prospecting,Central,61,TX,1
L-02834,meta,Low Value,Self-Serve Signup,retargeting,Mountain,7,CO,0
L-02835,meta,Ideal,,organic social,Central,41,IL,0
L-02836,tiktok,Low Value,"Less than $250,000",retargeting,Pacific,88,OR,0
L-02837,google,Ideal,"Less than $250,000",,Eastern,24,OH,0
L-02838,google,Low Value,"Less than $250,000",brand,Eastern,76,PA,1
L-02839,google,Low Value,"$1,000,000 to $4,999,999",nonbrand,Eastern,74,GA,1
L-02840,meta,Low Value,"Less than $250,000",prospecting,Central,22,TX,0
L-02841,google,Low Value,"$250,000 to $499,999",paid search,Eastern,63,FL,0
L-02842,tiktok,Low Value,"$250,000 to $499,999",retargeting,Central,63,WI,0
L-02843,bing,Low Value,"$250,000 to $499,999",ppc,Eastern,38,GA,0
L-02844,google,Low Value,"Less than $250,000",nonbrand,Arizona,40,AZ,0
L-02845,tiktok,Low Value,Self-Serve Signup,prospecting,Eastern,0,,0
L-02846,google,Low Value,"$5,000,000 to $9,999,999",organic search,Central,61,TX,1
L-02847,bing,Low Value,"Less than $250,000",pmax,Central,57,IL,0
L-02848,tiktok,High Value,"$5,000,000 to $9,999,999",retargeting,Central,81,TN,0
L-02849,google,Ideal,"$500,000 to $999,999",cpc,Eastern,35,PA,0
L-02850,google,High Value,"$500,000 to $999,999",nonbrand,Arizona,59,AZ,0
L-02851,google,High Value,"$5,000,000 to $9,999,999",nonbrand,Pacific,90,CA,0
L-02852,google,High Value,"Less than $250,000",brand,Eastern,32,NY,0
L-02853,google,Ideal,"Less than $250,000",ppc,Pacific,100,CA,1
L-02854,tiktok,Low Value,"$1,000,000 to $4,999,999",organic social,Central,87,MN,0
L-02855,meta,Low Value,"Less than $250,000",brand,Eastern,6,PA,0
L-02856,bing,Ideal,"$250,000 to $499,999",cpc,Pacific,26,CA,0
L-02857,bing,Unknown,"Less than $250,000",nonbrand,Central,31,TX,0
L-02858,meta,Low Value,"Less than $250,000",ppc,Pacific,12,CA,0
L-02859,meta,Low Value,"Less than $250,000",organic social,Pacific,3,WA,0
L-02860,meta,Low Value,"Less than $250,000",brand,Eastern,30,FL,0
L-02861,bing,Ideal,"$5,000,000 to $9,999,999",brand,Pacific,63,OR,0
L-02862,meta,Unknown,"$250,000 to $499,999",prospecting,Central,31,TX,0
L-02863,google,Low Value,"Less than $250,000",pmax,Eastern,37,MA,0
L-02864,meta,Ideal,"Less than $250,000",,Central,44,TN,0
L-02865,meta,Ideal,"$1,000,000 to $4,999,999",organic social,Central,16,TX,0
L-02866,google,Low Value,"$500,000 to $999,999",paid search,Eastern,88,VA,1
L-02867,bing,Low Value,"$500,000 to $999,999",paid search,Pacific,37,WA,0
L-02868,google,Low Value,"Less than $250,000",prospecting,Central,42,IL,1
L-02869,meta,Ideal,"$10,000,000 to $24,999,999",organic social,Eastern,0,FL,0
L-02870,meta,Ideal,"$500,000 to $999,999",prospecting,Mountain,,CO,1
L-02871,google,Ideal,"$250,000 to $499,999",brand,Eastern,80,MA,0
L-02872,meta,Low Value,"Less than $250,000",organic social,Eastern,70,PA,0
L-02873,google,Ideal,"$250,000 to $499,999",brand,Eastern,65,MA,0
L-02874,google,Ideal,"$1,000,000 to $4,999,999",nonbrand,Central,38,TX,1
L-02875,tiktok,Low Value,"$250,000 to $499,999",cpc,Eastern,23,MI,0
L-02876,meta,Low Value,"$500,000 to $999,999",prospecting,Eastern,31,GA,0
L-02877,tiktok,Low Value,"Less than $250,000",retargeting,Eastern,44,,0
L-02878,meta,Low Value,"$250,000 to $499,999",organic social,Central,73,TN,0
L-02879,tiktok,Low Value,"$250,000 to $499,999",prospecting_lead_generation,Pacific,0,CA,1
L-02880,tiktok,Low Value,"$1,000,000 to $4,999,999",brand,Eastern,16,NC,0
L-02881,google,Low Value,"Less than $250,000",brand,Eastern,16,GA,0
L-02882,bing,Ideal,"$500,000 to $999,999",cpc,Eastern,86,NY,1
L-02883,google,Ideal,"$10,000,000 to $24,999,999",nonbrand,Eastern,92,VA,1
L-02884,google,High Value,"$250,000 to $499,999",cpc,Central,100,TX,1
L-02885,google,Ideal,"$500,000 to $999,999",cpc,Eastern,92,MI,0
L-02886,tiktok,Low Value,"Less than $250,000",prospecting,Eastern,,GA,0
L-02887,meta,Ideal,"Less than $250,000",organic social,Mountain,18,UT,0
L-02888,google,Low Value,"Less than $250,000",brand,Eastern,40,MA,0
L-02889,google,High Value,"$5,000,000 to $9,999,999",brand,Eastern,31,NY,1
L-02890,meta,Low Value,"$500,000 to $999,999",prospecting,Eastern,0,FL,0
L-02891,meta,Ideal,"$500,000 to $999,999",prospecting,Pacific,,OR,0
L-02892,meta,Low Value,,prospecting,Eastern,12,NY,0
L-02893,bing,Low Value,"Less than $250,000",ppc,Eastern,68,MA,0
L-02894,google,High Value,"$500,000 to $999,999",pmax,Eastern,54,MA,1
L-02895,meta,High Value,"$5,000,000 to $9,999,999",prospecting,Eastern,84,NY,0
L-02896,meta,Low Value,"Less than $250,000",prospecting,Central,,,0
L-02897,meta,High Value,"$10,000,000 to $24,999,999",organic search,Eastern,62,NY,0
L-02898,bing,Ideal,"$5,000,000 to $9,999,999",nonbrand,Central,86,TN,1
L-02899,bing,Low Value,"$1,000,000 to $4,999,999",brand,Central,42,IL,0
L-02900,google,High Value,"$500,000 to $999,999",paid search,Central,67,TX,1
L-02901,google,Ideal,"$500,000 to $999,999",ppc,Eastern,33,MI,0
L-02902,google,High Value,"$250,000 to $499,999",brand,Eastern,42,NC,0
L-02903,meta,High Value,"Less than $250,000",organic social,Pacific,,CA,0
L-02904,meta,Ideal,"Less than $250,000",organic social,Pacific,43,NV,0
L-02905,google,High Value,"$1,000,000 to $4,999,999",brand,Pacific,56,OR,0
L-02906,google,Ideal,"$10,000,000 to $24,999,999",pmax,Eastern,100,PA,0
L-02907,meta,Unknown,"$250,000 to $499,999",organic social,Central,47,IL,0
L-02908,google,Low Value,"Less than $250,000",brand,Mountain,10,MT,0
L-02909,tiktok,Low Value,"$500,000 to $999,999",prospecting,Eastern,9,GA,0
L-02910,bing,Low Value,"$250,000 to $499,999",cpc,Central,29,TX,0
L-02911,bing,Ideal,"$500,000 to $999,999",cpc,Eastern,40,NJ,0
L-02912,bing,Low Value,"$1,000,000 to $4,999,999",paid search,Pacific,49,CA,0
L-02913,meta,Low Value,"$250,000 to $499,999",retargeting,Eastern,44,OH,0
L-02914,meta,Unknown,"Less than $250,000",brand,Central,,MN,0
L-02915,google,Ideal,"$500,000 to $999,999",brand,Pacific,15,,0
L-02916,google,Low Value,"$1,000,000 to $4,999,999",brand,Mountain,,UT,0
L-02917,tiktok,Ideal,"Less than $250,000",brand,Eastern,0,NJ,0
L-02918,tiktok,Low Value,"$500,000 to $999,999",prospecting,Eastern,0,NY,0
L-02919,google,Ideal,"$500,000 to $999,999",brand,Arizona,59,AZ,0
L-02920,google,Ideal,"$250,000 to $499,999",ppc,Central,100,TX,1
L-02921,google,High Value,"Less than $250,000",nonbrand,Mountain,48,CO,1
L-02922,meta,Low Value,,cpc,Eastern,0,PA,0
L-02923,meta,Low Value,"Less than $250,000",prospecting,Eastern,0,MA,0
L-02924,google,High Value,"$5,000,000 to $9,999,999",brand,Central,100,TX,1
L-02925,google,Unknown,"$250,000 to $499,999",brand,Pacific,61,OR,0
L-02926,bing,Ideal,"$500,000 to $999,999",ppc,Eastern,59,MI,0
L-02927,meta,Low Value,"Less than $250,000",prospecting,Pacific,0,OR,0
L-02928,bing,Ideal,"$10,000,000 to $24,999,999",ppc,Mountain,71,CO,0
L-02929,bing,Low Value,"$10,000,000 to $24,999,999",brand,Mountain,35,CO,1
L-02930,tiktok,Ideal,"$500,000 to $999,999",organic social,Mountain,72,CO,0
L-02931,google,High Value,"$5,000,000 to $9,999,999",nonbrand,Pacific,88,CA,1
L-02932,meta,Low Value,"Less than $250,000",retargeting,Eastern,5,PA,0
L-02933,tiktok,High Value,"Less than $250,000",retargeting,Pacific,73,NV,0
L-02934,meta,High Value,"$500,000 to $999,999",prospecting,Central,,MN,0
L-02935,google,Ideal,"$500,000 to $999,999",ppc,Eastern,50,PA,0
L-02936,google,Low Value,"$500,000 to $999,999",brand,Eastern,27,FL,0
L-02937,google,Low Value,"Less than $250,000",ppc,Pacific,63,OR,1
L-02938,meta,Low Value,"Less than $250,000",organic social,Arizona,0,AZ,0
L-02939,meta,Low Value,"Less than $250,000",organic social,Eastern,48,GA,0
L-02940,tiktok,Ideal,"Less than $250,000",retargeting,Central,38,,1
L-02941,meta,Low Value,"$250,000 to $499,999",retargeting,Eastern,9,FL,0
L-02942,meta,Low Value,,retargeting,Eastern,8,GA,0
L-02943,google,Ideal,"$1,000,000 to $4,999,999",nonbrand,Central,43,TX,1
L-02944,tiktok,Low Value,"$250,000 to $499,999",prospecting,Central,41,MO,0
L-02945,meta,Low Value,"$1,000,000 to $4,999,999",prospecting,Central,50,,0
L-02946,google,Low Value,Self-Serve Signup,nonbrand,Pacific,25,CA,0
L-02947,meta,High Value,"$250,000 to $499,999",prospecting,Eastern,88,GA,0
L-02948,tiktok,Low Value,"Less than $250,000",cpc,Pacific,54,CA,0
L-02949,meta,Low Value,Self-Serve Signup,cpc,Eastern,50,OH,0
L-02950,google,High Value,"$250,000 to $499,999",paid search,Central,100,TX,0
L-02951,meta,Low Value,"Less than $250,000",retargeting,Eastern,47,OH,0
L-02952,google,Low Value,"$250,000 to $499,999",nonbrand,Pacific,39,WA,0
L-02953,meta,Low Value,"$250,000 to $499,999",organic social,Pacific,26,NV,0
L-02954,bing,Low Value,"Less than $250,000",cpc,Arizona,26,AZ,1
L-02955,google,Unknown,"$250,000 to $499,999",nonbrand,Pacific,23,CA,0
L-02956,tiktok,Ideal,"$1,000,000 to $4,999,999",retargeting,Central,57,TX,0
L-02957,google,Ideal,"$250,000 to $499,999",pmax,Eastern,76,GA,0
L-02958,google,High Value,"$10,000,000 to $24,999,999",ppc,Eastern,100,PA,1
L-02959,tiktok,Low Value,"Less than $250,000",brand,Eastern,36,OH,0
L-02960,tiktok,Low Value,"Less than $250,000",organic social,Eastern,,PA,0
L-02961,bing,Ideal,"$250,000 to $499,999",ppc,Central,56,TN,0
L-02962,google,High Value,"$5,000,000 to $9,999,999",nonbrand,Central,,WI,1
L-02963,meta,Low Value,Self-Serve Signup,prospecting,Eastern,20,NC,0
L-02964,google,High Value,"$500,000 to $999,999",cpc,Eastern,48,GA,0
L-02965,google,High Value,"Less than $250,000",pmax,Central,40,TN,0
L-02966,google,Low Value,"Less than $250,000",nonbrand,Eastern,92,NY,0
L-02967,meta,Low Value,"Less than $250,000",prospecting,Eastern,17,FL,0
L-02968,bing,High Value,"Less than $250,000",organic search,Central,77,MN,1
L-02969,meta,Ideal,"$1,000,000 to $4,999,999",organic social,Mountain,100,MT,0
L-02970,google,Low Value,"$5,000,000 to $9,999,999",brand,Central,64,IL,1
L-02971,meta,Ideal,"$500,000 to $999,999",prospecting,Eastern,60,NJ,1
L-02972,meta,Low Value,Self-Serve Signup,retargeting,Central,0,TN,0
L-02973,bing,Ideal,"$1,000,000 to $4,999,999",cpc,Eastern,23,MA,0
L-02974,google,Ideal,"Less than $250,000",cpc,Eastern,41,OH,0
L-02975,meta,Low Value,"Less than $250,000",prospecting,Eastern,61,OH,0
L-02976,google,Ideal,"Less than $250,000",brand,Eastern,37,FL,0
L-02977,tiktok,Unknown,"$5,000,000 to $9,999,999",prospecting,Central,38,TX,1
L-02978,google,Low Value,"$500,000 to $999,999",brand,Central,65,IL,1
L-02979,meta,Low Value,"$5,000,000 to $9,999,999",prospecting,Eastern,56,FL,0
L-02980,google,Low Value,"Less than $250,000",organic search,Eastern,12,NJ,0
L-02981,meta,Ideal,"$10,000,000 to $24,999,999",brand,Pacific,,,0
L-02982,meta,High Value,"$250,000 to $499,999",organic social,Pacific,2,CA,0
L-02983,tiktok,Unknown,"Less than $250,000",prospecting,Mountain,8,CO,0
L-02984,meta,Low Value,"$1,000,000 to $4,999,999",prospecting,Arizona,63,AZ,1
L-02985,tiktok,Unknown,"$250,000 to $499,999",retargeting,Eastern,23,VA,0
L-02986,meta,Low Value,"Less than $250,000",prospecting,Eastern,41,PA,0
L-02987,google,Low Value,"$5,000,000 to $9,999,999",brand,Pacific,54,OR,1
L-02988,google,High Value,"$250,000 to $499,999",organic search,Eastern,87,MA,0
L-02989,google,Low Value,"Less than $250,000",brand,Eastern,38,NY,0
L-02990,google,Low Value,"$250,000 to $499,999",brand,Eastern,,FL,0
L-02991,google,Low Value,"$250,000 to $499,999",paid search,Mountain,10,UT,0
L-02992,meta,Ideal,"Less than $250,000",organic social,Central,73,IL,1
L-02993,google,Ideal,"Less than $250,000",brand,Pacific,63,OR,0
L-02994,meta,Ideal,"Less than $250,000",nonbrand,Eastern,,MI,0
L-02995,meta,Low Value,"Less than $250,000",prospecting,Pacific,26,NV,0
L-02996,meta,Low Value,"$250,000 to $499,999",prospecting,Pacific,62,CA,0
L-02997,meta,Unknown,"Less than $250,000",cpc,Pacific,0,WA,0
L-02998,meta,Low Value,"Less than $250,000",retargeting,Central,38,MO,0
L-02999,google,Ideal,"$250,000 to $499,999",brand,Pacific,64,CA,1
L-03000,meta,High Value,"Less than $250,000",brand,Eastern,89,NY,1
L-03001,google,Low Value,"Less than $250,000",nonbrand,Central,59,WI,1
L-03002,google,Ideal,"$500,000 to $999,999",nonbrand,Central,41,IL,1
L-03003,meta,Low Value,"Less than $250,000",cpc,Eastern,39,PA,0
L-03004,meta,High Value,"$5,000,000 to $9,999,999",organic social,Eastern,58,FL,1
L-03005,bing,High Value,"$500,000 to $999,999",brand,Eastern,73,MI,0
L-03006,tiktok,Ideal,"$5,000,000 to $9,999,999",prospecting,Eastern,81,NC,0
L-03007,google,Unknown,"$500,000 to $999,999",pmax,Eastern,90,PA,0
L-03008,meta,Low Value,"Less than $250,000",prospecting,Eastern,48,FL,0
L-03009,meta,Low Value,"Less than $250,000",,Central,0,MO,0
L-03010,google,High Value,"$250,000 to $499,999",nonbrand,Pacific,67,CA,1
L-03011,google,Unknown,Self-Serve Signup,organic search,Eastern,63,MA,0
L-03012,bing,Ideal,"$5,000,000 to $9,999,999",paid search,Pacific,72,CA,0
L-03013,google,Ideal,"Less than $250,000",prospecting,Mountain,0,MT,0
L-03014,google,Low Value,"Less than $250,000",pmax,Eastern,71,FL,0
L-03015,meta,Low Value,Self-Serve Signup,organic social,Central,39,TX,0
L-03016,meta,Low Value,"$1,000,000 to $4,999,999",prospecting,Eastern,44,MI,0
L-03017,meta,Low Value,,organic social,Eastern,100,NC,0
L-03018,meta,Low Value,"Less than $250,000",prospecting,Eastern,25,VA,0
L-03019,google,Unknown,"$250,000 to $499,999",paid search,Central,41,TX,0
L-03020,tiktok,Low Value,,retargeting,Eastern,47,OH,0
L-03021,google,Ideal,"$1,000,000 to $4,999,999",paid search,Eastern,40,PA,1
L-03022,tiktok,Low Value,"Less than $250,000",retargeting,Eastern,26,PA,1
L-03023,google,Unknown,"Less than $250,000",paid search,Arizona,67,AZ,1
L-03024,tiktok,Low Value,"$500,000 to $999,999",retargeting,Eastern,68,MA,0
L-03025,bing,Unknown,"Less than $250,000",ppc,Eastern,41,VA,0
L-03026,tiktok,Ideal,"$250,000 to $499,999",prospecting,Mountain,26,UT,0
L-03027,google,High Value,"$250,000 to $499,999",nonbrand,Arizona,58,AZ,1
L-03028,bing,Low Value,"$250,000 to $499,999",brand,Hawaii,71,HI,1
L-03029,google,Ideal,"Less than $250,000",ppc,Central,24,MO,0
L-03030,google,Low Value,"$250,000 to $499,999",nonbrand,Alaska,24,AK,0
L-03031,google,Low Value,"$250,000 to $499,999",paid search,Central,53,IL,1
L-03032,google,Ideal,"$5,000,000 to $9,999,999",paid search,Eastern,100,NY,1
L-03033,bing,High Value,"$500,000 to $999,999",brand,Central,93,TX,1
L-03034,meta,Low Value,"Less than $250,000",retargeting,Pacific,0,OR,0
L-03035,bing,Ideal,"$10,000,000 to $24,999,999",,Alaska,69,AK,1
L-03036,tiktok,High Value,"$500,000 to $999,999",prospecting,Central,18,WI,0
L-03037,tiktok,Low Value,"Less than $250,000",organic social,Eastern,60,NC,0
L-03038,google,Ideal,"Less than $250,000",cpc,,34,,0
L-03039,meta,Low Value,,prospecting,Central,44,TX,0
L-03040,google,High Value,"Less than $250,000",brand,Central,26,LA,0
L-03041,meta,Ideal,"Less than $250,000",brand,Arizona,71,AZ,0
L-03042,meta,Low Value,"Less than $250,000",retargeting,Central,12,TN,0
L-03043,tiktok,Low Value,"Less than $250,000",prospecting,Central,26,TN,0
L-03044,bing,Ideal,"$500,000 to $999,999",nonbrand,Eastern,38,OH,0
L-03045,google,Low Value,"Less than $250,000",brand,Eastern,49,,0
L-03046,google,High Value,"Less than $250,000",brand,Mountain,100,UT,0
L-03047,tiktok,Low Value,,expired or invalid attributer license,Eastern,30,NY,0
L-03048,google,High Value,"$1,000,000 to $4,999,999",cpc,Central,44,TX,0
L-03049,tiktok,Low Value,"$250,000 to $499,999",organic social,Eastern,59,NC,0
L-03050,google,Ideal,"$250,000 to $499,999",pmax,Alaska,84,AK,1
L-03051,google,Ideal,"$250,000 to $499,999",brand,Central,71,TX,0
L-03052,google,Low Value,"Less than $250,000",nonbrand,Central,91,TN,0
L-03053,tiktok,Low Value,"Less than $250,000",nonbrand,Eastern,63,GA,0
L-03054,meta,High Value,"$1,000,000 to $4,999,999",organic search,Pacific,77,NV,0
L-03055,google,High Value,"$1,000,000 to $4,999,999",brand,Pacific,96,CA,0
L-03056,google,Ideal,"Less than $250,000",pmax,Central,37,IL,1
L-03057,meta,Low Value,"Less than $250,000",organic social,Pacific,47,WA,1
L-03058,google,Low Value,,pmax,Central,0,IL,0
L-03059,google,Ideal,"Less than $250,000",cpc,Central,85,TX,0
L-03060,tiktok,Low Value,"Less than $250,000",organic social,Eastern,,NY,0
L-03061,google,Ideal,"Less than $250,000",cpc,,72,,0
L-03062,meta,Low Value,Self-Serve Signup,prospecting,Central,32,IL,0
L-03063,google,Low Value,"Less than $250,000",retargeting,Pacific,7,OR,0
L-03064,google,High Value,"$500,000 to $999,999",,Pacific,100,NV,1
L-03065,meta,Low Value,"$500,000 to $999,999",cpc,Pacific,70,OR,0
L-03066,bing,Low Value,Self-Serve Signup,cpc,Pacific,6,WA,0
L-03067,google,High Value,"$10,000,000 to $24,999,999",pmax,Eastern,11,NC,1
L-03068,meta,Low Value,"Less than $250,000",organic social,Eastern,76,MA,0
L-03069,google,Ideal,"Less than $250,000",organic search,Central,38,IL,0
L-03070,tiktok,High Value,"Less than $250,000",nonbrand,Central,,TX,0
L-03071,bing,High Value,"$500,000 to $999,999",nonbrand,Pacific,50,CA,0
L-03072,google,Low Value,"$5,000,000 to $9,999,999",rd,Pacific,33,CA,0
L-03073,google,Low Value,"Less than $250,000",cpc,,12,,0
L-03074,google,Ideal,"$500,000 to $999,999",nonbrand,Central,73,TN,0
L-03075,google,High Value,"$1,000,000 to $4,999,999",paid search,Pacific,95,CA,1
L-03076,google,Ideal,"$500,000 to $999,999",brand,Central,9,TX,1
L-03077,meta,High Value,"$250,000 to $499,999",prospecting,Pacific,86,CA,0
L-03078,meta,Low Value,"Less than $250,000",organic social,Eastern,12,FL,0
L-03079,tiktok,Low Value,"$250,000 to $499,999",prospecting,Central,51,MN,1
L-03080,meta,Unknown,"$500,000 to $999,999",organic social,Alaska,58,AK,0
L-03081,google,Ideal,"$250,000 to $499,999",paid search,Pacific,100,OR,1
L-03082,meta,Low Value,"Less than $250,000",prospecting,Eastern,42,NY,0
L-03083,meta,Ideal,"$250,000 to $499,999",nonbrand,Eastern,22,FL,0
L-03084,tiktok,Ideal,"$5,000,000 to $9,999,999",organic social,Eastern,19,MI,0
L-03085,google,Ideal,"$5,000,000 to $9,999,999",pmax,Pacific,41,CA,0
L-03086,meta,Ideal,"$250,000 to $499,999",organic social,Arizona,58,AZ,1
L-03087,google,Low Value,"$10,000,000 to $24,999,999",ppc,Eastern,100,FL,0
L-03088,meta,Low Value,"Less than $250,000",prospecting,Central,61,IL,0
L-03089,meta,Low Value,Self-Serve Signup,organic social,Eastern,67,VA,0
L-03090,bing,Ideal,"$250,000 to $499,999",paid search,Pacific,78,WA,1
L-03091,meta,Low Value,"$250,000 to $499,999",prospecting,Central,25,WI,0
L-03092,meta,Low Value,"$250,000 to $499,999",organic social,Pacific,58,OR,0
L-03093,google,Ideal,Self-Serve Signup,,Eastern,90,NY,0
L-03094,bing,High Value,"$1,000,000 to $4,999,999",paid search,Central,34,TX,0
L-03095,tiktok,Low Value,"Less than $250,000",organic social,Central,,IL,0
L-03096,meta,Low Value,"Less than $250,000",pmax,Eastern,48,FL,0
L-03097,google,Low Value,"$1,000,000 to $4,999,999",nonbrand,Eastern,99,NY,1
L-03098,meta,Low Value,"$500,000 to $999,999",brand,Eastern,2,MI,0
L-03099,google,Low Value,"$250,000 to $499,999",nonbrand,Eastern,79,,0
L-03100,google,Ideal,"$500,000 to $999,999",pmax,Arizona,85,AZ,0
L-03101,meta,Ideal,"$1,000,000 to $4,999,999",organic social,Eastern,30,FL,0
L-03102,google,Ideal,"$250,000 to $499,999",,Pacific,72,OR,0
L-03103,google,High Value,"$1,000,000 to $4,999,999",nonbrand,Central,63,MO,1
L-03104,google,High Value,"$5,000,000 to $9,999,999",,Central,87,TX,0
L-03105,google,Low Value,"Less than $250,000",nonbrand,Pacific,26,CA,0
L-03106,meta,Ideal,"$500,000 to $999,999",prospecting,Central,44,TX,0
L-03107,tiktok,Low Value,"Less than $250,000",organic social,Eastern,35,GA,0
L-03108,bing,High Value,"$500,000 to $999,999",,Eastern,97,VA,1
L-03109,meta,Low Value,"$500,000 to $999,999",cpc,Eastern,1,PA,0
L-03110,google,Low Value,"$250,000 to $499,999",paid search,,100,,1
L-03111,google,High Value,"$5,000,000 to $9,999,999",pmax,Pacific,74,NV,1
L-03112,google,High Value,"$1,000,000 to $4,999,999",brand,Arizona,88,AZ,1
L-03113,meta,High Value,"$500,000 to $999,999",organic social,Central,88,TX,0
L-03114,meta,Unknown,"Less than $250,000",organic social,Central,44,LA,0
L-03115,meta,Unknown,"$250,000 to $499,999",prospecting,Eastern,62,PA,0
L-03116,meta,Ideal,"$5,000,000 to $9,999,999",prospecting,Pacific,41,CA,1
L-03117,meta,High Value,"$250,000 to $499,999",organic social,Central,57,TX,0
L-03118,meta,Low Value,"Less than $250,000",prospecting,Eastern,16,FL,0
L-03119,tiktok,Low Value,"Less than $250,000",prospecting,Eastern,41,OH,0
L-03120,google,Low Value,"$10,000,000 to $24,999,999",organic search,Pacific,46,CA,0
L-03121,tiktok,Low Value,"Less than $250,000",organic social,Eastern,36,MA,0
L-03122,bing,Unknown,"$5,000,000 to $9,999,999",nonbrand,Central,17,TX,0
L-03123,google,High Value,"$500,000 to $999,999",nonbrand,Pacific,87,OR,1
L-03124,google,Ideal,"$10,000,000 to $24,999,999",cpc,Pacific,99,CA,1
L-03125,meta,Low Value,"Less than $250,000",organic social,Eastern,8,GA,0
L-03126,meta,Low Value,"$1,000,000 to $4,999,999",organic social,Eastern,77,NY,0
L-03127,tiktok,Low Value,"Less than $250,000",prospecting,Eastern,83,VA,0
L-03128,bing,Low Value,Self-Serve Signup,cpc,Eastern,60,NY,1
L-03129,tiktok,Low Value,"$5,000,000 to $9,999,999",prospecting,Central,0,TN,0
L-03130,google,High Value,"Less than $250,000",ppc,Central,48,MN,0
L-03131,meta,Ideal,"$500,000 to $999,999",prospecting,Central,83,MO,1
L-03132,meta,Low Value,"$1,000,000 to $4,999,999",prospecting,Pacific,46,CA,1
L-03133,meta,Low Value,"$500,000 to $999,999",prospecting,,11,,0
L-03134,bing,Low Value,"Less than $250,000",brand,Pacific,80,WA,0
L-03135,google,Unknown,,organic search,Pacific,89,CA,1
L-03136,google,Low Value,"Less than $250,000",nonbrand,Pacific,58,CA,0
L-03137,bing,Unknown,"Less than $250,000",brand,Arizona,56,AZ,1
L-03138,google,Low Value,"$5,000,000 to $9,999,999",brand,Eastern,92,MI,0
L-03139,tiktok,Low Value,"$500,000 to $999,999",organic social,Pacific,0,CA,0
L-03140,meta,Ideal,"$500,000 to $999,999",retargeting,Pacific,61,WA,1
L-03141,tiktok,Ideal,"$250,000 to $499,999",prospecting,Pacific,10,OR,0
L-03142,meta,Low Value,"Less than $250,000",cpc,Central,46,MN,0
L-03143,bing,Unknown,"$500,000 to $999,999",brand,Mountain,13,UT,0
L-03144,google,High Value,"$500,000 to $999,999",brand,Eastern,93,MI,0
L-03145,meta,Low Value,"Less than $250,000",retargeting,Central,6,LA,0
L-03146,meta,High Value,"Less than $250,000",organic social,Central,72,TX,0
L-03147,google,Low Value,"$1,000,000 to $4,999,999",nonbrand,Mountain,66,UT,0
L-03148,bing,Ideal,,nonbrand,Pacific,47,CA,0
L-03149,google,Low Value,Self-Serve Signup,brand,Central,27,TX,0
L-03150,meta,High Value,"$250,000 to $499,999",retargeting,Central,51,IL,0
L-03151,meta,Low Value,"Less than $250,000",prospecting,,11,,0
L-03152,meta,Ideal,"Less than $250,000",prospecting,Eastern,87,MI,0
L-03153,meta,Low Value,"$1,000,000 to $4,999,999",prospecting,Arizona,,AZ,0
L-03154,google,High Value,"$1,000,000 to $4,999,999",,Eastern,100,MA,1
L-03155,bing,Low Value,"$250,000 to $499,999",ppc,Eastern,66,FL,0
L-03156,bing,High Value,"$1,000,000 to $4,999,999",brand,Eastern,71,NY,0
L-03157,bing,Ideal,"$5,000,000 to $9,999,999",brand,Eastern,68,GA,0
L-03158,bing,Ideal,"$250,000 to $499,999",brand,Eastern,25,FL,0
L-03159,google,Ideal,"$1,000,000 to $4,999,999",paid search,,73,,1
L-03160,meta,High Value,"$500,000 to $999,999",retargeting,Eastern,68,GA,1
L-03161,meta,Ideal,"$250,000 to $499,999",organic social,Central,70,TX,1
L-03162,meta,Low Value,"$1,000,000 to $4,999,999",prospecting,Eastern,36,NY,0
L-03163,google,Low Value,"Less than $250,000",ppc,Central,63,WI,1
L-03164,google,Ideal,"$1,000,000 to $4,999,999",nonbrand,Eastern,21,NC,1
L-03165,google,Low Value,"Less than $250,000",pmax,Pacific,26,NV,0
L-03166,google,Low Value,"$250,000 to $499,999",prospecting_lead_generation,Eastern,58,FL,1
L-03167,google,Low Value,"$1,000,000 to $4,999,999",nonbrand,Central,64,,0
L-03168,tiktok,Low Value,"Less than $250,000",prospecting,Pacific,,CA,1
L-03169,meta,Low Value,"$250,000 to $499,999",prospecting,Eastern,47,OH,0
L-03170,tiktok,Low Value,"$250,000 to $499,999",prospecting,Pacific,55,CA,0
L-03171,google,High Value,"$5,000,000 to $9,999,999",,Eastern,89,NY,1
L-03172,google,Unknown,"Less than $250,000",brand,Central,35,TX,0
L-03173,meta,Low Value,"$500,000 to $999,999",organic social,Pacific,74,WA,1
L-03174,meta,Low Value,"Less than $250,000",retargeting,Central,1,MO,0
L-03175,meta,Low Value,"Less than $250,000",retargeting,Arizona,0,AZ,0
L-03176,bing,Ideal,"$10,000,000 to $24,999,999",retargeting,Pacific,62,NV,0
L-03177,bing,Low Value,"$250,000 to $499,999",ppc,Eastern,76,GA,1
L-03178,google,Unknown,"$250,000 to $499,999",paid search,Eastern,37,GA,0
L-03179,bing,Ideal,"$500,000 to $999,999",nonbrand,Eastern,64,PA,0
L-03180,meta,Unknown,"$250,000 to $499,999",prospecting,Eastern,88,NY,1
L-03181,meta,Low Value,"Less than $250,000",organic social,Eastern,40,GA,0
L-03182,meta,Ideal,"$1,000,000 to $4,999,999",cpc,Pacific,64,CA,1
L-03183,meta,High Value,"$250,000 to $499,999",organic social,Eastern,51,VA,0
L-03184,google,Ideal,"$250,000 to $499,999",expired or invalid attributer license,Pacific,58,CA,0
L-03185,meta,Low Value,"Less than $250,000",organic social,Central,37,IL,0
L-03186,google,Low Value,"Less than $250,000",nonbrand,,44,,0
L-03187,tiktok,Low Value,"Less than $250,000",ppc,Eastern,34,OH,0
L-03188,google,High Value,"$250,000 to $499,999",organic search,Hawaii,53,HI,1
L-03189,google,Low Value,"$250,000 to $499,999",nonbrand,,41,,0
L-03190,google,Ideal,"$1,000,000 to $4,999,999",pmax,Central,53,,0
L-03191,meta,Ideal,"$250,000 to $499,999",prospecting,Mountain,15,MT,0
L-03192,bing,Low Value,"Less than $250,000",nonbrand,Eastern,12,NY,0
L-03193,meta,Low Value,"Less than $250,000",,Pacific,45,WA,0
L-03194,meta,Low Value,Self-Serve Signup,prospecting,--,58,NC,0
L-03195,google,High Value,"$5,000,000 to $9,999,999",paid search,Eastern,77,MA,1
L-03196,google,Ideal,"$10,000,000 to $24,999,999",cpc,Eastern,100,OH,1
L-03197,meta,Low Value,"Less than $250,000",retargeting,Eastern,49,MI,0
L-03198,meta,Low Value,"Less than $250,000",organic social,Central,46,TX,0
L-03199,meta,Low Value,"$250,000 to $499,999",retargeting,Central,66,LA,1
L-03200,google,Low Value,"$500,000 to $999,999",nonbrand,Central,28,TX,0
L-03201,bing,Ideal,"Less than $250,000",nonbrand,Mountain,100,CO,0
L-03202,tiktok,Low Value,"Less than $250,000",organic social,Eastern,39,FL,1
L-03203,meta,Low Value,"$500,000 to $999,999",organic social,Eastern,0,FL,0
L-03204,google,Ideal,,,Pacific,93,CA,0
L-03205,tiktok,Low Value,"Less than $250,000",retargeting,Mountain,51,UT,0
L-03206,tiktok,Low Value,,cpc,Central,0,TN,0
L-03207,meta,Low Value,"$500,000 to $999,999",organic social,Central,66,MO,0
L-03208,google,Ideal,"$250,000 to $499,999",paid search,Eastern,43,NY,0
L-03209,tiktok,Ideal,"$500,000 to $999,999",brand,Eastern,32,GA,0
L-03210,google,Low Value,Self-Serve Signup,brand,Central,46,TX,1
L-03211,google,Ideal,"Less than $250,000",brand,Central,26,MO,0
L-03212,google,Ideal,"$500,000 to $999,999",paid search,Eastern,89,FL,0
L-03213,google,Low Value,"Less than $250,000",brand,Eastern,18,FL,0
L-03214,meta,Low Value,Self-Serve Signup,organic social,Pacific,0,NV,0
L-03215,meta,Low Value,"Less than $250,000",prospecting,Central,10,MN,0
L-03216,bing,Ideal,"Less than $250,000",nonbrand,Mountain,100,MT,0
L-03217,google,Ideal,"Less than $250,000",nonbrand,Eastern,63,NY,0
L-03218,google,High Value,"Less than $250,000",cpc,Central,67,,0
L-03219,google,Ideal,"$250,000 to $499,999",nonbrand,Central,41,TN,0
L-03220,meta,Unknown,"Less than $250,000",brand,Central,37,LA,1
L-03221,google,Ideal,"$250,000 to $499,999",brand,Pacific,31,WA,0
L-03222,tiktok,Low Value,Self-Serve Signup,brand,,,,0
L-03223,tiktok,Unknown,"$500,000 to $999,999",organic social,Pacific,26,CA,0
L-03224,google,Low Value,"$1,000,000 to $4,999,999",ppc,Central,93,MN,1
L-03225,meta,Low Value,"Less than $250,000",organic social,Eastern,43,OH,0
L-03226,google,Low Value,"$250,000 to $499,999",nonbrand,Central,49,IL,1
L-03227,meta,Unknown,"$1,000,000 to $4,999,999",brand,Central,74,MO,1
L-03228,google,Ideal,"$500,000 to $999,999",paid search,Eastern,100,NY,1
L-03229,meta,Low Value,"Less than $250,000",paid search,Central,22,IL,0
L-03230,meta,Ideal,"Less than $250,000",prospecting,,8,,0
L-03231,google,Unknown,"$5,000,000 to $9,999,999",cpc,Central,80,IL,0
L-03232,tiktok,Ideal,"$1,000,000 to $4,999,999",organic social,Eastern,41,GA,0
L-03233,bing,Low Value,"Less than $250,000",nonbrand,,0,,0
L-03234,google,Ideal,"$5,000,000 to $9,999,999",paid search,Eastern,59,NC,1
L-03235,google,Low Value,"$250,000 to $499,999",nonbrand,Pacific,69,CA,1
L-03236,google,High Value,"$10,000,000 to $24,999,999",nonbrand,Pacific,82,NV,1
L-03237,meta,Ideal,"$1,000,000 to $4,999,999",prospecting,Eastern,,FL,0
L-03238,google,High Value,"$5,000,000 to $9,999,999",paid search,Central,71,IL,0
L-03239,google,High Value,"$500,000 to $999,999",ppc,Pacific,73,WA,1
L-03240,google,Ideal,"$250,000 to $499,999",brand,Mountain,74,CO,0
L-03241,google,High Value,"Less than $250,000",retargeting,Mountain,52,UT,0
L-03242,tiktok,Unknown,"$250,000 to $499,999",organic social,Mountain,35,UT,0
L-03243,google,Low Value,"Less than $250,000",brand,Central,54,TN,0
L-03244,bing,Ideal,"$250,000 to $499,999",nonbrand,Central,68,TX,1
L-03245,google,High Value,"Less than $250,000",brand,Central,22,MN,0
L-03246,bing,Low Value,"Less than $250,000",paid search,Eastern,31,FL,0
L-03247,bing,Ideal,"$500,000 to $999,999",paid search,Eastern,95,MI,1
L-03248,google,Low Value,"$500,000 to $999,999",paid search,Eastern,53,GA,0
L-03249,tiktok,Ideal,"$10,000,000 to $24,999,999",organic social,Central,79,IL,0
L-03250,meta,Low Value,"Less than $250,000",organic social,Central,66,TX,0
L-03251,meta,Low Value,"Less than $250,000",prospecting,Pacific,48,CA,0
L-03252,google,Ideal,"$1,000,000 to $4,999,999",cpc,Pacific,61,CA,0
L-03253,google,High Value,"$1,000,000 to $4,999,999",brand,Eastern,100,,1
L-03254,bing,Low Value,"Less than $250,000",ppc,Eastern,11,FL,0
L-03255,meta,High Value,"$250,000 to $499,999",organic social,Central,28,IL,0
L-03256,google,High Value,"$250,000 to $499,999",brand,Eastern,68,NY,0
L-03257,meta,Low Value,"Less than $250,000",organic social,Mountain,28,MT,0
L-03258,google,High Value,Self-Serve Signup,brand,Eastern,,FL,1
L-03259,bing,Low Value,"$5,000,000 to $9,999,999",brand,Eastern,41,NC,0
L-03260,meta,Low Value,"Less than $250,000",organic social,Central,0,TX,0
L-03261,tiktok,Unknown,"$5,000,000 to $9,999,999",prospecting,Pacific,31,CA,1
L-03262,tiktok,High Value,"Less than $250,000",pmax,Central,69,TX,0
L-03263,meta,Low Value,"$1,000,000 to $4,999,999",retargeting,Pacific,26,NV,0
L-03264,meta,Low Value,"Less than $250,000",organic social,Central,50,TX,1
L-03265,bing,High Value,,cpc,Central,59,TX,0
L-03266,meta,Low Value,"$5,000,000 to $9,999,999",prospecting,Eastern,44,PA,0
L-03267,meta,Ideal,"$1,000,000 to $4,999,999",organic social,Pacific,75,,0
L-03268,bing,High Value,"Less than $250,000",brand,Pacific,100,WA,1
L-03269,google,Low Value,"Less than $250,000",nonbrand,,90,,0
L-03270,meta,Low Value,"$250,000 to $499,999",brand,Eastern,87,GA,0
L-03271,google,Low Value,"$10,000,000 to $24,999,999",nonbrand,Central,82,TX,0
L-03272,bing,Low Value,"Less than $250,000",brand,Eastern,21,NY,0
L-03273,meta,Low Value,"Less than $250,000",organic social,Pacific,18,WA,0
L-03274,google,Low Value,"Less than $250,000",nonbrand,Eastern,15,OH,0
L-03275,meta,Low Value,"$500,000 to $999,999",cpc,,0,,0
L-03276,meta,Low Value,"$500,000 to $999,999",prospecting,Eastern,20,OH,0
L-03277,meta,Low Value,Self-Serve Signup,,Pacific,98,NV,0
L-03278,bing,Low Value,"$250,000 to $499,999",brand,Eastern,100,OH,1
L-03279,google,Ideal,"Less than $250,000",paid search,Eastern,33,NJ,0
L-03280,tiktok,Low Value,"$500,000 to $999,999",organic social,Central,75,TX,0
L-03281,bing,High Value,"Less than $250,000",nonbrand,Eastern,41,PA,0
L-03282,google,High Value,"$500,000 to $999,999",brand,Pacific,82,CA,1
L-03283,meta,Low Value,"Less than $250,000",prospecting,Eastern,3,FL,0
L-03284,meta,Ideal,"Less than $250,000",prospecting,,59,,0
L-03285,meta,Ideal,"$1,000,000 to $4,999,999",organic social,Central,26,IL,0
L-03286,bing,Ideal,"Less than $250,000",cpc,Eastern,86,OH,1
L-03287,google,Ideal,"$1,000,000 to $4,999,999",cpc,Eastern,45,PA,0
L-03288,google,Unknown,"$250,000 to $499,999",paid search,Eastern,29,FL,0
L-03289,meta,Low Value,"Less than $250,000",nonbrand,Central,0,TN,0
L-03290,google,Low Value,"$500,000 to $999,999",paid search,Eastern,57,GA,0
L-03291,google,Low Value,"Less than $250,000",organic search,Eastern,0,NY,0
L-03292,meta,Low Value,"$1,000,000 to $4,999,999",organic social,Central,48,TX,0
L-03293,meta,Low Value,Self-Serve Signup,retargeting,Eastern,3,NY,0
L-03294,google,High Value,"Less than $250,000",nonbrand,Eastern,36,GA,0
L-03295,google,Low Value,"Less than $250,000",prospecting,Pacific,,CA,1
L-03296,bing,High Value,"$500,000 to $999,999",nonbrand,Central,73,MN,0
L-03297,meta,Ideal,"Less than $250,000",,Central,53,IL,1
L-03298,google,Low Value,"Less than $250,000",nonbrand,Eastern,93,MI,1
L-03299,google,Ideal,"$1,000,000 to $4,999,999",nonbrand,,100,,0
L-03300,google,High Value,"Less than $250,000",paid search,Central,47,TX,0
L-03301,google,Ideal,"$250,000 to $499,999",paid search,Eastern,1,NJ,0
L-03302,meta,Ideal,"Less than $250,000",prospecting,Central,72,LA,0
L-03303,google,High Value,"$250,000 to $499,999",paid search,Pacific,37,CA,1
L-03304,meta,Low Value,"$1,000,000 to $4,999,999",organic social,Eastern,57,NC,0
L-03305,google,Low Value,"$500,000 to $999,999",paid search,Pacific,100,OR,1
L-03306,meta,Unknown,"Less than $250,000",brand,Central,25,TX,1
L-03307,google,Low Value,"$500,000 to $999,999",organic search,Central,56,TX,0
L-03308,meta,Low Value,"$500,000 to $999,999",organic social,Eastern,17,FL,0
L-03309,meta,Low Value,"Less than $250,000",cpc,Central,38,IL,0
L-03310,meta,Low Value,"$500,000 to $999,999",prospecting,Eastern,37,PA,1
L-03311,google,Ideal,"$500,000 to $999,999",paid search,Eastern,58,MA,0
L-03312,google,High Value,"$250,000 to $499,999",paid search,Central,40,TN,0
L-03313,google,Low Value,"Less than $250,000",ppc,Eastern,32,FL,0
L-03314,meta,Low Value,"Less than $250,000",retargeting,Pacific,53,WA,0
L-03315,google,Ideal,"$10,000,000 to $24,999,999",pmax,Pacific,66,OR,1
L-03316,bing,Low Value,"Less than $250,000",nonbrand,Eastern,64,FL,1
L-03317,google,High Value,"$5,000,000 to $9,999,999",brand,Central,100,IL,1
L-03318,tiktok,Low Value,"Less than $250,000",prospecting,Mountain,0,MT,0
L-03319,google,High Value,"Less than $250,000",retargeting,Pacific,37,CA,0
L-03320,bing,High Value,"$500,000 to $999,999",nonbrand,Eastern,61,FL,0
L-03321,google,Low Value,"$1,000,000 to $4,999,999",cpc,Central,74,TX,1
L-03322,google,Unknown,"Less than $250,000",brand,Eastern,16,OH,0
L-03323,google,Low Value,"Less than $250,000",nonbrand,Mountain,56,MT,0
L-03324,google,High Value,"$1,000,000 to $4,999,999",pmax,Mountain,46,MT,1
L-03325,google,High Value,"Less than $250,000",brand,Eastern,68,NC,0
L-03326,google,Low Value,"$5,000,000 to $9,999,999",cpc,Arizona,,AZ,0
L-03327,meta,Ideal,"$500,000 to $999,999",prospecting,Central,61,MO,1
L-03328,google,High Value,"$1,000,000 to $4,999,999",brand,Pacific,100,CA,0
L-03329,bing,Low Value,"$250,000 to $499,999",brand,Eastern,27,GA,0
L-03330,tiktok,High Value,"Less than $250,000",retargeting,Central,27,MO,0
L-03331,google,High Value,"Less than $250,000",brand,Central,75,LA,0
L-03332,meta,Low Value,"Less than $250,000",organic social,Central,,TX,0
L-03333,meta,Ideal,"Less than $250,000",ppc,Eastern,51,OH,0
L-03334,bing,Ideal,"$500,000 to $999,999",cpc,Eastern,100,MA,1
L-03335,google,Ideal,"$1,000,000 to $4,999,999",brand,,78,,1
L-03336,google,Low Value,"$1,000,000 to $4,999,999",brand,Arizona,56,AZ,0
L-03337,google,Unknown,"$250,000 to $499,999",paid search,Arizona,55,AZ,0
L-03338,google,Ideal,"Less than $250,000",paid search,Pacific,36,CA,0
L-03339,meta,Ideal,"$5,000,000 to $9,999,999",prospecting,,77,,0
L-03340,tiktok,Low Value,"Less than $250,000",pmax,Pacific,4,NV,0
L-03341,meta,Low Value,"Less than $250,000",prospecting,Mountain,26,UT,0
L-03342,meta,Low Value,"Less than $250,000",retargeting,Central,81,WI,0
L-03343,meta,High Value,"$1,000,000 to $4,999,999",prospecting,Pacific,54,NV,0
L-03344,google,Unknown,"$1,000,000 to $4,999,999",paid search,Pacific,2,WA,0
L-03345,meta,Low Value,"$250,000 to $499,999",prospecting,Central,64,IL,0
L-03346,meta,Low Value,"Less than $250,000",retargeting,,38,,0
L-03347,google,Low Value,"$10,000,000 to $24,999,999",brand,Eastern,96,FL,1
L-03348,bing,Unknown,"$250,000 to $499,999",nonbrand,Eastern,75,MI,1
L-03349,meta,Low Value,"Less than $250,000",nonbrand,Pacific,1,CA,0
L-03350,meta,Low Value,"Less than $250,000",organic social,Pacific,75,OR,0
L-03351,google,Ideal,"$10,000,000 to $24,999,999",organic search,Central,,TX,0
L-03352,google,Low Value,"Less than $250,000",brand,Central,71,MN,0
L-03353,meta,High Value,"$250,000 to $499,999",prospecting,Pacific,59,CA,0
L-03354,meta,Unknown,"$250,000 to $499,999",,Eastern,41,NY,0
L-03355,meta,Low Value,"Less than $250,000",prospecting,Eastern,28,FL,0
L-03356,google,Low Value,"$500,000 to $999,999",brand,,25,,0
L-03357,google,Low Value,"$250,000 to $499,999",nonbrand,Central,41,TX,0
L-03358,meta,Ideal,"$1,000,000 to $4,999,999",nonbrand,Central,40,IL,0
L-03359,meta,Low Value,"Less than $250,000",prospecting,Central,53,TN,1
L-03360,meta,Low Value,"$500,000 to $999,999",brand,Central,33,TX,0
L-03361,meta,Unknown,"$1,000,000 to $4,999,999",cpc,Eastern,12,NJ,0
L-03362,google,High Value,"Less than $250,000",prospecting,Central,48,TX,0
L-03363,bing,High Value,"Less than $250,000",nonbrand,Central,85,IL,1
L-03364,tiktok,Low Value,"$1,000,000 to $4,999,999",prospecting,Eastern,42,FL,0
L-03365,tiktok,Low Value,"$5,000,000 to $9,999,999",retargeting,Mountain,12,UT,0
L-03366,google,High Value,"$500,000 to $999,999",brand,Central,52,TN,1
L-03367,google,Ideal,"Less than $250,000",pmax,Pacific,52,CA,0
L-03368,meta,Low Value,"Less than $250,000",organic social,Pacific,16,CA,0
L-03369,google,High Value,"$250,000 to $499,999",prospecting,Mountain,40,CO,0
L-03370,google,Low Value,"$250,000 to $499,999",cpc,Central,4,IL,0
L-03371,google,Low Value,"$1,000,000 to $4,999,999",pmax,Pacific,47,CA,0
L-03372,tiktok,Low Value,"Less than $250,000",retargeting,,37,,1
L-03373,meta,Low Value,"$250,000 to $499,999",organic social,Pacific,64,CA,0
L-03374,tiktok,Low Value,"Less than $250,000",prospecting,Eastern,4,OH,0
L-03375,bing,Ideal,"$1,000,000 to $4,999,999",nonbrand,Eastern,92,FL,0
L-03376,meta,Ideal,"$1,000,000 to $4,999,999",prospecting,Eastern,62,PA,0
L-03377,bing,High Value,"$5,000,000 to $9,999,999",nonbrand,Pacific,77,CA,1
L-03378,meta,Low Value,"Less than $250,000",nonbrand,Pacific,64,CA,0
L-03379,bing,Low Value,,brand,Central,58,MN,0
L-03380,google,Low Value,,cpc,,17,,0
L-03381,google,Low Value,"Less than $250,000",brand,Central,29,MN,0
L-03382,tiktok,Low Value,"$250,000 to $499,999",prospecting,Eastern,53,MA,0
L-03383,google,Ideal,"$250,000 to $499,999",pmax,Eastern,27,OH,1
L-03384,google,Low Value,"$500,000 to $999,999",brand,Eastern,81,FL,0
L-03385,google,Unknown,"$1,000,000 to $4,999,999",brand,Eastern,81,OH,1
L-03386,bing,High Value,"Less than $250,000",paid search,Eastern,61,OH,1
L-03387,tiktok,Unknown,"Less than $250,000",organic social,Pacific,30,CA,0
L-03388,google,High Value,"$10,000,000 to $24,999,999",nonbrand,Central,75,TX,0
L-03389,bing,Low Value,"Less than $250,000",cpc,Pacific,69,WA,0
L-03390,tiktok,Unknown,"$1,000,000 to $4,999,999",organic social,Pacific,63,,0
L-03391,meta,Unknown,"Less than $250,000",organic social,Pacific,76,CA,0
L-03392,meta,Low Value,"$250,000 to $499,999",prospecting,Eastern,23,MA,0
L-03393,meta,Ideal,,pmax,Central,44,LA,0
L-03394,tiktok,Ideal,"$500,000 to $999,999",brand,Central,50,IL,0
L-03395,tiktok,Ideal,"$500,000 to $999,999",retargeting,Eastern,38,FL,0
L-03396,bing,High Value,"$500,000 to $999,999",nonbrand,Eastern,89,VA,1
L-03397,tiktok,High Value,"Less than $250,000",organic social,Central,36,TX,0
L-03398,google,High Value,"$10,000,000 to $24,999,999",ppc,Central,,LA,1
L-03399,google,Low Value,"Less than $250,000",paid search,Eastern,56,NC,0
L-03400,meta,Low Value,"Less than $250,000",prospecting,Central,14,TX,0
L-03401,google,Low Value,"Less than $250,000",retargeting,Central,48,TX,0
L-03402,google,Ideal,"$500,000 to $999,999",retargeting_lead_generation,Central,67,MO,1
L-03403,tiktok,High Value,"Less than $250,000",brand,Eastern,41,GA,0
L-03404,google,Low Value,"$1,000,000 to $4,999,999",prospecting,Central,44,TX,1
L-03405,google,Low Value,"$10,000,000 to $24,999,999",pmax,Eastern,87,VA,0
L-03406,google,Ideal,"$1,000,000 to $4,999,999",brand,Pacific,20,CA,0
L-03407,meta,Low Value,"Less than $250,000",paid search,Eastern,29,NY,0
L-03408,meta,High Value,"Less than $250,000",prospecting,Pacific,30,CA,0
L-03409,google,Ideal,"$500,000 to $999,999",brand,Eastern,100,GA,1
L-03410,google,Ideal,"$250,000 to $499,999",brand,Eastern,31,NY,0
L-03411,meta,Low Value,"$1,000,000 to $4,999,999",nonbrand,Mountain,69,CO,0
L-03412,google,Low Value,"Less than $250,000",prospecting,Eastern,65,NY,0
L-03413,meta,Low Value,"Less than $250,000",cpc,Arizona,0,AZ,0
L-03414,meta,Low Value,"$1,000,000 to $4,999,999",prospecting,Pacific,41,CA,0
L-03415,bing,High Value,"$5,000,000 to $9,999,999",paid search,Mountain,55,CO,0
L-03416,meta,High Value,"Less than $250,000",retargeting,Pacific,74,CA,1
L-03417,google,High Value,"$500,000 to $999,999",brand,Central,64,LA,0
L-03418,meta,Low Value,"$1,000,000 to $4,999,999",prospecting,Eastern,58,PA,0
L-03419,bing,Low Value,"$250,000 to $499,999",cpc,Arizona,55,AZ,0
L-03420,google,High Value,"$500,000 to $999,999",,--,93,PA,1
L-03421,meta,Low Value,"Less than $250,000",organic social,Eastern,43,NY,0
L-03422,meta,Low Value,"$500,000 to $999,999",prospecting,Eastern,35,VA,0
L-03423,tiktok,Ideal,"Less than $250,000",retargeting,Eastern,80,FL,0
L-03424,meta,Low Value,"Less than $250,000",organic social,Arizona,19,AZ,0
L-03425,meta,Low Value,"Less than $250,000",brand,Eastern,,NC,0
L-03426,google,Unknown,"Less than $250,000",brand,Eastern,87,GA,0
L-03427,meta,Low Value,"Less than $250,000",organic social,Arizona,38,AZ,0
L-03428,meta,Low Value,"Less than $250,000",prospecting,Eastern,37,,0
L-03429,google,Low Value,"$10,000,000 to $24,999,999",brand,Eastern,66,FL,1
L-03430,tiktok,High Value,"$250,000 to $499,999",,Central,77,TN,0
L-03431,meta,Low Value,"Less than $250,000",retargeting,Arizona,100,AZ,0
L-03432,google,Low Value,"Less than $250,000",brand,Central,23,TX,1
L-03433,google,Low Value,"$10,000,000 to $24,999,999",,Central,36,MO,0
L-03434,google,High Value,"$500,000 to $999,999",brand,Central,96,TX,0
L-03435,google,Low Value,"Less than $250,000",paid search,Eastern,63,FL,1
L-03436,meta,Low Value,"Less than $250,000",organic social,Eastern,57,NJ,0
L-03437,google,Ideal,"$250,000 to $499,999",brand,Eastern,14,NY,0
L-03438,meta,Low Value,"$500,000 to $999,999",prospecting,Arizona,71,AZ,1
L-03439,google,Low Value,"Less than $250,000",nonbrand,Pacific,34,CA,0
L-03440,google,Low Value,,organic search,,77,,0
L-03441,meta,Ideal,"$250,000 to $499,999",retargeting,Eastern,65,FL,0
L-03442,google,Low Value,"Less than $250,000",brand,Central,20,IL,0
L-03443,google,Low Value,"Less than $250,000",brand,Pacific,74,NV,0
L-03444,google,High Value,"$1,000,000 to $4,999,999",brand,Eastern,71,NC,0
L-03445,meta,Ideal,"$250,000 to $499,999",retargeting,Eastern,22,FL,0
L-03446,tiktok,Ideal,"$250,000 to $499,999",organic social,Eastern,68,FL,0
L-03447,google,High Value,"$250,000 to $499,999",brand,Pacific,100,CA,0
L-03448,google,Low Value,"Less than $250,000",paid search,Eastern,11,FL,0
L-03449,bing,High Value,"$250,000 to $499,999",brand,Eastern,52,NC,0
L-03450,bing,High Value,"$10,000,000 to $24,999,999",ppc,Arizona,100,AZ,0
L-03451,meta,Low Value,"Less than $250,000",prospecting,Eastern,28,FL,0
L-03452,tiktok,Low Value,"$250,000 to $499,999",prospecting,Eastern,79,,0
L-03453,google,Low Value,"Less than $250,000",brand,,22,,0
L-03454,bing,Low Value,"$500,000 to $999,999",ppc,,28,,0
L-03455,google,High Value,"$5,000,000 to $9,999,999",,Pacific,26,OR,1
L-03456,google,Ideal,"$1,000,000 to $4,999,999",organic search,Pacific,,WA,0
L-03457,meta,Ideal,"Less than $250,000",,,84,,0
L-03458,google,Low Value,"Less than $250,000",pmax,Eastern,0,PA,0
L-03459,bing,Ideal,"$10,000,000 to $24,999,999",brand,Eastern,88,NY,1
L-03460,google,High Value,"$500,000 to $999,999",,Central,35,IL,1
L-03461,google,High Value,"$1,000,000 to $4,999,999",brand,Mountain,70,UT,0
L-03462,bing,Ideal,"$250,000 to $499,999",cpc,Eastern,,OH,1
L-03463,tiktok,Low Value,"Less than $250,000",prospecting,Mountain,73,MT,0
L-03464,google,Unknown,"Less than $250,000",brand,Eastern,49,NY,0
L-03465,google,Low Value,"$250,000 to $499,999",brand,Arizona,0,AZ,0
L-03466,google,Ideal,"Less than $250,000",pmax,Eastern,70,NY,1
L-03467,meta,Low Value,"$500,000 to $999,999",organic social,Central,49,TX,0
L-03468,bing,High Value,"$5,000,000 to $9,999,999",nonbrand,Eastern,81,PA,0
L-03469,meta,Low Value,"$250,000 to $499,999",retargeting,Eastern,0,PA,0
L-03470,google,Ideal,"$1,000,000 to $4,999,999",brand,Mountain,100,CO,0
L-03471,bing,Ideal,"$1,000,000 to $4,999,999",nonbrand,Eastern,68,OH,0
L-03472,meta,Low Value,"Less than $250,000",prospecting,Eastern,46,NJ,0
L-03473,meta,Low Value,"$500,000 to $999,999",prospecting,Central,69,IL,1
L-03474,tiktok,Ideal,"Less than $250,000",prospecting,Pacific,46,CA,0
L-03475,google,Low Value,"Less than $250,000",ppc,Eastern,80,FL,0
L-03476,bing,Ideal,"Less than $250,000",brand,Notify Admin,77,WA,0
L-03477,google,Ideal,"Less than $250,000",brand,Central,57,TX,0
L-03478,meta,Unknown,"$5,000,000 to $9,999,999",prospecting,Central,51,TX,0
L-03479,google,Low Value,"$250,000 to $499,999",brand,Eastern,98,NJ,1
L-03480,google,High Value,"$500,000 to $999,999",,Pacific,100,,1
L-03481,google,Low Value,"$250,000 to $499,999",paid search,Pacific,41,OR,0
L-03482,google,Ideal,"$10,000,000 to $24,999,999",,Eastern,100,NJ,0
L-03483,google,Ideal,"$1,000,000 to $4,999,999",brand,Eastern,33,FL,1
L-03484,bing,Low Value,"$500,000 to $999,999",brand,Eastern,65,OH,1
L-03485,meta,Ideal,,nonbrand,Eastern,97,VA,0
L-03486,bing,Low Value,"Less than $250,000",brand,Pacific,0,NV,0
L-03487,google,Unknown,"Less than $250,000",cpc,Central,31,MO,0
L-03488,google,Low Value,"$250,000 to $499,999",pmax,Central,8,MN,0
L-03489,google,Low Value,"$5,000,000 to $9,999,999",pmax,,99,,1
L-03490,meta,Low Value,"$250,000 to $499,999",prospecting,Eastern,56,FL,0
L-03491,meta,Low Value,"Less than $250,000",retargeting,Eastern,63,NJ,0
L-03492,meta,Low Value,"Less than $250,000",prospecting,Pacific,11,CA,0
L-03493,google,Ideal,"$1,000,000 to $4,999,999",nonbrand,Eastern,4,VA,0
L-03494,google,Low Value,"Less than $250,000",prospecting,Pacific,52,CA,1
L-03495,google,High Value,"Less than $250,000",nonbrand,Pacific,36,CA,1
L-03496,meta,Low Value,"$250,000 to $499,999",cpc,Pacific,62,CA,0
L-03497,google,Low Value,"$1,000,000 to $4,999,999",organic search,Eastern,69,PA,0
L-03498,google,High Value,"$500,000 to $999,999",brand,Central,51,TX,1
L-03499,meta,Low Value,"Less than $250,000",prospecting,Pacific,71,OR,0
L-03500,meta,Low Value,,cpc,Eastern,43,NY,0
L-03501,tiktok,High Value,"$10,000,000 to $24,999,999",brand,Central,67,IL,0
L-03502,google,Low Value,,cpc,Pacific,25,NV,0
L-03503,meta,Low Value,"$5,000,000 to $9,999,999",prospecting,Central,52,,0
L-03504,tiktok,Unknown,"Less than $250,000",prospecting,Eastern,0,GA,0
L-03505,google,Low Value,Self-Serve Signup,paid search,Eastern,49,NY,0
L-03506,tiktok,Low Value,Self-Serve Signup,prospecting,Eastern,49,NJ,0
L-03507,meta,Low Value,"$250,000 to $499,999",paid search,Eastern,0,,0
L-03508,meta,Ideal,Self-Serve Signup,brand,Eastern,43,NY,1
L-03509,meta,Low Value,"Less than $250,000",retargeting,Eastern,45,GA,0
L-03510,google,Low Value,Self-Serve Signup,nonbrand,Eastern,29,MA,0
L-03511,google,High Value,"$1,000,000 to $4,999,999",ppc,,100,,0
L-03512,google,Ideal,"$500,000 to $999,999",pmax,Eastern,79,NY,1
L-03513,meta,High Value,"$250,000 to $499,999",organic social,Eastern,60,NY,0
L-03514,bing,High Value,"$1,000,000 to $4,999,999",brand,Central,38,TX,0
L-03515,google,Low Value,"$250,000 to $499,999",ppc,Eastern,79,VA,0
L-03516,google,Ideal,"Less than $250,000",,Eastern,39,FL,1
L-03517,tiktok,Low Value,"Less than $250,000",prospecting,Pacific,40,CA,0
L-03518,google,High Value,"$5,000,000 to $9,999,999",cpc,Alaska,58,AK,1
L-03519,google,Ideal,"$250,000 to $499,999",paid search,Eastern,99,PA,1
L-03520,bing,Ideal,"Less than $250,000",nonbrand,Pacific,42,CA,1
L-03521,meta,Low Value,"$250,000 to $499,999",organic social,Pacific,50,CA,0
L-03522,google,Low Value,"$1,000,000 to $4,999,999",pmax,Eastern,71,NY,1
L-03523,google,High Value,"Less than $250,000",brand,Eastern,19,FL,0
L-03524,tiktok,Ideal,"$250,000 to $499,999",prospecting,Eastern,29,FL,0
L-03525,bing,Low Value,Self-Serve Signup,nonbrand,Eastern,41,NY,0
L-03526,google,Low Value,"$5,000,000 to $9,999,999",nonbrand,Mountain,0,CO,0
L-03527,google,Ideal,"$500,000 to $999,999",brand,Eastern,100,NY,0
L-03528,google,Low Value,"Less than $250,000",nonbrand,Pacific,21,CA,1
L-03529,bing,Low Value,"$500,000 to $999,999",nonbrand,Eastern,83,,0
L-03530,google,High Value,"$10,000,000 to $24,999,999",ppc,Pacific,100,WA,1
L-03531,google,High Value,"$1,000,000 to $4,999,999",nonbrand,Eastern,100,MA,1
L-03532,google,Low Value,"$5,000,000 to $9,999,999",,Central,52,TN,1
L-03533,tiktok,Unknown,"Less than $250,000",prospecting,Pacific,29,OR,0
L-03534,google,Ideal,"Less than $250,000",paid search,Arizona,72,AZ,1
L-03535,google,Low Value,"Less than $250,000",pmax,Eastern,49,FL,0
L-03536,bing,Low Value,"Less than $250,000",nonbrand,Eastern,28,MA,0
L-03537,google,Low Value,"$250,000 to $499,999",paid search,Eastern,5,NY,0
L-03538,google,Low Value,"$500,000 to $999,999",pmax,Eastern,56,GA,0
L-03539,meta,Low Value,"$500,000 to $999,999",prospecting,Eastern,46,NJ,0
L-03540,google,Low Value,"$250,000 to $499,999",pmax,Eastern,2,NJ,0
L-03541,google,High Value,"Less than $250,000",retargeting,Eastern,51,,0
L-03542,google,Ideal,"Less than $250,000",paid search,Pacific,61,OR,0
L-03543,google,Low Value,"Less than $250,000",nonbrand,Eastern,0,NC,0
L-03544,meta,Low Value,"Less than $250,000",organic social,Eastern,0,MA,0
L-03545,tiktok,Ideal,"Less than $250,000",prospecting,Pacific,28,CA,0
L-03546,meta,High Value,"Less than $250,000",organic social,Pacific,61,CA,0
L-03547,meta,High Value,"$500,000 to $999,999",organic social,Pacific,100,OR,0
L-03548,tiktok,Ideal,"Less than $250,000",organic social,Central,67,WI,0
L-03549,bing,Low Value,"$250,000 to $499,999",brand,Central,56,TX,1
L-03550,google,Low Value,Self-Serve Signup,ppc,Eastern,10,OH,0
L-03551,bing,Low Value,"Less than $250,000",organic search,Central,6,TX,0
L-03552,google,High Value,,nonbrand,Eastern,31,NY,0
L-03553,google,High Value,"Less than $250,000",nonbrand,Central,49,IL,0
L-03554,meta,Low Value,"Less than $250,000",organic social,Mountain,17,CO,0
L-03555,google,Ideal,"Less than $250,000",,Central,52,TX,0
L-03556,tiktok,Low Value,"Less than $250,000",prospecting,Eastern,17,GA,0
L-03557,meta,High Value,"Less than $250,000",retargeting,Eastern,8,VA,0
L-03558,meta,Low Value,"$1,000,000 to $4,999,999",organic social,Eastern,67,,0
L-03559,meta,Ideal,"$250,000 to $499,999",prospecting,Eastern,83,,0
L-03560,google,Ideal,"$250,000 to $499,999",nonbrand,Eastern,31,MI,0
L-03561,google,Ideal,"Less than $250,000",nonbrand,Central,24,IL,0
L-03562,meta,Ideal,"Less than $250,000",prospecting,Eastern,64,FL,0
L-03563,bing,Low Value,"$250,000 to $499,999",nonbrand,Central,29,LA,1
L-03564,google,Low Value,"$250,000 to $499,999",nonbrand,Mountain,32,MT,0
L-03565,meta,Ideal,"$5,000,000 to $9,999,999",retargeting,Eastern,11,FL,0
L-03566,google,Low Value,"$500,000 to $999,999",prospecting,Central,61,IL,0
L-03567,google,Low Value,"$250,000 to $499,999",brand,Eastern,91,FL,1
L-03568,tiktok,Ideal,"Less than $250,000",prospecting,Pacific,84,CA,1
L-03569,bing,Low Value,"$250,000 to $499,999",brand,Mountain,24,UT,1
L-03570,google,Ideal,"Less than $250,000",organic search,Pacific,0,NV,1
L-03571,tiktok,Low Value,"$10,000,000 to $24,999,999",organic social,Eastern,23,GA,0
L-03572,google,Unknown,"$500,000 to $999,999",paid search,Central,16,MO,0
L-03573,tiktok,Ideal,"Less than $250,000",retargeting,Pacific,15,CA,0
L-03574,meta,Low Value,"Less than $250,000",prospecting,Eastern,31,NJ,0
L-03575,google,Ideal,"$5,000,000 to $9,999,999",,Eastern,100,NJ,1
L-03576,google,High Value,"$500,000 to $999,999",retargeting,Eastern,46,FL,0
L-03577,google,High Value,"$500,000 to $999,999",paid search,Eastern,70,NY,1
L-03578,meta,Ideal,"Less than $250,000",brand,Pacific,2,NV,0
L-03579,bing,Ideal,"$5,000,000 to $9,999,999",cpc,Eastern,17,FL,0
L-03580,meta,Low Value,Self-Serve Signup,pmax,Mountain,5,CO,0
L-03581,meta,Low Value,,retargeting,Eastern,26,NC,0
L-03582,meta,High Value,"$10,000,000 to $24,999,999",prospecting,Pacific,62,NV,0
L-03583,google,High Value,"$250,000 to $499,999",,Central,70,TX,0
L-03584,bing,Ideal,"$250,000 to $499,999",cpc,Central,76,TX,1
L-03585,tiktok,Ideal,"$1,000,000 to $4,999,999",prospecting,Eastern,87,FL,0
L-03586,google,Low Value,"Less than $250,000",paid search,Eastern,41,MI,0
L-03587,meta,Low Value,,nonbrand,Pacific,0,WA,0
L-03588,google,Ideal,"Less than $250,000",brand,Eastern,59,VA,0
L-03589,meta,High Value,"$10,000,000 to $24,999,999",prospecting,Eastern,59,PA,1
L-03590,google,High Value,"$250,000 to $499,999",brand,Pacific,49,OR,1
L-03591,meta,Low Value,"Less than $250,000",prospecting,Eastern,45,NC,0
L-03592,meta,Low Value,"Less than $250,000",organic social,Central,,LA,0
L-03593,tiktok,Low Value,"Less than $250,000",ppc,Eastern,,FL,0
L-03594,meta,Low Value,"$250,000 to $499,999",nonbrand,Pacific,75,WA,0
L-03595,meta,Low Value,"$500,000 to $999,999",nonbrand,Arizona,75,AZ,1
L-03596,meta,Low Value,"Less than $250,000",retargeting,Central,14,LA,0
L-03597,meta,Low Value,Self-Serve Signup,paid search,Eastern,60,NJ,1
L-03598,bing,High Value,"$1,000,000 to $4,999,999",nonbrand,Mountain,66,CO,1
L-03599,bing,Ideal,"Less than $250,000",brand,Central,48,TX,0
L-03600,google,Ideal,"$10,000,000 to $24,999,999",pmax,,79,,0
L-03601,google,High Value,"$10,000,000 to $24,999,999",brand,Eastern,71,VA,1
L-03602,google,High Value,"$5,000,000 to $9,999,999",brand,Pacific,69,WA,1
L-03603,meta,Ideal,"$1,000,000 to $4,999,999",prospecting,Eastern,37,NC,0
L-03604,tiktok,High Value,"$500,000 to $999,999",retargeting,Central,53,IL,0
L-03605,meta,Low Value,"Less than $250,000",prospecting,Central,,LA,0
L-03606,meta,Ideal,"Less than $250,000",prospecting,Arizona,10,AZ,0
L-03607,meta,Low Value,"Less than $250,000",prospecting,Eastern,19,,0
L-03608,bing,High Value,"$500,000 to $999,999",brand,Central,72,MO,0
L-03609,meta,High Value,"Less than $250,000",cpc,Eastern,65,FL,0
L-03610,meta,Ideal,"Less than $250,000",ppc,Eastern,36,NY,0
L-03611,google,Low Value,"$500,000 to $999,999",retargeting,Central,25,TX,0
L-03612,tiktok,Low Value,"$500,000 to $999,999",nonbrand,Pacific,48,WA,1
L-03613,bing,Low Value,"$5,000,000 to $9,999,999",brand,Eastern,29,NC,0
L-03614,google,High Value,,organic search,Eastern,,NJ,0
L-03615,meta,Unknown,"Less than $250,000",organic social,Central,,MN,0
L-03616,google,Low Value,"Less than $250,000",paid search,Eastern,90,MI,0
L-03617,google,Low Value,"Less than $250,000",ppc,Pacific,49,CA,0
L-03618,meta,Low Value,"Less than $250,000",organic social,Pacific,38,CA,0
L-03619,bing,Ideal,"$500,000 to $999,999",,Central,22,TN,1
L-03620,meta,Low Value,"Less than $250,000",retargeting,Eastern,13,FL,0
L-03621,meta,High Value,"$10,000,000 to $24,999,999",nonbrand,Arizona,58,AZ,1
L-03622,bing,High Value,,cpc,Eastern,86,PA,1
L-03623,meta,Low Value,"Less than $250,000",organic social,Eastern,40,NJ,0
L-03624,google,Ideal,"$5,000,000 to $9,999,999",nonbrand,Central,82,MO,1
L-03625,meta,Low Value,"Less than $250,000",organic social,Eastern,16,MI,0
L-03626,meta,Low Value,"$250,000 to $499,999",nonbrand,Central,21,TX,0
L-03627,meta,High Value,"$500,000 to $999,999",organic social,Eastern,91,MA,1
L-03628,meta,Low Value,Self-Serve Signup,retargeting,Mountain,36,CO,1
L-03629,google,Ideal,"$250,000 to $499,999",nonbrand,Pacific,100,WA,0
L-03630,meta,Low Value,"Less than $250,000",prospecting,Central,11,IL,1
L-03631,tiktok,High Value,"$250,000 to $499,999",prospecting,Mountain,59,CO,0
L-03632,bing,Ideal,"Less than $250,000",ppc,Central,42,MN,0
L-03633,bing,Ideal,"Less than $250,000",paid search,Pacific,31,CA,0
L-03634,google,Ideal,"$5,000,000 to $9,999,999",brand,Eastern,54,MI,1
L-03635,meta,Low Value,"$1,000,000 to $4,999,999",ppc,Pacific,100,CA,1
L-03636,google,High Value,"$1,000,000 to $4,999,999",prospecting,Eastern,62,NY,0
L-03637,meta,Low Value,"Less than $250,000",prospecting,Central,20,MN,1
L-03638,meta,Low Value,"Less than $250,000",organic social,Mountain,48,CO,0
L-03639,meta,Low Value,"Less than $250,000",nonbrand,Pacific,44,NV,0
L-03640,google,High Value,"$500,000 to $999,999",nonbrand,Eastern,66,NC,1
L-03641,google,Low Value,"$250,000 to $499,999",brand,Central,,TX,1
L-03642,bing,Ideal,,pmax,Eastern,37,VA,0
L-03643,meta,Ideal,"$250,000 to $499,999",brand,Eastern,89,GA,0
L-03644,meta,Low Value,"Less than $250,000",organic social,Eastern,85,MA,0
L-03645,bing,Low Value,"$500,000 to $999,999",nonbrand,Mountain,73,UT,1
L-03646,meta,Ideal,"$500,000 to $999,999",organic social,Pacific,48,CA,0
L-03647,google,High Value,"$10,000,000 to $24,999,999",nonbrand,Central,59,TX,0
L-03648,google,Ideal,"$1,000,000 to $4,999,999",nonbrand,Central,98,TN,1
L-03649,meta,Low Value,"Less than $250,000",organic social,Central,61,TX,0
L-03650,google,Low Value,"Less than $250,000",paid search,Central,93,WI,1
L-03651,bing,High Value,"$1,000,000 to $4,999,999",nonbrand,Central,71,TX,1
L-03652,bing,High Value,"$250,000 to $499,999",ppc,Central,71,MN,0
L-03653,google,High Value,"$1,000,000 to $4,999,999",nonbrand,Central,51,TX,1
L-03654,bing,Low Value,"Less than $250,000",nonbrand,Eastern,67,OH,0
L-03655,google,Low Value,"$250,000 to $499,999",,Eastern,,GA,0
L-03656,google,Ideal,"$250,000 to $499,999",brand,Central,86,IL,1
L-03657,meta,Ideal,"Less than $250,000",prospecting,Hawaii,53,HI,0
L-03658,google,High Value,"$500,000 to $999,999",paid search,Pacific,22,WA,0
L-03659,google,Ideal,"$5,000,000 to $9,999,999",brand,Eastern,85,VA,1
L-03660,google,Ideal,"$500,000 to $999,999",ppc,Hawaii,50,HI,1
L-03661,meta,Low Value,"Less than $250,000",organic social,Central,91,TN,0
L-03662,meta,High Value,"$500,000 to $999,999",nonbrand,Eastern,32,NY,1
L-03663,meta,High Value,"Less than $250,000",cpc,Eastern,83,GA,1
L-03664,google,Ideal,"$5,000,000 to $9,999,999",pmax,Eastern,84,GA,1
L-03665,google,Low Value,"$250,000 to $499,999",brand,Mountain,32,UT,0
L-03666,google,High Value,"$10,000,000 to $24,999,999",cpc,Central,93,TX,1
L-03667,meta,Ideal,"Less than $250,000",cpc,Central,4,LA,0
L-03668,meta,Unknown,"Less than $250,000",prospecting,Eastern,62,OH,1
L-03669,google,Ideal,"Less than $250,000",organic search,Central,37,MN,0
L-03670,google,High Value,"$500,000 to $999,999",nonbrand,Eastern,62,GA,0
L-03671,bing,Ideal,"$250,000 to $499,999",cpc,Eastern,20,NJ,0
L-03672,google,Ideal,"Less than $250,000",pmax,Eastern,34,VA,0
L-03673,google,Ideal,"Less than $250,000",pmax,Central,54,WI,1
L-03674,meta,Low Value,,retargeting,Eastern,28,NY,1
L-03675,meta,Low Value,"Less than $250,000",cpc,Central,0,TN,0
L-03676,tiktok,Ideal,"$5,000,000 to $9,999,999",prospecting,Pacific,82,CA,1
L-03677,tiktok,Low Value,"Less than $250,000",prospecting,Pacific,58,CA,0
L-03678,meta,Ideal,"Less than $250,000",ppc,Pacific,37,CA,1
L-03679,google,Low Value,"Less than $250,000",brand,Central,45,TN,0
L-03680,google,Unknown,"$500,000 to $999,999",ppc,Eastern,31,MA,0
L-03681,meta,Low Value,"Less than $250,000",prospecting,Eastern,47,NY,0
L-03682,bing,High Value,"$250,000 to $499,999",paid search,Eastern,84,FL,0
L-03683,meta,Low Value,"Less than $250,000",organic social,Pacific,37,CA,0
L-03684,tiktok,High Value,"Less than $250,000",prospecting,Mountain,23,CO,0
L-03685,meta,Ideal,"Less than $250,000",prospecting,Pacific,0,CA,0
L-03686,meta,Low Value,"Less than $250,000",prospecting,Central,10,MN,0
L-03687,bing,Low Value,"Less than $250,000",nonbrand,Arizona,100,AZ,1
L-03688,meta,Unknown,Self-Serve Signup,organic social,Eastern,96,VA,0
L-03689,google,High Value,"$1,000,000 to $4,999,999",pmax,,80,,0
L-03690,meta,High Value,"$250,000 to $499,999",organic social,Central,,TN,0
L-03691,google,Ideal,"$500,000 to $999,999",nonbrand,Eastern,26,NY,0
L-03692,meta,Low Value,"Less than $250,000",organic social,Central,39,TN,0
L-03693,google,High Value,"$500,000 to $999,999",,Eastern,63,NY,0
L-03694,google,Low Value,"Less than $250,000",cpc,Eastern,99,GA,0
L-03695,bing,Ideal,"Less than $250,000",nonbrand,Pacific,47,CA,0
L-03696,meta,Ideal,"$500,000 to $999,999",prospecting,Eastern,44,FL,0
L-03697,google,Ideal,"$500,000 to $999,999",nonbrand,Eastern,62,NC,0
L-03698,meta,Low Value,Self-Serve Signup,retargeting,Pacific,52,CA,0
L-03699,google,Low Value,"$1,000,000 to $4,999,999",,Central,16,IL,1
L-03700,google,Unknown,"Less than $250,000",brand,Eastern,59,NY,0
L-03701,meta,Low Value,"Less than $250,000",retargeting,Central,86,TX,0
L-03702,bing,Unknown,"$5,000,000 to $9,999,999",nonbrand,Central,12,MO,1
L-03703,google,High Value,,nonbrand,Alaska,66,AK,0
L-03704,meta,Ideal,"Less than $250,000",prospecting,Central,68,TX,0
L-03705,google,Low Value,"Less than $250,000",brand,Eastern,1,OH,0
L-03706,meta,Low Value,"Less than $250,000",nonbrand,Eastern,0,VA,0
L-03707,meta,Low Value,"Less than $250,000",organic social,Eastern,20,NY,0
L-03708,meta,Low Value,"Less than $250,000",prospecting,Mountain,48,UT,0
L-03709,meta,Ideal,"$250,000 to $499,999",organic social,Central,26,TX,0
L-03710,tiktok,High Value,"$250,000 to $499,999",brand,Eastern,68,NY,0
L-03711,google,Low Value,"$5,000,000 to $9,999,999",brand,Central,46,IL,0
L-03712,meta,Low Value,"Less than $250,000",nonbrand,Eastern,43,OH,1
L-03713,google,Ideal,"$250,000 to $499,999",brand,,100,,0
L-03714,meta,Low Value,"Less than $250,000",nonbrand,Pacific,59,CA,0
L-03715,meta,Low Value,"Less than $250,000",nonbrand,Pacific,17,CA,0
L-03716,meta,Low Value,"$250,000 to $499,999",organic social,Central,41,MN,0
L-03717,bing,Low Value,"$500,000 to $999,999",nonbrand,Mountain,40,CO,0
L-03718,tiktok,Unknown,"$500,000 to $999,999",organic social,Eastern,61,GA,1
L-03719,meta,Low Value,"$500,000 to $999,999",cpc,Eastern,41,NY,1
L-03720,google,Low Value,"$250,000 to $499,999",brand,,0,,0
L-03721,bing,Ideal,"$500,000 to $999,999",brand,Eastern,54,OH,0
L-03722,google,High Value,"$500,000 to $999,999",ppc,Mountain,71,CO,1
L-03723,meta,Low Value,"Less than $250,000",organic social,Mountain,5,CO,0
L-03724,google,Low Value,"$5,000,000 to $9,999,999",,Eastern,55,FL,0
L-03725,google,Ideal,"$500,000 to $999,999",organic search,,74,,0
L-03726,google,Ideal,"$500,000 to $999,999",brand,Central,89,TX,0
L-03727,google,High Value,"Less than $250,000",cpc,Mountain,56,UT,0
L-03728,meta,Ideal,"$1,000,000 to $4,999,999",organic social,Eastern,78,FL,0
L-03729,meta,Ideal,"$250,000 to $499,999",brand,Central,44,TX,0
L-03730,google,Low Value,"Less than $250,000",paid search,,50,,0
L-03731,google,Unknown,"$10,000,000 to $24,999,999",nonbrand,Eastern,34,OH,0
L-03732,meta,Low Value,"Less than $250,000",organic social,Eastern,55,NC,0
L-03733,tiktok,Low Value,"$5,000,000 to $9,999,999",organic social,Eastern,87,FL,0
L-03734,meta,High Value,"$250,000 to $499,999",retargeting,Pacific,68,CA,0
L-03735,meta,Low Value,"$250,000 to $499,999",retargeting,Pacific,81,WA,0
L-03736,meta,Low Value,"Less than $250,000",organic social,Eastern,0,VA,0
L-03737,google,Ideal,"$500,000 to $999,999",nonbrand,Mountain,100,CO,1
L-03738,google,High Value,"$250,000 to $499,999",paid search,Central,44,TX,0
L-03739,tiktok,Low Value,"$500,000 to $999,999",retargeting,Eastern,0,MI,1
L-03740,google,Low Value,"$250,000 to $499,999",paid search,Pacific,80,NV,1
L-03741,meta,Ideal,"$500,000 to $999,999",organic social,Central,83,TX,1
L-03742,google,Unknown,"$250,000 to $499,999",nonbrand,Pacific,59,CA,0
L-03743,bing,Low Value,"$1,000,000 to $4,999,999",paid search,Eastern,37,NC,0
L-03744,google,Ideal,"Less than $250,000",retargeting,Eastern,40,VA,0
L-03745,tiktok,Unknown,"Less than $250,000",prospecting,Eastern,58,FL,0
L-03746,google,Ideal,"$500,000 to $999,999",cpc,Eastern,82,MA,1
L-03747,google,Ideal,"$10,000,000 to $24,999,999",cpc,Central,94,TN,1
L-03748,meta,Low Value,"$500,000 to $999,999",retargeting,Pacific,44,CA,0
L-03749,meta,High Value,"$5,000,000 to $9,999,999",prospecting,Eastern,89,VA,0
L-03750,meta,Low Value,"Less than $250,000",prospecting,Eastern,42,NC,0
L-03751,bing,Low Value,"Less than $250,000",brand,Eastern,41,MA,0
L-03752,google,Ideal,Self-Serve Signup,brand,Mountain,26,UT,0
L-03753,google,Ideal,"$500,000 to $999,999",brand,,25,,0
L-03754,meta,Unknown,"Less than $250,000",prospecting,Eastern,40,GA,1
L-03755,meta,Low Value,"Less than $250,000",organic social,Eastern,39,,0
L-03756,meta,High Value,"$5,000,000 to $9,999,999",organic social,Pacific,100,CA,1
L-03757,google,Low Value,"$1,000,000 to $4,999,999",pmax,Pacific,76,CA,0
L-03758,tiktok,High Value,"Less than $250,000",prospecting,Eastern,73,PA,0
L-03759,google,High Value,"$250,000 to $499,999",paid search,Central,69,TX,0
L-03760,google,Low Value,"$250,000 to $499,999",ppc,Eastern,96,NC,0
L-03761,meta,High Value,Self-Serve Signup,organic social,Central,62,LA,0
L-03762,meta,Low Value,Self-Serve Signup,ppc,Eastern,12,MA,0
L-03763,tiktok,Low Value,"Less than $250,000",prospecting,Mountain,94,CO,0
L-03764,google,Low Value,"$1,000,000 to $4,999,999",cpc,Pacific,60,CA,0
L-03765,tiktok,Low Value,"Less than $250,000",retargeting,Eastern,89,MI,0
L-03766,google,High Value,"$5,000,000 to $9,999,999",cpc,Pacific,52,OR,0
L-03767,meta,Low Value,"$1,000,000 to $4,999,999",retargeting,Central,100,WI,1
L-03768,meta,Low Value,"$500,000 to $999,999",organic social,Eastern,22,PA,0
L-03769,meta,Low Value,"$500,000 to $999,999",prospecting,Eastern,72,NY,0
L-03770,tiktok,Low Value,"$500,000 to $999,999",brand,Pacific,45,CA,0
L-03771,bing,Ideal,"$500,000 to $999,999",cpc,Eastern,73,MI,0
L-03772,tiktok,Low Value,"$250,000 to $499,999",other campaigns,Pacific,59,CA,1
L-03773,meta,Low Value,Self-Serve Signup,cpc,,78,,0
L-03774,bing,High Value,"$5,000,000 to $9,999,999",ppc,Arizona,,AZ,0
L-03775,meta,Low Value,"$250,000 to $499,999",prospecting,Eastern,74,OH,0
L-03776,meta,Ideal,"Less than $250,000",organic social,Pacific,0,CA,0
L-03777,bing,Low Value,,pmax,Pacific,93,CA,0
L-03778,google,High Value,"$1,000,000 to $4,999,999",nonbrand,Eastern,31,OH,0
L-03779,google,Unknown,"$1,000,000 to $4,999,999",organic search,Mountain,98,CO,0
L-03780,google,Ideal,"$250,000 to $499,999",cpc,Central,49,IL,0
L-03781,google,Low Value,"$500,000 to $999,999",pmax,Pacific,54,,0
L-03782,meta,Low Value,"Less than $250,000",organic social,Eastern,23,PA,0
L-03783,bing,Low Value,"Less than $250,000",nonbrand,Central,32,IL,0
L-03784,meta,Ideal,"Less than $250,000",,Mountain,50,CO,0
L-03785,meta,Unknown,"$5,000,000 to $9,999,999",brand,Mountain,0,UT,0
L-03786,google,Low Value,"Less than $250,000",paid search,Central,39,TX,1
L-03787,meta,High Value,"$250,000 to $499,999",retargeting,Central,81,TX,0
L-03788,meta,Low Value,"$250,000 to $499,999",prospecting,Pacific,45,WA,0
L-03789,bing,Low Value,"Less than $250,000",ppc,Pacific,4,CA,0
L-03790,meta,Ideal,"$250,000 to $499,999",prospecting,Eastern,36,NY,1
L-03791,google,Ideal,"$5,000,000 to $9,999,999",prospecting,Eastern,83,NY,0
L-03792,tiktok,Low Value,"$250,000 to $499,999",retargeting,Central,22,TN,0
L-03793,bing,Ideal,"$250,000 to $499,999",paid search,Eastern,52,GA,0
L-03794,tiktok,Low Value,"$250,000 to $499,999",prospecting,Eastern,41,VA,0
L-03795,google,Low Value,"$500,000 to $999,999",brand,Pacific,65,CA,1
L-03796,google,High Value,"$250,000 to $499,999",brand,Central,47,MO,0
L-03797,meta,Ideal,Self-Serve Signup,prospecting,Hawaii,43,HI,0
L-03798,meta,Unknown,,organic social,Central,33,TN,0
L-03799,bing,High Value,"$10,000,000 to $24,999,999",paid search,Central,26,TN,0
L-03800,tiktok,Ideal,"Less than $250,000",organic social,,,,0
L-03801,google,Low Value,"$500,000 to $999,999",cpc,Pacific,22,CA,0
L-03802,bing,Ideal,"$10,000,000 to $24,999,999",brand,Eastern,26,NY,0
L-03803,google,Low Value,"Less than $250,000",pmax,Eastern,40,NC,0
L-03804,tiktok,Low Value,,organic social,Eastern,,NY,0
L-03805,bing,High Value,"$250,000 to $499,999",cpc,Pacific,100,WA,1
L-03806,bing,High Value,"$5,000,000 to $9,999,999",ppc,Pacific,29,WA,0
L-03807,google,Ideal,"Less than $250,000",other campaigns,Central,52,TN,0
L-03808,meta,High Value,"$250,000 to $499,999",organic search,Central,35,TN,1
L-03809,tiktok,Low Value,"Less than $250,000",prospecting,Eastern,23,PA,0
L-03810,meta,High Value,"$1,000,000 to $4,999,999",organic social,Pacific,74,CA,1
L-03811,meta,Low Value,"Less than $250,000",brand,Arizona,0,AZ,0
L-03812,meta,Low Value,"$500,000 to $999,999",organic social,Eastern,4,MA,0
L-03813,tiktok,Unknown,"$250,000 to $499,999",other campaigns,Pacific,43,NV,0
L-03814,google,High Value,"Less than $250,000",brand,Pacific,28,OR,0
L-03815,meta,Low Value,"Less than $250,000",retargeting,Pacific,53,WA,0
L-03816,tiktok,High Value,"$250,000 to $499,999",organic social,Central,67,IL,0
L-03817,meta,Low Value,"Less than $250,000",prospecting,Eastern,18,OH,0
L-03818,google,Low Value,"Less than $250,000",nonbrand,,35,,0
L-03819,google,Ideal,"Less than $250,000",paid search,Pacific,0,CA,0
L-03820,google,Low Value,"$250,000 to $499,999",paid search,Central,29,TX,0
L-03821,bing,Low Value,"$500,000 to $999,999",nonbrand,Eastern,93,OH,1
L-03822,google,High Value,"$5,000,000 to $9,999,999",brand,Pacific,86,WA,1
L-03823,meta,Low Value,"Less than $250,000",prospecting,Central,32,TX,1
L-03824,tiktok,Low Value,"Less than $250,000",brand,Eastern,9,NY,0
L-03825,google,Unknown,"Less than $250,000",paid search,Central,34,TX,0
L-03826,meta,Low Value,,prospecting,Pacific,18,CA,0
L-03827,meta,Low Value,"$250,000 to $499,999",retargeting,Central,100,TX,1
L-03828,tiktok,High Value,"$250,000 to $499,999",prospecting,Eastern,96,MI,0
L-03829,bing,Ideal,"Less than $250,000",ppc,Pacific,47,CA,0
L-03830,meta,High Value,"$5,000,000 to $9,999,999",prospecting,Mountain,58,UT,1
L-03831,google,Low Value,"$250,000 to $499,999",brand,Eastern,,NC,0
L-03832,tiktok,Low Value,"$500,000 to $999,999",retargeting,Central,62,MO,0
L-03833,google,High Value,"$500,000 to $999,999",nonbrand,Eastern,73,PA,1
L-03834,google,High Value,"$250,000 to $499,999",nonbrand,Eastern,100,NC,1
L-03835,google,Low Value,"$500,000 to $999,999",organic search,Eastern,25,GA,0
L-03836,meta,High Value,"Less than $250,000",nonbrand,Eastern,64,NY,0
L-03837,google,Unknown,"Less than $250,000",brand,Pacific,25,WA,1
L-03838,tiktok,Low Value,"Less than $250,000",organic social,Pacific,68,CA,0
L-03839,tiktok,High Value,"$250,000 to $499,999",retargeting,Central,24,IL,0
L-03840,google,High Value,"Less than $250,000",nonbrand,Eastern,18,NC,0
L-03841,meta,High Value,"$5,000,000 to $9,999,999",prospecting,Eastern,98,NC,1
L-03842,tiktok,Low Value,"Less than $250,000",prospecting,Central,19,TX,0
L-03843,google,Ideal,"$250,000 to $499,999",paid search,Central,54,WI,0
L-03844,bing,Low Value,"Less than $250,000",brand,Central,81,MO,0
L-03845,tiktok,Low Value,"Less than $250,000",prospecting,Arizona,37,AZ,0
L-03846,google,High Value,"$10,000,000 to $24,999,999",paid search,Eastern,61,FL,1
L-03847,tiktok,Low Value,"Less than $250,000",prospecting,Eastern,55,OH,0
L-03848,google,Unknown,"$500,000 to $999,999",brand,Eastern,55,NC,1
L-03849,google,Unknown,"Less than $250,000",nonbrand,Mountain,28,CO,0
L-03850,meta,Low Value,"$250,000 to $499,999",prospecting,Central,18,LA,0
L-03851,bing,Low Value,"Less than $250,000",brand,Hawaii,80,HI,0
L-03852,bing,Low Value,"Less than $250,000",brand,Pacific,,CA,0
L-03853,meta,Unknown,"Less than $250,000",organic social,Central,25,TN,0
L-03854,bing,Ideal,"$250,000 to $499,999",brand,Mountain,80,UT,0
L-03855,meta,Low Value,"Less than $250,000",pmax,Mountain,37,UT,0
L-03856,google,High Value,,pmax,Eastern,44,MA,0
L-03857,google,High Value,"$1,000,000 to $4,999,999",,Central,92,TX,1
L-03858,google,Ideal,"$500,000 to $999,999",cpc,Pacific,72,NV,0
L-03859,meta,Unknown,"$250,000 to $499,999",retargeting,Eastern,35,GA,0
L-03860,bing,Ideal,"$5,000,000 to $9,999,999",nonbrand,Eastern,47,GA,0
L-03861,google,Low Value,"$250,000 to $499,999",cpc,Eastern,48,FL,0
L-03862,tiktok,Ideal,"$1,000,000 to $4,999,999",prospecting,Central,68,IL,0
L-03863,google,Unknown,"$500,000 to $999,999",nonbrand,Central,61,IL,1
L-03864,tiktok,Low Value,"Less than $250,000",retargeting,Central,28,TX,0
L-03865,google,Ideal,Self-Serve Signup,,Eastern,57,FL,1
L-03866,meta,Low Value,"Less than $250,000",nonbrand,Pacific,37,WA,0
L-03867,google,Ideal,"$1,000,000 to $4,999,999",cpc,Central,68,IL,0
L-03868,google,Low Value,"$500,000 to $999,999",nonbrand,Pacific,83,NV,1
L-03869,meta,Low Value,"$250,000 to $499,999",retargeting,Pacific,57,WA,0
L-03870,bing,Low Value,"$250,000 to $499,999",pmax,Pacific,93,CA,1
L-03871,bing,Unknown,"$500,000 to $999,999",paid search,Eastern,42,OH,0
L-03872,meta,Ideal,"$250,000 to $499,999",cpc,Pacific,61,CA,0
L-03873,meta,Low Value,"Less than $250,000",,Pacific,23,,0
L-03874,google,Ideal,"$500,000 to $999,999",organic search,Eastern,63,PA,0
L-03875,meta,Low Value,"$500,000 to $999,999",brand,Central,35,TN,0
L-03876,meta,Low Value,,cpc,Pacific,7,CA,0
L-03877,google,High Value,"Less than $250,000",nonbrand,Central,67,WI,0
L-03878,meta,Low Value,"Less than $250,000",prospecting,Central,53,TX,0
L-03879,meta,Low Value,"$5,000,000 to $9,999,999",brand,Eastern,69,MI,0
L-03880,meta,Unknown,"$1,000,000 to $4,999,999",,Eastern,0,NY,0
L-03881,meta,Low Value,"Less than $250,000",organic social,Arizona,26,AZ,0
L-03882,google,High Value,"$250,000 to $499,999",paid search,Central,61,TN,1
L-03883,meta,Low Value,"Less than $250,000",organic social,Central,40,TN,0
L-03884,meta,Low Value,"$500,000 to $999,999",retargeting,Eastern,47,PA,1
L-03885,meta,Low Value,"$250,000 to $499,999",prospecting,Central,40,MN,0
L-03886,meta,Ideal,"$250,000 to $499,999",organic search,Eastern,34,NC,0
L-03887,google,High Value,"$500,000 to $999,999",nonbrand,Eastern,100,NJ,1
L-03888,tiktok,Low Value,"$500,000 to $999,999",prospecting,Eastern,63,GA,0
L-03889,meta,Low Value,,retargeting,Central,40,IL,1
L-03890,google,Low Value,"Less than $250,000",ppc,Pacific,28,CA,0
L-03891,google,Low Value,"$250,000 to $499,999",brand,Central,22,TX,0
L-03892,google,Ideal,"$5,000,000 to $9,999,999",paid search,Eastern,52,,0
L-03893,bing,Unknown,"$500,000 to $999,999",ppc,Eastern,43,NC,0
L-03894,google,Low Value,"$250,000 to $499,999",retargeting,Eastern,31,FL,0
L-03895,tiktok,Unknown,"$500,000 to $999,999",cpc,Central,61,TN,0
L-03896,google,High Value,Self-Serve Signup,cpc,Eastern,50,VA,0
L-03897,google,Low Value,"$250,000 to $499,999",brand,Central,51,MO,0
L-03898,tiktok,Low Value,"Less than $250,000",cpc,Eastern,2,MA,0
L-03899,google,High Value,"$1,000,000 to $4,999,999",organic search,Central,36,IL,0
L-03900,bing,Low Value,"Less than $250,000",brand,Central,47,TX,0
L-03901,google,Ideal,"Less than $250,000",prospecting,Mountain,59,UT,0
L-03902,tiktok,Ideal,"$500,000 to $999,999",retargeting,Mountain,47,CO,0
L-03903,google,High Value,"$10,000,000 to $24,999,999",brand,Pacific,,CA,1
L-03904,meta,Low Value,"Less than $250,000",organic social,Pacific,0,OR,0
L-03905,meta,Low Value,"$250,000 to $499,999",prospecting,Eastern,17,GA,0
L-03906,meta,Low Value,"Less than $250,000",paid search,Eastern,55,GA,0
L-03907,google,High Value,"$5,000,000 to $9,999,999",ppc,Eastern,37,OH,0
L-03908,bing,High Value,"$1,000,000 to $4,999,999",cpc,Eastern,44,NY,0
L-03909,meta,Ideal,"Less than $250,000",prospecting,Eastern,39,NC,1
L-03910,tiktok,Ideal,"Less than $250,000",,Pacific,40,OR,0
L-03911,google,Low Value,"$250,000 to $499,999",nonbrand,Central,,TN,0
L-03912,meta,Low Value,"Less than $250,000",prospecting,Pacific,27,CA,0
L-03913,meta,Ideal,"$500,000 to $999,999",cpc,Eastern,75,MA,1
L-03914,google,Ideal,"$250,000 to $499,999",paid search,Central,32,TX,1
L-03915,meta,Low Value,"Less than $250,000",prospecting,--,79,NY,1
L-03916,meta,Low Value,"Less than $250,000",organic social,Arizona,48,AZ,0
L-03917,bing,Unknown,"$5,000,000 to $9,999,999",brand,Central,71,TX,0
L-03918,bing,High Value,"$5,000,000 to $9,999,999",paid search,Pacific,75,OR,1
L-03919,bing,Low Value,"$250,000 to $499,999",organic search,,34,,0
L-03920,google,Ideal,"$1,000,000 to $4,999,999",cpc,Eastern,59,MA,1
L-03921,bing,High Value,"Less than $250,000",paid search,Eastern,24,MA,0
L-03922,tiktok,High Value,"Less than $250,000",retargeting,Eastern,38,,0
L-03923,meta,Low Value,"Less than $250,000",paid search,Eastern,28,FL,0
L-03924,google,Unknown,"$250,000 to $499,999",organic search,Central,20,TN,0
L-03925,google,Ideal,"Less than $250,000",paid search,Pacific,47,WA,0
L-03926,bing,Low Value,"Less than $250,000",paid search,Mountain,4,CO,0
L-03927,google,Ideal,"Less than $250,000",ppc,Eastern,35,MA,1
L-03928,google,Low Value,"Less than $250,000",nonbrand,Pacific,61,WA,1
L-03929,google,Unknown,"$250,000 to $499,999",cpc,Eastern,0,GA,0
L-03930,tiktok,Low Value,"Less than $250,000",,Pacific,0,NV,0
L-03931,meta,Ideal,"$250,000 to $499,999",nonbrand,Eastern,0,GA,0
L-03932,google,High Value,"$10,000,000 to $24,999,999",nonbrand,Eastern,100,GA,1
L-03933,tiktok,Low Value,"$250,000 to $499,999",retargeting,Eastern,69,OH,0
L-03934,meta,Low Value,"$250,000 to $499,999",prospecting,Pacific,60,CA,1
L-03935,tiktok,Low Value,"Less than $250,000",,,1,,0
L-03936,google,Low Value,"Less than $250,000",brand,Pacific,75,CA,0
L-03937,bing,Ideal,"$10,000,000 to $24,999,999",,Central,50,TX,0
L-03938,meta,Low Value,"Less than $250,000",prospecting,Eastern,31,NY,0
L-03939,meta,Low Value,"Less than $250,000",prospecting,Eastern,68,PA,0
L-03940,meta,Ideal,"$250,000 to $499,999",pmax,Eastern,92,NC,0
L-03941,bing,Unknown,"$1,000,000 to $4,999,999",brand,Central,73,IL,0
L-03942,meta,Ideal,"$1,000,000 to $4,999,999",,Central,100,TX,1
L-03943,meta,High Value,"Less than $250,000",organic social,Mountain,36,CO,0
L-03944,bing,High Value,"$5,000,000 to $9,999,999",cpc,Pacific,73,CA,0
L-03945,meta,Ideal,"$250,000 to $499,999",,Eastern,85,FL,0
L-03946,bing,Ideal,"Less than $250,000",paid search,Arizona,54,AZ,0
L-03947,meta,Ideal,"Less than $250,000",prospecting,,7,,1
L-03948,meta,Low Value,"Less than $250,000",retargeting,Mountain,77,CO,0
L-03949,google,Ideal,"$1,000,000 to $4,999,999",nonbrand,Eastern,70,GA,0
L-03950,bing,High Value,"$5,000,000 to $9,999,999",brand,Eastern,88,FL,1
L-03951,google,Low Value,"Less than $250,000",organic search,Eastern,17,NC,0
L-03952,google,High Value,"Less than $250,000",cpc,,80,,0
L-03953,meta,Unknown,"Less than $250,000",organic social,Central,59,LA,1
L-03954,google,Ideal,"Less than $250,000",brand,Pacific,5,NV,0
L-03955,google,High Value,"$1,000,000 to $4,999,999",paid search,Arizona,71,AZ,0
L-03956,bing,Low Value,"$500,000 to $999,999",nonbrand,Pacific,,WA,0
L-03957,meta,Ideal,"$250,000 to $499,999",prospecting,Eastern,26,MA,0
L-03958,tiktok,High Value,"$250,000 to $499,999",prospecting,Mountain,66,UT,0
L-03959,google,Low Value,"Less than $250,000",pmax,Eastern,63,VA,1
L-03960,meta,Low Value,"Less than $250,000",organic social,Eastern,40,PA,0
L-03961,bing,Ideal,"Less than $250,000",cpc,Central,30,TX,0
L-03962,meta,Low Value,"$500,000 to $999,999",brand,Alaska,59,AK,0
L-03963,bing,High Value,,organic search,Eastern,100,GA,1
L-03964,tiktok,Low Value,"Less than $250,000",paid search,Arizona,62,AZ,0
L-03965,google,Low Value,"$250,000 to $499,999",brand,Eastern,93,PA,0
L-03966,tiktok,Ideal,"Less than $250,000",prospecting,Pacific,54,CA,0
L-03967,meta,Low Value,"Less than $250,000",prospecting,Pacific,4,CA,0
L-03968,google,High Value,,nonbrand,Eastern,63,GA,0
L-03969,meta,Ideal,"$500,000 to $999,999",prospecting,Eastern,75,NY,0
L-03970,meta,High Value,"$500,000 to $999,999",retargeting,Central,7,TX,0
L-03971,google,High Value,"Less than $250,000",nonbrand,Eastern,57,NJ,0
L-03972,bing,Unknown,"$250,000 to $499,999",brand,Alaska,44,AK,0
L-03973,google,Ideal,"$500,000 to $999,999",paid search,Eastern,65,MI,0
L-03974,google,Low Value,"$500,000 to $999,999",cpc,Pacific,46,WA,1
L-03975,google,Ideal,"Less than $250,000",brand,Central,31,TN,0
L-03976,bing,Ideal,"$5,000,000 to $9,999,999",paid search,Eastern,,MI,1
L-03977,meta,Low Value,,prospecting,Pacific,70,CA,0
L-03978,tiktok,Low Value,"Less than $250,000",prospecting,Eastern,8,MA,0
L-03979,meta,Low Value,"$1,000,000 to $4,999,999",retargeting,Central,21,IL,0
L-03980,google,Ideal,,organic search,Central,95,IL,0
L-03981,google,Unknown,"$250,000 to $499,999",paid search,Central,55,TX,0
L-03982,google,High Value,"$1,000,000 to $4,999,999",prospecting,Eastern,100,FL,1
L-03983,meta,Unknown,"$5,000,000 to $9,999,999",brand,Pacific,10,CA,0
L-03984,google,Ideal,"Less than $250,000",nonbrand,Mountain,51,UT,1
L-03985,google,Low Value,"$5,000,000 to $9,999,999",organic search,Pacific,49,CA,0
L-03986,tiktok,Low Value,"Less than $250,000",prospecting,Eastern,12,NC,0
L-03987,meta,Low Value,"$250,000 to $499,999",cpc,Eastern,65,NJ,1
L-03988,bing,Ideal,"Less than $250,000",cpc,Pacific,70,NV,0
L-03989,google,Ideal,"$500,000 to $999,999",paid search,Pacific,67,CA,0
L-03990,meta,Low Value,"Less than $250,000",prospecting,Notify Admin,39,PA,0
L-03991,google,Low Value,"$1,000,000 to $4,999,999",pmax,Eastern,43,NY,0
L-03992,meta,Low Value,"Less than $250,000",retargeting,Eastern,50,VA,1
L-03993,meta,Low Value,"$250,000 to $499,999",organic social,Pacific,,CA,0
L-03994,bing,Low Value,"$500,000 to $999,999",nonbrand,Central,91,MN,1
L-03995,meta,Low Value,"Less than $250,000",prospecting,Pacific,31,CA,0
L-03996,google,High Value,"$10,000,000 to $24,999,999",organic search,Hawaii,77,HI,0
L-03997,meta,Ideal,"$250,000 to $499,999",ppc,Central,33,LA,0
L-03998,google,Low Value,"Less than $250,000",pmax,Central,64,IL,0
L-03999,google,Unknown,"$5,000,000 to $9,999,999",brand,Pacific,77,CA,1
L-04000,bing,Low Value,"$5,000,000 to $9,999,999",paid search,Eastern,71,GA,1
L-04001,meta,Low Value,"$250,000 to $499,999",prospecting,Pacific,28,CA,0
L-04002,google,Low Value,"Less than $250,000",prospecting,Eastern,43,PA,0
L-04003,tiktok,Low Value,Self-Serve Signup,retargeting,Pacific,4,,0
L-04004,google,High Value,"$500,000 to $999,999",nonbrand,Eastern,84,FL,0
L-04005,google,Ideal,"$1,000,000 to $4,999,999",pmax,Eastern,60,VA,0
L-04006,bing,Low Value,"Less than $250,000",paid search,Eastern,,NY,0
L-04007,google,Ideal,"Less than $250,000",nonbrand,Pacific,53,CA,1
L-04008,google,Ideal,"Less than $250,000",nonbrand,Eastern,90,FL,1
L-04009,google,High Value,"$500,000 to $999,999",brand,Eastern,77,GA,0
L-04010,meta,Low Value,"Less than $250,000",prospecting,Eastern,,NY,0
L-04011,meta,High Value,"Less than $250,000",prospecting,Eastern,0,VA,0
L-04012,meta,Low Value,"Less than $250,000",prospecting,Pacific,60,NV,0
L-04013,bing,Ideal,"$250,000 to $499,999",organic search,Eastern,41,VA,0
L-04014,google,High Value,"$500,000 to $999,999",paid search,Eastern,43,PA,0
L-04015,google,High Value,"Less than $250,000",brand,Eastern,69,NC,0
L-04016,tiktok,High Value,"$1,000,000 to $4,999,999",organic social,Central,100,TX,1
L-04017,meta,Ideal,"$1,000,000 to $4,999,999",retargeting,Pacific,71,WA,0
L-04018,google,High Value,"$250,000 to $499,999",paid search,Eastern,74,NY,0
L-04019,tiktok,Low Value,"Less than $250,000",cpc,Eastern,,NY,0
L-04020,google,Low Value,"$500,000 to $999,999",cpc,Central,52,,0
L-04021,google,Low Value,"Less than $250,000",brand,Eastern,23,FL,0
L-04022,meta,Ideal,Self-Serve Signup,organic social,Eastern,35,NY,0
L-04023,google,Ideal,"$500,000 to $999,999",paid search,Arizona,100,AZ,1
L-04024,google,Unknown,"$250,000 to $499,999",ppc,Eastern,87,PA,1
L-04025,google,Low Value,"Less than $250,000",brand,Eastern,100,NY,1
L-04026,google,Low Value,"Less than $250,000",brand,Pacific,,CA,0
L-04027,meta,High Value,"$5,000,000 to $9,999,999",organic social,Eastern,87,NJ,0
L-04028,google,Ideal,"$500,000 to $999,999",cpc,Central,36,WI,1
L-04029,google,High Value,"Less than $250,000",brand,Central,,TX,0
L-04030,tiktok,Low Value,"$250,000 to $499,999",organic social,Mountain,,CO,0
L-04031,bing,Low Value,"$500,000 to $999,999",brand,Pacific,85,CA,0
L-04032,tiktok,Low Value,"Less than $250,000",cpc,Central,68,MO,0
L-04033,google,High Value,"$500,000 to $999,999",brand,Central,45,IL,0
L-04034,meta,Low Value,"Less than $250,000",prospecting,Eastern,33,GA,0
L-04035,google,Ideal,"$500,000 to $999,999",pmax,Eastern,54,NC,0
L-04036,meta,Low Value,"Less than $250,000",prospecting,,,,0
L-04037,google,High Value,,brand,Central,93,MN,0
L-04038,google,Ideal,"$250,000 to $499,999",prospecting,Eastern,65,NJ,0
L-04039,google,Low Value,"$500,000 to $999,999",paid search,Eastern,76,MI,0
L-04040,bing,Ideal,"$500,000 to $999,999",retargeting,Mountain,56,CO,0
L-04041,tiktok,Unknown,"$250,000 to $499,999",cpc,Eastern,69,FL,0
L-04042,meta,Low Value,"$250,000 to $499,999",organic search,Central,21,IL,0
L-04043,google,Ideal,"$10,000,000 to $24,999,999",nonbrand,,84,,0
L-04044,meta,Ideal,"$500,000 to $999,999",organic social,Eastern,74,MA,0
L-04045,meta,Low Value,"$1,000,000 to $4,999,999",organic social,Eastern,43,OH,0
L-04046,meta,Ideal,"Less than $250,000",prospecting,Eastern,44,NJ,0
L-04047,google,Unknown,"$250,000 to $499,999",,Pacific,61,WA,0
L-04048,bing,High Value,,nonbrand,Eastern,90,OH,1
L-04049,google,Ideal,"$1,000,000 to $4,999,999",brand,Eastern,31,OH,0
L-04050,google,High Value,"$1,000,000 to $4,999,999",nonbrand,Eastern,76,FL,0
L-04051,bing,High Value,"$250,000 to $499,999",brand,Eastern,100,MA,1
L-04052,meta,Low Value,"$500,000 to $999,999",prospecting,Pacific,40,CA,1
L-04053,tiktok,Unknown,"$250,000 to $499,999",cpc,Central,73,TX,0
L-04054,meta,High Value,"$5,000,000 to $9,999,999",prospecting,,100,,0
L-04055,meta,Low Value,"Less than $250,000",nonbrand,Eastern,0,NY,0
L-04056,meta,Low Value,"Less than $250,000",nonbrand,Eastern,61,OH,0
L-04057,google,Ideal,"$250,000 to $499,999",cpc,Pacific,61,CA,0
L-04058,google,Ideal,"$250,000 to $499,999",pmax,Eastern,94,NY,0
L-04059,google,High Value,"$5,000,000 to $9,999,999",brand,Mountain,42,UT,1
L-04060,google,Low Value,"Less than $250,000",nonbrand,Eastern,,MI,1
L-04061,google,Low Value,"$10,000,000 to $24,999,999",brand,Pacific,31,CA,0
L-04062,meta,Unknown,"$250,000 to $499,999",prospecting,Central,76,TX,0
L-04063,google,High Value,"$5,000,000 to $9,999,999",brand,Pacific,54,NV,0
L-04064,meta,Low Value,"$5,000,000 to $9,999,999",nonbrand,Eastern,56,MA,1
L-04065,google,Low Value,"$1,000,000 to $4,999,999",cpc,Eastern,50,NC,0
L-04066,bing,Low Value,"Less than $250,000",brand,Eastern,86,NY,1
L-04067,bing,Ideal,"Less than $250,000",ppc,Eastern,56,OH,0
L-04068,bing,Low Value,"Less than $250,000",cpc,Central,25,IL,1
L-04069,google,Ideal,"$500,000 to $999,999",brand,Pacific,59,CA,1
L-04070,google,Ideal,"$1,000,000 to $4,999,999",ppc,Eastern,69,NJ,0
L-04071,meta,Low Value,"$10,000,000 to $24,999,999",organic social,Central,78,IL,0
L-04072,meta,Low Value,"$250,000 to $499,999",retargeting,Pacific,47,CA,0
L-04073,meta,High Value,"$5,000,000 to $9,999,999",brand,Pacific,62,WA,0
L-04074,meta,Low Value,"Less than $250,000",brand,Eastern,29,PA,0
L-04075,meta,Low Value,"$250,000 to $499,999",retargeting,Eastern,44,NC,0
L-04076,google,Low Value,,paid search,Arizona,65,AZ,0
L-04077,google,Low Value,"Less than $250,000",cpc,Eastern,18,VA,0
L-04078,meta,Low Value,"Less than $250,000",prospecting,Pacific,76,NV,1
L-04079,meta,Low Value,"$500,000 to $999,999",prospecting,Arizona,20,AZ,1
L-04080,google,Ideal,"$1,000,000 to $4,999,999",cpc,Eastern,92,NY,1
L-04081,meta,High Value,"Less than $250,000",organic social,Central,69,MN,1
L-04082,google,Ideal,"$1,000,000 to $4,999,999",brand,Mountain,98,CO,1
L-04083,google,Unknown,"$250,000 to $499,999",paid search,Eastern,22,VA,0
L-04084,meta,Low Value,"Less than $250,000",prospecting,,19,,0
L-04085,bing,Unknown,"$500,000 to $999,999",cpc,Eastern,33,PA,0
L-04086,google,Low Value,"$250,000 to $499,999",ppc,Pacific,50,CA,1
L-04087,meta,High Value,"Less than $250,000",organic social,Eastern,57,PA,0
L-04088,meta,Low Value,Self-Serve Signup,pmax,Eastern,28,NY,0
L-04089,google,Low Value,"Less than $250,000",prospecting,Arizona,8,AZ,0
L-04090,meta,Ideal,"Less than $250,000",retargeting,Eastern,31,NC,0
L-04091,meta,Low Value,"Less than $250,000",prospecting,Eastern,51,OH,0
L-04092,meta,Low Value,"$1,000,000 to $4,999,999",organic social,Eastern,63,NJ,0
L-04093,bing,Low Value,"Less than $250,000",paid search,Central,11,TX,0
L-04094,meta,Unknown,"$250,000 to $499,999",prospecting,Eastern,100,FL,1
L-04095,tiktok,Unknown,"Less than $250,000",brand,Eastern,57,VA,1
L-04096,meta,Ideal,"Less than $250,000",organic social,Central,43,MN,0
L-04097,google,Unknown,"$1,000,000 to $4,999,999",retargeting,Central,94,WI,1
L-04098,google,Low Value,,brand,Eastern,8,VA,0
L-04099,meta,Low Value,"Less than $250,000",,Central,0,WI,0
L-04100,bing,Ideal,"Less than $250,000",paid search,Pacific,45,CA,0
L-04101,bing,Ideal,,retargeting_lead_generation,Eastern,66,PA,0
L-04102,google,Ideal,"$250,000 to $499,999",organic search,Eastern,60,FL,1
L-04103,google,Ideal,"Less than $250,000",paid search,Pacific,52,CA,0
L-04104,google,Ideal,"Less than $250,000",ppc,Pacific,66,CA,0
L-04105,meta,High Value,,organic social,Eastern,21,NJ,0
L-04106,google,Ideal,"$1,000,000 to $4,999,999",nonbrand,Central,70,IL,0
L-04107,google,High Value,"$250,000 to $499,999",organic search,Pacific,22,NV,0
L-04108,tiktok,Ideal,"Less than $250,000",retargeting,Eastern,71,NC,0
L-04109,bing,Ideal,"$500,000 to $999,999",organic search,Central,90,TX,0
L-04110,google,Ideal,"$10,000,000 to $24,999,999",nonbrand,Central,69,MO,0
L-04111,meta,Unknown,"$1,000,000 to $4,999,999",organic social,Pacific,43,WA,0
L-04112,google,High Value,"$1,000,000 to $4,999,999",nonbrand,Eastern,36,FL,0
L-04113,google,Low Value,"Less than $250,000",cpc,Eastern,49,MI,0
L-04114,google,Low Value,"$250,000 to $499,999",nonbrand,Central,2,TX,0
L-04115,google,High Value,"$250,000 to $499,999",paid search,Eastern,86,MA,0
L-04116,google,High Value,"Less than $250,000",paid search,Pacific,56,CA,1
L-04117,google,High Value,"Less than $250,000",ppc,Eastern,63,VA,0
L-04118,google,High Value,"Less than $250,000",nonbrand,Eastern,73,PA,0
L-04119,meta,Low Value,"$1,000,000 to $4,999,999",retargeting,Eastern,,FL,0
L-04120,google,High Value,"$10,000,000 to $24,999,999",pmax,Pacific,65,CA,0
L-04121,google,Ideal,"$250,000 to $499,999",brand,Eastern,100,FL,0
L-04122,bing,High Value,"Less than $250,000",nonbrand,Central,46,TX,0
L-04123,meta,Low Value,"Less than $250,000",prospecting,Pacific,50,CA,0
L-04124,meta,Low Value,"Less than $250,000",nonbrand,Eastern,0,NC,0
L-04125,google,Low Value,"$1,000,000 to $4,999,999",ppc,Arizona,45,AZ,0
L-04126,meta,Low Value,"$500,000 to $999,999",prospecting,Central,35,IL,0
L-04127,meta,Low Value,"Less than $250,000",nonbrand,Eastern,0,FL,0
L-04128,google,Low Value,,brand,Central,89,LA,0
L-04129,google,Low Value,"Less than $250,000",pmax,Central,56,IL,0
L-04130,google,Ideal,"$250,000 to $499,999",nonbrand,Pacific,48,CA,0
L-04131,tiktok,Ideal,"$500,000 to $999,999",cpc,Central,96,TX,1
L-04132,google,Low Value,"Less than $250,000",nonbrand,Central,10,IL,0
L-04133,meta,Low Value,"Less than $250,000",organic social,Central,3,IL,0
L-04134,google,High Value,"$1,000,000 to $4,999,999",brand,Eastern,61,PA,1
L-04135,meta,Ideal,"$1,000,000 to $4,999,999",prospecting,Mountain,,UT,0
L-04136,google,Low Value,"$500,000 to $999,999",nonbrand,Arizona,38,AZ,0
L-04137,meta,High Value,"$1,000,000 to $4,999,999",prospecting,Eastern,59,MI,0
L-04138,meta,Low Value,"Less than $250,000",prospecting,Pacific,5,CA,0
L-04139,meta,Low Value,"$500,000 to $999,999",retargeting,Central,70,IL,0
L-04140,google,Low Value,"Less than $250,000",prospecting,Central,68,TX,0
L-04141,meta,Low Value,"$250,000 to $499,999",prospecting,Central,40,MO,0
L-04142,google,Low Value,"$500,000 to $999,999",pmax,Central,,IL,0
L-04143,meta,Ideal,"$1,000,000 to $4,999,999",prospecting,Central,54,TX,1
L-04144,meta,Low Value,"$1,000,000 to $4,999,999",prospecting,Pacific,100,NV,1
L-04145,meta,Low Value,"Less than $250,000",prospecting,Eastern,68,PA,1
L-04146,google,Low Value,"$500,000 to $999,999",brand,Eastern,30,PA,0
L-04147,google,Ideal,"Less than $250,000",nonbrand,Central,59,TX,0
L-04148,meta,Low Value,"$250,000 to $499,999",prospecting,Eastern,69,VA,0
L-04149,google,High Value,"Less than $250,000",ppc,--,90,MI,1
L-04150,google,High Value,"$10,000,000 to $24,999,999",organic search,Mountain,83,UT,0
L-04151,google,Ideal,"$1,000,000 to $4,999,999",pmax,Eastern,31,PA,0
L-04152,bing,High Value,"$1,000,000 to $4,999,999",paid search,,45,,0
L-04153,tiktok,Low Value,Self-Serve Signup,organic social,Eastern,0,NY,0
L-04154,meta,Low Value,"Less than $250,000",retargeting,Eastern,62,,0
L-04155,google,Ideal,"$500,000 to $999,999",brand,Eastern,56,NC,0
L-04156,google,Ideal,"$10,000,000 to $24,999,999",paid search,Eastern,88,FL,1
L-04157,google,High Value,"Less than $250,000",retargeting_lead_generation,Eastern,46,OH,0
L-04158,meta,Low Value,"Less than $250,000",prospecting,Eastern,38,FL,0
L-04159,bing,Low Value,"Less than $250,000",cpc,Pacific,35,WA,0
L-04160,google,High Value,"$500,000 to $999,999",paid search,Central,41,TX,0
L-04161,meta,Ideal,"Less than $250,000",organic social,Central,70,IL,0
L-04162,meta,Unknown,"$250,000 to $499,999",nonbrand,Eastern,,PA,0
L-04163,bing,Low Value,"$500,000 to $999,999",,Arizona,0,AZ,0
L-04164,google,Ideal,"Less than $250,000",cpc,Eastern,20,NY,0
L-04165,meta,Ideal,"$500,000 to $999,999",prospecting,Pacific,18,CA,0
L-04166,bing,High Value,"$5,000,000 to $9,999,999",cpc,Central,100,TX,1
L-04167,bing,Ideal,"$5,000,000 to $9,999,999",organic search,,100,,0
L-04168,google,High Value,"$500,000 to $999,999",cpc,Eastern,67,FL,1
L-04169,bing,Unknown,"$250,000 to $499,999",organic search,Mountain,33,UT,0
L-04170,google,Unknown,"Less than $250,000",brand,Eastern,23,FL,1
L-04171,google,Ideal,"$500,000 to $999,999",paid search,Eastern,82,NY,0
L-04172,google,Low Value,"Less than $250,000",nonbrand,Mountain,51,UT,0
L-04173,meta,Ideal,"Less than $250,000",organic search,Eastern,,VA,0
L-04174,google,Low Value,"$250,000 to $499,999",nonbrand,Eastern,26,PA,0
L-04175,google,Ideal,"$1,000,000 to $4,999,999",nonbrand,Pacific,51,CA,1
L-04176,tiktok,Low Value,"Less than $250,000",prospecting,Eastern,47,NY,1
L-04177,google,Unknown,"$250,000 to $499,999",brand,,42,,0
L-04178,tiktok,Ideal,"$500,000 to $999,999",prospecting,Eastern,22,FL,1
L-04179,tiktok,Low Value,"Less than $250,000",retargeting,Eastern,20,FL,0
L-04180,google,Low Value,"$250,000 to $499,999",cpc,,43,,0
L-04181,meta,High Value,"Less than $250,000",retargeting,Eastern,35,NY,0
L-04182,google,Unknown,"$250,000 to $499,999",brand,Pacific,,CA,1
L-04183,google,Low Value,"Less than $250,000",brand,,47,,0
L-04184,google,Low Value,"$1,000,000 to $4,999,999",paid search,Eastern,11,GA,0
L-04185,meta,Ideal,"Less than $250,000",organic social,Eastern,,PA,0
L-04186,google,Low Value,"Less than $250,000",nonbrand,Central,38,,0
L-04187,tiktok,Low Value,"$250,000 to $499,999",retargeting,Pacific,16,CA,0
L-04188,google,Low Value,"$250,000 to $499,999",pmax,Central,10,TX,0
L-04189,meta,Unknown,"Less than $250,000",retargeting,Eastern,2,GA,0
L-04190,tiktok,Unknown,"$250,000 to $499,999",organic social,Arizona,72,AZ,0
L-04191,google,Ideal,"$250,000 to $499,999",brand,Eastern,88,NY,0
L-04192,meta,Low Value,"Less than $250,000",organic social,Eastern,60,FL,0
L-04193,bing,Low Value,"$500,000 to $999,999",paid search,Pacific,46,CA,0
L-04194,google,Ideal,"$10,000,000 to $24,999,999",paid search,Eastern,53,NY,1
L-04195,tiktok,Ideal,"$250,000 to $499,999",retargeting,Eastern,38,FL,0
L-04196,google,Ideal,"$500,000 to $999,999",paid search,Eastern,46,GA,1
L-04197,meta,High Value,"$250,000 to $499,999",ppc,Pacific,100,OR,0
L-04198,google,High Value,"$5,000,000 to $9,999,999",organic search,Eastern,89,NY,1
L-04199,bing,Ideal,"Less than $250,000",nonbrand,Pacific,50,WA,0
L-04200,meta,Low Value,"$250,000 to $499,999",organic social,Pacific,,WA,0
L-04201,google,Ideal,,pmax,Eastern,54,OH,0
L-04202,bing,Unknown,"Less than $250,000",prospecting,Pacific,40,CA,0
L-04203,bing,High Value,"$1,000,000 to $4,999,999",nonbrand,Eastern,42,NC,0
L-04204,bing,High Value,"$250,000 to $499,999",organic search,Eastern,64,NC,0
L-04205,bing,Low Value,Self-Serve Signup,brand,Arizona,20,AZ,0
L-04206,tiktok,Ideal,"$250,000 to $499,999",retargeting,Eastern,60,GA,0
L-04207,google,Low Value,"Less than $250,000",nonbrand,Eastern,19,PA,0
L-04208,tiktok,Ideal,"$1,000,000 to $4,999,999",organic social,Pacific,65,CA,1
L-04209,meta,Ideal,"$5,000,000 to $9,999,999",,Central,7,TX,0
L-04210,google,High Value,"$500,000 to $999,999",pmax,Pacific,47,WA,0
L-04211,meta,Low Value,"$500,000 to $999,999",prospecting,Eastern,7,NY,1
L-04212,tiktok,Low Value,"Less than $250,000",ppc,Central,46,TX,0
L-04213,meta,Low Value,"Less than $250,000",prospecting,Central,0,TN,0
L-04214,google,Ideal,"$250,000 to $499,999",pmax,Central,50,TX,0
L-04215,meta,Low Value,"Less than $250,000",organic social,,29,,0
L-04216,meta,Unknown,"$5,000,000 to $9,999,999",retargeting,Eastern,33,FL,0
L-04217,meta,Ideal,"Less than $250,000",organic social,,69,,0
L-04218,meta,Low Value,"$500,000 to $999,999",organic social,Eastern,16,GA,0
L-04219,meta,Low Value,Self-Serve Signup,brand,Eastern,8,NY,0
L-04220,meta,Low Value,"$10,000,000 to $24,999,999",brand,Central,,TX,0
L-04221,meta,Low Value,"Less than $250,000",prospecting,Eastern,63,OH,0
L-04222,google,Low Value,"$250,000 to $499,999",retargeting,Pacific,0,CA,0
L-04223,google,Ideal,"$500,000 to $999,999",brand,Pacific,45,CA,0
L-04224,meta,Low Value,"$500,000 to $999,999",prospecting,Pacific,15,CA,0
L-04225,google,Low Value,"Less than $250,000",brand,Central,80,TX,0
L-04226,meta,Ideal,"$1,000,000 to $4,999,999",organic social,Central,34,IL,0
L-04227,google,Low Value,"Less than $250,000",ppc,Mountain,40,MT,0
L-04228,tiktok,Low Value,"Less than $250,000",organic social,Mountain,50,CO,0
L-04229,google,Unknown,"Less than $250,000",brand,Arizona,60,AZ,1
L-04230,google,High Value,"$1,000,000 to $4,999,999",paid search,Eastern,71,OH,0
L-04231,google,High Value,"$500,000 to $999,999",paid search,Central,56,TX,0
L-04232,meta,Low Value,"$1,000,000 to $4,999,999",prospecting,Central,31,TN,1
L-04233,meta,Ideal,"$500,000 to $999,999",prospecting,Eastern,72,MI,0
L-04234,meta,Low Value,"$250,000 to $499,999",prospecting,Central,23,TX,0
L-04235,google,High Value,"$250,000 to $499,999",brand,Central,83,LA,1
L-04236,google,Low Value,"$1,000,000 to $4,999,999",nonbrand,Eastern,51,NY,1
L-04237,bing,Low Value,"$500,000 to $999,999",organic search,Central,87,IL,0
L-04238,bing,High Value,"$250,000 to $499,999",ppc,Eastern,78,PA,1
L-04239,tiktok,High Value,"$1,000,000 to $4,999,999",retargeting,Alaska,100,AK,0
L-04240,tiktok,Low Value,"Less than $250,000",prospecting,Eastern,5,GA,0
L-04241,meta,Ideal,"$1,000,000 to $4,999,999",organic social,Central,80,TX,1
L-04242,tiktok,Low Value,"$250,000 to $499,999",prospecting,Pacific,50,CA,0
L-04243,tiktok,Low Value,"$250,000 to $499,999",retargeting,Pacific,61,OR,0
L-04244,tiktok,High Value,"$1,000,000 to $4,999,999",organic social,Alaska,59,AK,0
L-04245,tiktok,Low Value,"Less than $250,000",pmax,Arizona,52,AZ,0
L-04246,google,Ideal,"$1,000,000 to $4,999,999",nonbrand,Eastern,94,NC,1
L-04247,tiktok,Unknown,"Less than $250,000",prospecting,Pacific,45,CA,0
L-04248,meta,High Value,"Less than $250,000",retargeting,Eastern,72,NY,0
L-04249,meta,Low Value,"$250,000 to $499,999",,Central,56,IL,0
L-04250,google,Low Value,"$10,000,000 to $24,999,999",nonbrand,,70,,0
L-04251,google,High Value,"$250,000 to $499,999",nonbrand,Pacific,77,WA,0
L-04252,google,High Value,"$5,000,000 to $9,999,999",nonbrand,Pacific,,WA,1
L-04253,meta,Low Value,"$250,000 to $499,999",organic social,Pacific,54,CA,0
L-04254,meta,Ideal,"Less than $250,000",,Eastern,83,NJ,1
L-04255,google,High Value,"$10,000,000 to $24,999,999",brand,Eastern,87,,1
L-04256,meta,Unknown,"$250,000 to $499,999",retargeting,Central,0,IL,0
L-04257,google,Low Value,"$1,000,000 to $4,999,999",,Pacific,39,WA,0
L-04258,meta,Low Value,"$250,000 to $499,999",brand,Pacific,47,CA,0
L-04259,meta,Unknown,"$250,000 to $499,999",organic social,Central,56,TX,0
L-04260,tiktok,Low Value,Self-Serve Signup,prospecting,Central,0,TX,0
L-04261,bing,High Value,"$250,000 to $499,999",nonbrand,Pacific,37,CA,0
L-04262,meta,Unknown,"$250,000 to $499,999",retargeting,Central,19,TN,0
L-04263,google,Ideal,"$10,000,000 to $24,999,999",brand,Central,46,WI,1
L-04264,meta,Low Value,"$250,000 to $499,999",prospecting,Eastern,52,,0
L-04265,meta,Low Value,"Less than $250,000",prospecting,Eastern,21,NY,0
L-04266,google,High Value,"$5,000,000 to $9,999,999",paid search,Pacific,75,WA,0
L-04267,google,Unknown,"$250,000 to $499,999",ppc,Eastern,65,FL,0
L-04268,meta,Low Value,"Less than $250,000",prospecting,Eastern,38,VA,0
L-04269,google,Low Value,"$500,000 to $999,999",cpc,Eastern,71,GA,0
L-04270,google,Low Value,"Less than $250,000",organic search,,25,,0
L-04271,meta,Ideal,"Less than $250,000",pmax,Eastern,17,NY,0
L-04272,meta,Low Value,Self-Serve Signup,prospecting,Pacific,26,CA,0
L-04273,bing,Ideal,"$250,000 to $499,999",brand,Eastern,73,GA,0
L-04274,bing,High Value,"$1,000,000 to $4,999,999",retargeting_lead_generation,Eastern,83,OH,0
L-04275,bing,Low Value,"$5,000,000 to $9,999,999",nonbrand,Pacific,46,WA,0
L-04276,bing,Ideal,"Less than $250,000",nonbrand,Central,55,TX,0
L-04277,google,Low Value,"$500,000 to $999,999",brand,Central,13,IL,0
L-04278,meta,Low Value,"Less than $250,000",prospecting,Pacific,14,OR,0
L-04279,google,Ideal,"$500,000 to $999,999",paid search,Pacific,40,CA,0
L-04280,bing,High Value,"$250,000 to $499,999",organic search,Pacific,88,CA,0
L-04281,tiktok,Low Value,"Less than $250,000",organic social,Pacific,11,OR,0
L-04282,bing,Ideal,"$1,000,000 to $4,999,999",paid search,Arizona,39,AZ,1
L-04283,bing,Low Value,"Less than $250,000",cpc,Eastern,45,OH,0
L-04284,tiktok,Low Value,"Less than $250,000",prospecting,Eastern,88,NJ,0
L-04285,google,Ideal,"$1,000,000 to $4,999,999",paid search,Eastern,37,GA,0
L-04286,meta,Low Value,"$10,000,000 to $24,999,999",organic social,Eastern,54,GA,0
L-04287,tiktok,Low Value,"Less than $250,000",retargeting,Eastern,100,NY,1
L-04288,google,High Value,"$250,000 to $499,999",brand,Eastern,99,FL,1
L-04289,meta,High Value,"$500,000 to $999,999",prospecting,Alaska,46,AK,0
L-04290,google,Low Value,"Less than $250,000",retargeting,Eastern,0,PA,0
L-04291,google,Ideal,"$10,000,000 to $24,999,999",paid search,Eastern,,NY,1
L-04292,tiktok,High Value,"Less than $250,000",,,79,,0
L-04293,tiktok,Low Value,"Less than $250,000",retargeting,Arizona,0,,0
L-04294,bing,Low Value,"Less than $250,000",brand,,72,,0
L-04295,tiktok,Unknown,"$5,000,000 to $9,999,999",organic social,Central,44,TX,0
L-04296,meta,Low Value,"Less than $250,000",ppc,Eastern,45,VA,0
L-04297,meta,Unknown,"$500,000 to $999,999",prospecting,Central,,TX,0
L-04298,tiktok,Unknown,"Less than $250,000",prospecting,Pacific,49,CA,0
L-04299,google,Low Value,"$5,000,000 to $9,999,999",nonbrand,Arizona,68,AZ,1
L-04300,google,Low Value,"Less than $250,000",retargeting,Pacific,22,NV,0
L-04301,google,Ideal,"$1,000,000 to $4,999,999",brand,Pacific,81,WA,1
L-04302,tiktok,Ideal,"$250,000 to $499,999",organic social,Central,56,TX,0
L-04303,bing,Low Value,"Less than $250,000",brand,Arizona,53,AZ,0
L-04304,google,Ideal,"$5,000,000 to $9,999,999",paid search,Central,,TX,1
L-04305,bing,Low Value,"$250,000 to $499,999",nonbrand,Central,30,TX,0
L-04306,meta,Low Value,"$250,000 to $499,999",brand,Central,0,IL,0
L-04307,meta,Low Value,"$500,000 to $999,999",prospecting,Eastern,38,PA,0
L-04308,meta,High Value,"Less than $250,000",prospecting,Eastern,100,NY,0
L-04309,bing,High Value,"Less than $250,000",ppc,Arizona,72,AZ,0
L-04310,google,High Value,"Less than $250,000",ppc,Central,7,TX,0
L-04311,meta,Low Value,"Less than $250,000",prospecting,Central,0,IL,0
L-04312,meta,Low Value,"Less than $250,000",prospecting,Pacific,60,CA,0
L-04313,bing,Low Value,"$5,000,000 to $9,999,999",paid search,Eastern,57,FL,1
L-04314,meta,Unknown,"$1,000,000 to $4,999,999",retargeting,Eastern,73,PA,0
L-04315,meta,Low Value,"$250,000 to $499,999",,Eastern,97,FL,0
L-04316,google,Low Value,"$500,000 to $999,999",brand,Pacific,38,CA,0
L-04317,meta,Low Value,"$250,000 to $499,999",cpc,Central,41,IL,0
L-04318,meta,Ideal,Self-Serve Signup,nonbrand,Hawaii,3,HI,0
L-04319,bing,Low Value,"$250,000 to $499,999",organic search,Pacific,32,WA,1
L-04320,meta,Unknown,"Less than $250,000",prospecting,Eastern,58,FL,0
L-04321,bing,Unknown,"$250,000 to $499,999",nonbrand,Eastern,53,GA,1
L-04322,tiktok,Low Value,"Less than $250,000",retargeting,Pacific,15,CA,0
L-04323,google,Low Value,"Less than $250,000",organic search,Eastern,100,NY,1
L-04324,google,Low Value,"$250,000 to $499,999",nonbrand,Eastern,0,MA,1
L-04325,bing,High Value,"$250,000 to $499,999",nonbrand,Pacific,88,CA,0
L-04326,meta,Ideal,"$250,000 to $499,999",organic social,Eastern,23,NY,0
L-04327,google,Low Value,"Less than $250,000",brand,Mountain,0,CO,0
L-04328,google,High Value,"Less than $250,000",cpc,Eastern,72,NC,0
L-04329,meta,Low Value,"$250,000 to $499,999",organic social,Eastern,72,GA,0
L-04330,bing,Ideal,"$500,000 to $999,999",,Eastern,10,NY,1
L-04331,meta,Low Value,Self-Serve Signup,retargeting,Central,0,TX,0
L-04332,meta,Ideal,"Less than $250,000",organic social,Arizona,84,AZ,1
L-04333,tiktok,Low Value,Self-Serve Signup,nonbrand,Central,19,TN,0
L-04334,meta,Low Value,"Less than $250,000",cpc,Eastern,16,FL,0
L-04335,google,Ideal,"$500,000 to $999,999",brand,Pacific,34,CA,0
L-04336,tiktok,High Value,,brand,Pacific,100,CA,1
L-04337,google,High Value,"$10,000,000 to $24,999,999",paid search,Central,100,IL,1
L-04338,google,Ideal,"$1,000,000 to $4,999,999",organic search,Central,63,TX,1
L-04339,google,Low Value,"Less than $250,000",organic search,Eastern,22,GA,0
L-04340,google,Unknown,"Less than $250,000",nonbrand,Eastern,66,VA,1
L-04341,meta,Low Value,"Less than $250,000",organic social,Eastern,56,NC,1
L-04342,bing,Low Value,"Less than $250,000",nonbrand,Eastern,49,OH,0
L-04343,bing,High Value,"$500,000 to $999,999",brand,Mountain,78,CO,0
L-04344,meta,Low Value,"$250,000 to $499,999",organic social,Eastern,71,NY,0
L-04345,google,High Value,"$250,000 to $499,999",brand,Eastern,33,FL,0
L-04346,meta,Low Value,"Less than $250,000",prospecting,Eastern,45,NC,0
L-04347,google,Ideal,"$250,000 to $499,999",nonbrand,Pacific,82,CA,0
L-04348,meta,Low Value,"$500,000 to $999,999",retargeting,Eastern,7,GA,0
L-04349,tiktok,High Value,"$500,000 to $999,999",prospecting,Pacific,55,WA,0
L-04350,google,Ideal,"$250,000 to $499,999",cpc,Notify Admin,87,NY,1
L-04351,bing,Ideal,"$1,000,000 to $4,999,999",cpc,Eastern,52,MI,0
L-04352,google,Unknown,"Less than $250,000",nonbrand,Pacific,75,CA,0
L-04353,google,Low Value,"$250,000 to $499,999",pmax,Pacific,74,CA,0
L-04354,google,Ideal,"$500,000 to $999,999",cpc,Eastern,26,FL,0
L-04355,bing,High Value,"$500,000 to $999,999",paid search,Eastern,41,NJ,1
L-04356,tiktok,Low Value,"Less than $250,000",organic social,Central,62,TX,0
L-04357,bing,Low Value,"Less than $250,000",brand,Eastern,19,NY,0
L-04358,meta,Low Value,"$250,000 to $499,999",organic social,Central,41,TX,1
L-04359,bing,Low Value,"Less than $250,000",nonbrand,Pacific,55,,0
L-04360,meta,Low Value,"$500,000 to $999,999",organic social,Central,38,TX,0
L-04361,tiktok,Low Value,"Less than $250,000",organic social,Pacific,31,CA,0
L-04362,meta,Unknown,"$250,000 to $499,999",retargeting,Pacific,53,,0
L-04363,google,High Value,"$1,000,000 to $4,999,999",cpc,Eastern,63,FL,1
L-04364,google,Low Value,"$1,000,000 to $4,999,999",nonbrand,Pacific,28,CA,0
L-04365,bing,Low Value,"$10,000,000 to $24,999,999",brand,Eastern,70,NC,0
L-04366,meta,Low Value,"$1,000,000 to $4,999,999",retargeting,Central,12,MN,1
L-04367,google,High Value,"$5,000,000 to $9,999,999",cpc,Central,88,WI,0
L-04368,meta,Low Value,"Less than $250,000",organic search,Eastern,13,NC,0
L-04369,google,Unknown,"Less than $250,000",paid search,Eastern,43,OH,0
L-04370,bing,High Value,,nonbrand,Central,89,LA,0
L-04371,meta,Low Value,"Less than $250,000",organic social,Central,16,IL,0
L-04372,meta,Low Value,"$5,000,000 to $9,999,999",nonbrand,Central,,TN,0
L-04373,google,High Value,"$5,000,000 to $9,999,999",brand,Pacific,84,CA,1
L-04374,bing,Low Value,"$250,000 to $499,999",retargeting,Central,46,LA,0
L-04375,meta,Low Value,"Less than $250,000",prospecting,Mountain,69,MT,0
L-04376,meta,Low Value,"Less than $250,000",prospecting,Central,31,IL,0
L-04377,bing,Ideal,"$5,000,000 to $9,999,999",ppc,Eastern,52,MA,0
L-04378,meta,Low Value,,,Eastern,1,NY,0
L-04379,meta,Low Value,"$1,000,000 to $4,999,999",brand,Pacific,29,CA,0
L-04380,google,Ideal,Self-Serve Signup,ppc,Eastern,57,NY,0
L-04381,meta,Ideal,"Less than $250,000",organic social,Central,21,TX,0
L-04382,google,Low Value,"Less than $250,000",pmax,Eastern,41,VA,1
L-04383,meta,Low Value,"$1,000,000 to $4,999,999",prospecting,Eastern,79,NJ,0
L-04384,tiktok,Low Value,"$1,000,000 to $4,999,999",brand,Central,46,WI,1
L-04385,google,Ideal,"Less than $250,000",pmax,Pacific,75,WA,0
L-04386,google,High Value,"Less than $250,000",brand,Arizona,56,AZ,1
L-04387,google,Low Value,"$1,000,000 to $4,999,999",cpc,Central,95,MN,0
L-04388,tiktok,Low Value,"$250,000 to $499,999",organic social,Eastern,53,PA,1
L-04389,google,Ideal,"Less than $250,000",paid search,Pacific,20,OR,0
L-04390,google,Low Value,"$1,000,000 to $4,999,999",nonbrand,Central,14,IL,0
L-04391,tiktok,Ideal,"$250,000 to $499,999",organic social,Pacific,88,WA,1
L-04392,bing,Low Value,,cpc,,68,,0
L-04393,google,High Value,"$500,000 to $999,999",nonbrand,Eastern,70,NY,0
L-04394,tiktok,Low Value,"$500,000 to $999,999",brand,Pacific,57,CA,0
L-04395,google,Low Value,"$1,000,000 to $4,999,999",pmax,Eastern,39,MA,0
L-04396,google,High Value,"Less than $250,000",pmax,,87,,0
L-04397,google,Ideal,"$500,000 to $999,999",pmax,Pacific,100,CA,1
L-04398,google,Low Value,"Less than $250,000",paid search,Eastern,37,OH,0
L-04399,google,Ideal,"$250,000 to $499,999",paid search,Pacific,53,WA,0
L-04400,tiktok,Low Value,"Less than $250,000",retargeting,Eastern,29,OH,0
L-04401,meta,Ideal,"Less than $250,000",prospecting,Central,75,MO,0
L-04402,meta,Low Value,"Less than $250,000",organic social,Pacific,24,WA,0
L-04403,meta,Low Value,Self-Serve Signup,prospecting,Pacific,35,CA,0
L-04404,google,High Value,"$500,000 to $999,999",organic search,Pacific,71,CA,0
L-04405,meta,Low Value,"Less than $250,000",organic social,Pacific,34,WA,0
L-04406,google,Ideal,"$250,000 to $499,999",brand,Eastern,58,FL,0
L-04407,meta,Low Value,"$250,000 to $499,999",prospecting,Eastern,11,MA,0
L-04408,google,High Value,"$5,000,000 to $9,999,999",nonbrand,Pacific,62,CA,0
L-04409,meta,Ideal,"$250,000 to $499,999",nonbrand,Eastern,50,NY,1
L-04410,bing,Low Value,"Less than $250,000",paid search,Central,21,IL,0
L-04411,tiktok,Low Value,"$500,000 to $999,999",ppc,Central,14,IL,0
L-04412,google,High Value,"Less than $250,000",pmax,Central,82,MN,1
L-04413,meta,Low Value,"$10,000,000 to $24,999,999",retargeting,Eastern,50,NJ,0
L-04414,bing,Unknown,"$500,000 to $999,999",cpc,Eastern,35,NY,0
L-04415,bing,Low Value,"$500,000 to $999,999",paid search,Central,54,TN,0
L-04416,tiktok,Low Value,"Less than $250,000",retargeting,Central,10,TX,0
L-04417,google,Ideal,"$500,000 to $999,999",nonbrand,Eastern,36,VA,0
L-04418,meta,High Value,"Less than $250,000",organic social,Pacific,85,CA,0
L-04419,bing,Ideal,"$250,000 to $499,999",organic search,Central,39,MN,0
L-04420,google,Ideal,"Less than $250,000",paid search,Pacific,43,OR,0
L-04421,meta,Low Value,"Less than $250,000",organic social,Central,75,IL,0
L-04422,google,Low Value,"$5,000,000 to $9,999,999",ppc,Eastern,68,NC,1
L-04423,google,Low Value,"$250,000 to $499,999",paid search,Eastern,80,OH,1
L-04424,tiktok,Ideal,"$500,000 to $999,999",organic social,Pacific,64,CA,1
L-04425,meta,Low Value,"Less than $250,000",prospecting,Pacific,0,WA,0
L-04426,meta,High Value,"$1,000,000 to $4,999,999",retargeting,Central,100,TX,1
L-04427,google,High Value,"Less than $250,000",nonbrand,Eastern,94,NC,0
L-04428,meta,Ideal,"Less than $250,000",organic social,Eastern,16,FL,0
L-04429,meta,Low Value,"$1,000,000 to $4,999,999",prospecting,Mountain,36,CO,0
L-04430,tiktok,Low Value,"Less than $250,000",prospecting,Eastern,47,FL,0
L-04431,google,Low Value,"Less than $250,000",paid search,Alaska,52,AK,0
L-04432,google,Ideal,"Less than $250,000",retargeting_lead_generation,Central,47,MN,0
L-04433,meta,Low Value,"Less than $250,000",retargeting,Eastern,26,VA,0
L-04434,meta,Low Value,"$250,000 to $499,999",brand,Eastern,24,NY,0
L-04435,meta,Unknown,"Less than $250,000",organic social,Eastern,51,FL,0
L-04436,bing,Ideal,"$250,000 to $499,999",brand,Eastern,,MA,0
L-04437,tiktok,Low Value,"Less than $250,000",prospecting,Central,10,MN,1
L-04438,meta,Ideal,"$500,000 to $999,999",retargeting,Eastern,57,OH,1
L-04439,google,Low Value,"Less than $250,000",pmax,Central,73,TN,0
L-04440,google,Ideal,"$250,000 to $499,999",organic search,Central,68,TX,0
L-04441,meta,Low Value,"Less than $250,000",,Pacific,65,OR,0
L-04442,meta,Ideal,"$250,000 to $499,999",organic social,Central,54,IL,0
L-04443,meta,Low Value,"Less than $250,000",retargeting,Eastern,28,NC,0
L-04444,meta,High Value,"$5,000,000 to $9,999,999",nonbrand,Eastern,90,PA,1
L-04445,bing,High Value,"$1,000,000 to $4,999,999",paid search,Central,73,TX,1
L-04446,bing,Unknown,"Less than $250,000",nonbrand,Eastern,37,MA,0
L-04447,google,Ideal,"$250,000 to $499,999",paid search,Eastern,52,VA,0
L-04448,google,Unknown,"Less than $250,000",cpc,Arizona,,AZ,1
L-04449,tiktok,Low Value,"Less than $250,000",prospecting,Pacific,19,OR,1
L-04450,meta,Ideal,"$250,000 to $499,999",ppc,Central,48,MO,1
L-04451,google,Ideal,"$250,000 to $499,999",nonbrand,--,73,CA,0
L-04452,meta,Low Value,"Less than $250,000",retargeting,Eastern,38,VA,1
L-04453,google,High Value,"Less than $250,000",paid search,Pacific,58,WA,1
L-04454,meta,High Value,"Less than $250,000",organic social,Eastern,58,NY,1
L-04455,bing,Low Value,"$250,000 to $499,999",paid search,Eastern,48,NJ,0
L-04456,meta,Low Value,"Less than $250,000",organic social,Central,76,WI,0
L-04457,google,Low Value,"$1,000,000 to $4,999,999",brand,Eastern,61,MA,1
L-04458,tiktok,High Value,"Less than $250,000",prospecting,Central,44,WI,0
L-04459,tiktok,Low Value,"Less than $250,000",prospecting,Central,14,TN,0
L-04460,google,Low Value,"Less than $250,000",brand,Eastern,84,MA,1
L-04461,google,Ideal,"Less than $250,000",paid search,Central,68,IL,0
L-04462,tiktok,Low Value,"Less than $250,000",prospecting,Central,17,TX,0
L-04463,google,High Value,"$250,000 to $499,999",paid search,Pacific,95,OR,1
L-04464,google,Ideal,"$500,000 to $999,999",paid search,Central,66,TX,1
L-04465,meta,Low Value,"Less than $250,000",brand,Pacific,13,CA,0
L-04466,google,Ideal,"$5,000,000 to $9,999,999",paid search,Pacific,5,OR,1
L-04467,google,Ideal,"$500,000 to $999,999",brand,Mountain,46,MT,0
L-04468,google,Low Value,"Less than $250,000",brand,Eastern,57,NC,0
L-04469,bing,Ideal,"Less than $250,000",brand,Eastern,54,NY,0
L-04470,google,High Value,"$10,000,000 to $24,999,999",cpc,Eastern,96,VA,0
L-04471,meta,Ideal,"Less than $250,000",prospecting,Pacific,42,CA,0
L-04472,meta,Low Value,"$250,000 to $499,999",prospecting,Eastern,32,NY,1
L-04473,meta,Ideal,"$500,000 to $999,999",organic social,Arizona,51,AZ,1
L-04474,tiktok,Low Value,"Less than $250,000",prospecting,Pacific,17,CA,0
L-04475,tiktok,High Value,,prospecting,Pacific,12,WA,0
L-04476,meta,Low Value,"Less than $250,000",prospecting,Eastern,0,NY,0
L-04477,bing,Low Value,"Less than $250,000",organic search,Pacific,46,,1
L-04478,google,Low Value,"$10,000,000 to $24,999,999",organic search,Central,66,LA,1
L-04479,tiktok,Low Value,"Less than $250,000",nonbrand,Eastern,72,,0
L-04480,meta,Low Value,"$250,000 to $499,999",prospecting,Eastern,78,NJ,1
L-04481,google,Low Value,,paid search,Central,,TX,0
L-04482,google,Ideal,"$250,000 to $499,999",paid search,Pacific,44,WA,0
L-04483,tiktok,Low Value,"Less than $250,000",brand,Hawaii,12,HI,0
L-04484,bing,Low Value,"$250,000 to $499,999",brand,Pacific,41,CA,0
L-04485,tiktok,Low Value,Self-Serve Signup,prospecting,Central,69,,0
L-04486,meta,Low Value,"Less than $250,000",organic social,Pacific,23,CA,0
L-04487,tiktok,Low Value,"Less than $250,000",brand,Eastern,7,NY,0
L-04488,meta,Low Value,"Less than $250,000",prospecting,Eastern,33,FL,0
L-04489,google,Low Value,"Less than $250,000",paid search,Arizona,71,AZ,0
L-04490,meta,Low Value,"$5,000,000 to $9,999,999",prospecting,Pacific,63,CA,1
L-04491,google,Low Value,"Less than $250,000",pmax,,81,,0
L-04492,bing,Low Value,"$1,000,000 to $4,999,999",organic search,Pacific,74,CA,0
L-04493,google,Ideal,"$500,000 to $999,999",brand,Pacific,76,CA,0
L-04494,meta,Low Value,Self-Serve Signup,organic social,Eastern,18,MA,0
L-04495,google,Ideal,"$250,000 to $499,999",nonbrand,Pacific,100,CA,1
L-04496,bing,Ideal,"$250,000 to $499,999",ppc,Central,34,IL,0
L-04497,bing,Low Value,"$500,000 to $999,999",paid search,Central,36,TX,1
L-04498,google,High Value,"$5,000,000 to $9,999,999",nonbrand,Central,100,TX,1
L-04499,google,High Value,"Less than $250,000",paid search,Arizona,63,AZ,0
L-04500,meta,Low Value,"Less than $250,000",retargeting,Central,51,WI,0
L-04501,google,Ideal,"$10,000,000 to $24,999,999",ppc,Central,,IL,0
L-04502,google,Low Value,"$500,000 to $999,999",paid search,Pacific,44,CA,0
L-04503,bing,High Value,"$10,000,000 to $24,999,999",nonbrand,Mountain,100,UT,1
L-04504,google,High Value,"$1,000,000 to $4,999,999",prospecting,Eastern,76,OH,0
L-04505,meta,Low Value,"$500,000 to $999,999",cpc,Mountain,50,MT,1
L-04506,google,Low Value,"$500,000 to $999,999",retargeting,Pacific,52,CA,1
L-04507,meta,Unknown,"Less than $250,000",cpc,Pacific,51,CA,0
L-04508,meta,Low Value,"Less than $250,000",nonbrand,Eastern,34,PA,0
L-04509,meta,Low Value,"$250,000 to $499,999",organic social,Eastern,33,GA,0
L-04510,meta,Ideal,"Less than $250,000",prospecting,Central,0,MO,0
L-04511,google,Low Value,"$1,000,000 to $4,999,999",cpc,Eastern,74,OH,0
L-04512,bing,Unknown,"$5,000,000 to $9,999,999",brand,Eastern,90,GA,0
L-04513,bing,Low Value,"Less than $250,000",nonbrand,Pacific,0,OR,0
L-04514,bing,Low Value,,cpc,Eastern,64,FL,1
L-04515,meta,Low Value,"Less than $250,000",retargeting,Pacific,47,CA,0
L-04516,meta,Low Value,Self-Serve Signup,organic social,Eastern,11,MI,0
L-04517,google,Ideal,"Less than $250,000",brand,Eastern,55,NY,1
L-04518,google,High Value,"$10,000,000 to $24,999,999",ppc,Eastern,79,PA,1
L-04519,google,Low Value,"Less than $250,000",brand,Eastern,46,MI,0
L-04520,meta,Low Value,"$250,000 to $499,999",prospecting,Pacific,46,CA,0
L-04521,meta,Ideal,,prospecting,Eastern,41,MA,0
L-04522,bing,Ideal,"$250,000 to $499,999",organic search,Eastern,70,NY,1
L-04523,google,High Value,"$1,000,000 to $4,999,999",paid search,Eastern,72,VA,0
L-04524,meta,Ideal,,prospecting,Eastern,27,FL,0
L-04525,google,Low Value,"$500,000 to $999,999",brand,Eastern,16,NJ,0
L-04526,tiktok,Low Value,"$1,000,000 to $4,999,999",organic social,Alaska,55,AK,1
L-04527,tiktok,Ideal,"$5,000,000 to $9,999,999",retargeting,Eastern,86,VA,0
L-04528,meta,Low Value,"$250,000 to $499,999",retargeting,Eastern,0,NJ,0
L-04529,bing,Low Value,"$1,000,000 to $4,999,999",cpc,Pacific,60,WA,0
L-04530,google,Low Value,Self-Serve Signup,paid search,Eastern,25,PA,0
L-04531,tiktok,Low Value,"$500,000 to $999,999",organic social,Eastern,,NY,0
L-04532,meta,Ideal,"Less than $250,000",retargeting,Eastern,100,NC,0
L-04533,meta,Low Value,"Less than $250,000",retargeting,Central,86,IL,0
L-04534,meta,Unknown,"$10,000,000 to $24,999,999",prospecting,Pacific,86,NV,0
L-04535,bing,Ideal,"Less than $250,000",,Central,95,TX,1
L-04536,tiktok,Ideal,"Less than $250,000",prospecting,Eastern,0,NY,0
L-04537,meta,Low Value,"Less than $250,000",brand,Eastern,60,,0
L-04538,google,Low Value,"Less than $250,000",brand,Central,24,WI,0
L-04539,bing,Ideal,"$500,000 to $999,999",brand,Central,39,MO,1
L-04540,meta,Low Value,"Less than $250,000",organic social,Mountain,27,,0
L-04541,bing,Low Value,"$500,000 to $999,999",paid search,Eastern,28,NY,0
L-04542,meta,Low Value,"$250,000 to $499,999",organic social,Eastern,49,,0
L-04543,tiktok,Low Value,"Less than $250,000",retargeting,Eastern,60,NJ,0
L-04544,tiktok,Low Value,"$1,000,000 to $4,999,999",organic social,Eastern,48,FL,1
L-04545,meta,Low Value,,prospecting,Eastern,17,OH,0
L-04546,meta,Low Value,"$1,000,000 to $4,999,999",retargeting_lead_generation,Central,45,TX,0
L-04547,google,Ideal,"$500,000 to $999,999",paid search,Pacific,43,CA,1
L-04548,tiktok,Low Value,"$250,000 to $499,999",organic social,Eastern,43,NC,0
L-04549,meta,Low Value,"$500,000 to $999,999",prospecting,Eastern,66,MI,0
L-04550,meta,Unknown,"$500,000 to $999,999",retargeting,Central,97,TX,0
L-04551,google,High Value,,brand,Pacific,70,CA,1
L-04552,meta,Low Value,,,Eastern,0,NC,0
L-04553,meta,Ideal,,brand,,10,,0
L-04554,google,Low Value,"$500,000 to $999,999",pmax,Mountain,51,CO,0
L-04555,tiktok,High Value,,brand,Central,40,WI,0
L-04556,google,High Value,"$1,000,000 to $4,999,999",prospecting,Central,,IL,1
L-04557,bing,Unknown,"Less than $250,000",retargeting,,66,,0
L-04558,google,Unknown,"Less than $250,000",pmax,Pacific,79,CA,0
L-04559,google,High Value,"$10,000,000 to $24,999,999",nonbrand,Eastern,100,OH,0
L-04560,meta,Low Value,"$1,000,000 to $4,999,999",prospecting,Eastern,71,GA,1
L-04561,meta,Low Value,"$250,000 to $499,999",cpc,Pacific,41,WA,0
L-04562,tiktok,High Value,"$250,000 to $499,999",retargeting,Mountain,65,UT,0
L-04563,google,Low Value,"Less than $250,000",paid search,Eastern,36,NC,1
L-04564,bing,Low Value,Self-Serve Signup,nonbrand,Central,25,TX,0
L-04565,meta,Unknown,"Less than $250,000",nonbrand,Eastern,39,FL,0
L-04566,google,Low Value,"$5,000,000 to $9,999,999",,--,81,GA,1
L-04567,meta,Low Value,"Less than $250,000",retargeting,Eastern,24,MI,0
L-04568,meta,Low Value,"$250,000 to $499,999",retargeting,Eastern,17,PA,0
L-04569,tiktok,Ideal,"Less than $250,000",prospecting,Eastern,53,NJ,0
L-04570,meta,Low Value,"$1,000,000 to $4,999,999",retargeting,Mountain,29,CO,0
L-04571,meta,Low Value,"Less than $250,000",prospecting,Central,42,IL,0
L-04572,tiktok,Low Value,"Less than $250,000",prospecting,Eastern,53,NC,0
L-04573,meta,Low Value,"$250,000 to $499,999",retargeting,Central,87,TX,0
L-04574,tiktok,Low Value,"$500,000 to $999,999",nonbrand,Central,0,TN,0
L-04575,meta,Ideal,"$250,000 to $499,999",prospecting,Central,40,TX,0
L-04576,google,Ideal,"Less than $250,000",nonbrand,Eastern,72,GA,0
L-04577,tiktok,Low Value,"$1,000,000 to $4,999,999",organic social,Central,69,IL,0
L-04578,meta,Low Value,"$250,000 to $499,999",organic social,Central,70,IL,1
L-04579,meta,Low Value,"Less than $250,000",prospecting,Pacific,0,OR,0
L-04580,tiktok,Low Value,"Less than $250,000",prospecting,Central,5,IL,0
L-04581,bing,Ideal,"$250,000 to $499,999",brand,Eastern,0,NJ,0
L-04582,google,Low Value,"$250,000 to $499,999",organic search,Eastern,64,OH,0
L-04583,meta,Ideal,"Less than $250,000",retargeting,Arizona,23,AZ,0
L-04584,meta,Unknown,"Less than $250,000",nonbrand,Arizona,25,,0
L-04585,bing,Ideal,"$1,000,000 to $4,999,999",cpc,Central,72,WI,0
L-04586,google,Low Value,"$1,000,000 to $4,999,999",organic search,Arizona,41,AZ,1
L-04587,google,Unknown,"Less than $250,000",nonbrand,Central,73,TN,0
L-04588,google,Low Value,"Less than $250,000",cpc,Central,35,IL,0
L-04589,google,Unknown,"Less than $250,000",cpc,Alaska,66,AK,1
L-04590,bing,High Value,"$10,000,000 to $24,999,999",nonbrand,Central,100,TX,1
L-04591,meta,Low Value,"$500,000 to $999,999",organic social,Central,70,MO,0
L-04592,bing,High Value,"$500,000 to $999,999",paid search,Central,68,TX,0
L-04593,google,High Value,"Less than $250,000",brand,Central,60,MN,0
L-04594,bing,Ideal,"$500,000 to $999,999",nonbrand,Eastern,89,OH,1
L-04595,meta,Low Value,"Less than $250,000",brand,Central,59,TX,1
L-04596,google,Ideal,"Less than $250,000",paid search,,22,,0
L-04597,bing,Ideal,"Less than $250,000",paid search,Arizona,77,AZ,0
L-04598,google,Low Value,"Less than $250,000",prospecting,Eastern,40,NJ,0
L-04599,meta,Low Value,"$250,000 to $499,999",nonbrand,Eastern,48,NC,0
L-04600,google,Unknown,"Less than $250,000",ppc,Eastern,4,MA,0
L-04601,google,Unknown,"$250,000 to $499,999",,Pacific,86,OR,0
L-04602,meta,Low Value,"Less than $250,000",prospecting,Eastern,0,NY,0
L-04603,google,Low Value,"$5,000,000 to $9,999,999",pmax,Central,17,MO,0
L-04604,google,High Value,"$1,000,000 to $4,999,999",nonbrand,Eastern,63,FL,0
L-04605,meta,Low Value,"$10,000,000 to $24,999,999",prospecting,Central,66,TN,0
L-04606,google,Low Value,"Less than $250,000",cpc,Pacific,16,OR,0
L-04607,meta,Ideal,"Less than $250,000",prospecting,Eastern,12,FL,0
L-04608,meta,Low Value,"Less than $250,000",organic social,Central,26,TX,0
L-04609,meta,Low Value,"Less than $250,000",retargeting,Hawaii,9,HI,1
L-04610,meta,Ideal,"$250,000 to $499,999",prospecting,Hawaii,40,HI,1
L-04611,meta,Low Value,Self-Serve Signup,prospecting,Eastern,71,PA,0
L-04612,meta,Low Value,"Less than $250,000",prospecting,Pacific,,WA,0
L-04613,google,Low Value,"$250,000 to $499,999",ppc,Eastern,72,FL,1
L-04614,google,Low Value,"$250,000 to $499,999",paid search,Eastern,93,FL,0
L-04615,google,High Value,"$500,000 to $999,999",nonbrand,Eastern,73,FL,1
L-04616,google,Low Value,"Less than $250,000",brand,,87,,0
L-04617,bing,Low Value,"$1,000,000 to $4,999,999",ppc,Eastern,30,OH,0
L-04618,google,Ideal,"Less than $250,000",paid search,Eastern,39,NY,0
L-04619,meta,Low Value,"$250,000 to $499,999",organic social,Central,39,TX,1
L-04620,tiktok,Low Value,"$250,000 to $499,999",organic social,Central,23,TX,0
L-04621,google,Ideal,"$250,000 to $499,999",nonbrand,Eastern,87,VA,0
L-04622,meta,High Value,"Less than $250,000",retargeting,,48,,0
L-04623,google,Ideal,"$500,000 to $999,999",organic search,Pacific,64,OR,1
L-04624,meta,Unknown,"Less than $250,000",nonbrand,,44,,0
L-04625,google,Low Value,"$500,000 to $999,999",paid search,Central,85,IL,1
L-04626,meta,Low Value,"Less than $250,000",organic social,Eastern,24,NY,0
L-04627,google,High Value,"$250,000 to $499,999",cpc,Eastern,91,MI,1
L-04628,google,Low Value,"Less than $250,000",brand,Eastern,46,NC,0
L-04629,google,Low Value,"Less than $250,000",ppc,Central,28,IL,0
L-04630,meta,High Value,"Less than $250,000",organic social,Eastern,74,FL,0
L-04631,meta,Ideal,"$1,000,000 to $4,999,999",retargeting,Eastern,81,FL,1
L-04632,google,Ideal,"$10,000,000 to $24,999,999",retargeting,Central,39,IL,0
L-04633,meta,Low Value,"Less than $250,000",brand,Eastern,22,MI,0
L-04634,google,Unknown,"$250,000 to $499,999",nonbrand,Eastern,71,MA,1
L-04635,meta,Low Value,"Less than $250,000",ppc,Eastern,87,PA,0
L-04636,meta,Low Value,"Less than $250,000",retargeting,Eastern,0,PA,0
L-04637,tiktok,Low Value,"$250,000 to $499,999",prospecting,Pacific,65,WA,1
L-04638,bing,Low Value,"$250,000 to $499,999",nonbrand,Central,70,IL,0
L-04639,meta,Low Value,"$1,000,000 to $4,999,999",prospecting,Eastern,50,NC,0
L-04640,tiktok,Low Value,"Less than $250,000",prospecting,Central,26,TX,0
L-04641,tiktok,Low Value,Self-Serve Signup,prospecting,Central,29,IL,0
L-04642,meta,Low Value,"$500,000 to $999,999",nonbrand,Central,57,TX,0
L-04643,bing,Ideal,"Less than $250,000",brand,,20,,0
L-04644,meta,Low Value,"Less than $250,000",nonbrand,Eastern,31,NY,1
L-04645,meta,Low Value,"$250,000 to $499,999",retargeting,Pacific,19,CA,0
L-04646,google,Low Value,"Less than $250,000",paid search,Eastern,29,NY,0
L-04647,meta,Low Value,"Less than $250,000",cpc,Arizona,32,AZ,0
L-04648,meta,Low Value,Self-Serve Signup,prospecting,Pacific,33,CA,0
L-04649,google,Ideal,"$250,000 to $499,999",ppc,Mountain,86,CO,0
L-04650,google,Low Value,"$5,000,000 to $9,999,999",nonbrand,Eastern,29,OH,1
L-04651,google,High Value,"Less than $250,000",brand,Central,92,IL,1
L-04652,bing,Low Value,"Less than $250,000",brand,Eastern,,FL,0
L-04653,bing,Ideal,"Less than $250,000",brand,Pacific,42,CA,1
L-04654,google,High Value,"Less than $250,000",paid search,Central,43,MN,0
L-04655,bing,High Value,"$10,000,000 to $24,999,999",nonbrand,Mountain,80,CO,1
L-04656,google,Low Value,"$1,000,000 to $4,999,999",paid search,Eastern,38,MA,0
L-04657,google,Ideal,"$250,000 to $499,999",brand,Eastern,45,MA,0
L-04658,google,Low Value,"Less than $250,000",brand,Eastern,58,FL,0
L-04659,tiktok,Low Value,"Less than $250,000",prospecting,Pacific,0,WA,0
L-04660,meta,Low Value,"$250,000 to $499,999",prospecting,Pacific,50,CA,0
L-04661,google,Ideal,"Less than $250,000",brand,Arizona,59,AZ,0
L-04662,meta,Low Value,"$500,000 to $999,999",brand,Eastern,0,FL,0
L-04663,google,Ideal,"Less than $250,000",brand,Eastern,20,NY,0
L-04664,tiktok,Low Value,"Less than $250,000",organic social,Eastern,29,VA,0
L-04665,google,Low Value,"Less than $250,000",,Eastern,53,VA,0
L-04666,google,Low Value,"Less than $250,000",cpc,Eastern,8,VA,0
L-04667,google,Unknown,"$500,000 to $999,999",cpc,Eastern,94,MA,1
L-04668,bing,High Value,"$500,000 to $999,999",paid search,Central,24,MO,1
L-04669,tiktok,High Value,"$500,000 to $999,999",organic social,Eastern,88,GA,1
L-04670,bing,Low Value,"$500,000 to $999,999",ppc,Eastern,48,NJ,1
L-04671,tiktok,Low Value,"Less than $250,000",prospecting,Alaska,2,AK,0
L-04672,meta,Low Value,"Less than $250,000",retargeting,Eastern,19,NJ,0
L-04673,google,Ideal,"$500,000 to $999,999",nonbrand,Central,51,TX,0
L-04674,meta,Low Value,"Less than $250,000",,Central,63,MN,0
L-04675,meta,Low Value,"$1,000,000 to $4,999,999",paid search,Eastern,14,FL,0
L-04676,google,High Value,"$500,000 to $999,999",organic search,Eastern,59,OH,1
L-04677,meta,Low Value,"Less than $250,000",prospecting,Pacific,41,WA,1
L-04678,tiktok,Low Value,"Less than $250,000",retargeting,Pacific,56,OR,0
L-04679,bing,Ideal,"$250,000 to $499,999",nonbrand,Pacific,46,CA,0
L-04680,meta,High Value,"$250,000 to $499,999",nonbrand,Pacific,53,WA,0
L-04681,google,Low Value,"Less than $250,000",nonbrand,Pacific,33,CA,0
L-04682,google,Ideal,"Less than $250,000",organic search,Mountain,39,UT,0
L-04683,google,Low Value,"$1,000,000 to $4,999,999",organic search,Arizona,47,AZ,1
L-04684,tiktok,High Value,"$250,000 to $499,999",retargeting,Mountain,,CO,1
L-04685,google,Ideal,"Less than $250,000",ppc,Eastern,20,NY,0
L-04686,meta,Low Value,"Less than $250,000",prospecting,Pacific,0,CA,0
L-04687,google,Ideal,"$5,000,000 to $9,999,999",brand,Eastern,56,NY,0
L-04688,google,High Value,"$1,000,000 to $4,999,999",organic search,Eastern,24,OH,1
L-04689,google,Ideal,"$500,000 to $999,999",prospecting,Eastern,67,PA,0
L-04690,meta,Low Value,"$250,000 to $499,999",prospecting,Eastern,18,NC,0
L-04691,google,Ideal,"Less than $250,000",brand,Pacific,53,CA,1
L-04692,tiktok,Unknown,"$5,000,000 to $9,999,999",organic social,Pacific,16,CA,0
L-04693,google,High Value,"$1,000,000 to $4,999,999",pmax,Eastern,87,VA,1
L-04694,google,Low Value,"Less than $250,000",cpc,Eastern,55,NY,1
L-04695,google,Low Value,"$1,000,000 to $4,999,999",paid search,Central,100,TX,1
L-04696,meta,Low Value,"Less than $250,000",organic social,Pacific,,CA,0
L-04697,bing,Low Value,"Less than $250,000",ppc,Mountain,52,UT,0
L-04698,tiktok,High Value,"$1,000,000 to $4,999,999",organic social,Mountain,77,UT,1
L-04699,bing,High Value,"$5,000,000 to $9,999,999",organic search,Central,100,MO,1
L-04700,bing,Ideal,"Less than $250,000",cpc,Pacific,49,WA,0
L-04701,google,Ideal,"Less than $250,000",nonbrand,Central,44,IL,1
L-04702,tiktok,Low Value,"$500,000 to $999,999",organic social,Eastern,36,FL,0
L-04703,bing,Low Value,"Less than $250,000",,Mountain,0,CO,0
L-04704,meta,Ideal,,prospecting,Central,30,WI,0
L-04705,meta,Low Value,Self-Serve Signup,rd,Mountain,20,MT,0
L-04706,google,Low Value,"Less than $250,000",nonbrand,Eastern,46,OH,0
L-04707,meta,High Value,"$250,000 to $499,999",prospecting,Eastern,54,GA,0
L-04708,meta,Low Value,"Less than $250,000",,Mountain,25,MT,0
L-04709,meta,Low Value,"$500,000 to $999,999",retargeting,Arizona,35,AZ,0
L-04710,tiktok,Low Value,"Less than $250,000",organic social,Central,80,MO,0
L-04711,google,High Value,"$1,000,000 to $4,999,999",paid search,Pacific,,CA,1
L-04712,meta,Low Value,"$250,000 to $499,999",organic social,Central,66,MO,1
L-04713,google,Low Value,"$250,000 to $499,999",nonbrand,Central,2,TX,0
L-04714,meta,Low Value,"Less than $250,000",prospecting,Eastern,,NY,1
L-04715,meta,Unknown,"$1,000,000 to $4,999,999",prospecting,Eastern,54,MA,1
L-04716,google,Low Value,"$500,000 to $999,999",cpc,Alaska,80,AK,1
L-04717,google,Low Value,"$1,000,000 to $4,999,999",brand,,43,,0
L-04718,tiktok,Low Value,"Less than $250,000",,Mountain,46,CO,1
L-04719,meta,Low Value,"Less than $250,000",organic social,Eastern,36,VA,0
L-04720,meta,Ideal,"Less than $250,000",organic social,Pacific,81,WA,0
L-04721,google,Unknown,"$5,000,000 to $9,999,999",organic search,Eastern,89,MI,1
L-04722,meta,Low Value,"Less than $250,000",retargeting,Pacific,0,OR,0
L-04723,tiktok,Low Value,"Less than $250,000",brand,Eastern,36,MA,0
L-04724,tiktok,Low Value,"$250,000 to $499,999",organic social,Eastern,34,MA,0
L-04725,google,Ideal,"Less than $250,000",paid search,Central,60,IL,0
L-04726,tiktok,Low Value,"$250,000 to $499,999",nonbrand,Mountain,52,UT,0
L-04727,meta,Ideal,"Less than $250,000",retargeting,Central,53,TN,0
L-04728,google,Low Value,"$250,000 to $499,999",paid search,Arizona,29,AZ,0
L-04729,google,Ideal,"$250,000 to $499,999",brand,Central,73,IL,0
L-04730,meta,Low Value,"Less than $250,000",organic social,Eastern,81,NC,1
L-04731,google,Low Value,"$500,000 to $999,999",retargeting,Eastern,70,PA,0
L-04732,tiktok,Low Value,"Less than $250,000",retargeting,Eastern,30,OH,0
L-04733,meta,Low Value,"$250,000 to $499,999",prospecting,Pacific,46,WA,0
L-04734,meta,Unknown,"Less than $250,000",organic social,Central,3,MN,0
L-04735,meta,Unknown,"Less than $250,000",prospecting,--,60,TX,0
L-04736,google,High Value,"$1,000,000 to $4,999,999",cpc,Eastern,76,OH,1
L-04737,google,Ideal,"$250,000 to $499,999",organic search,Central,76,IL,1
L-04738,tiktok,High Value,"$250,000 to $499,999",prospecting,Eastern,,MI,0
L-04739,google,Unknown,"$250,000 to $499,999",paid search,Mountain,56,,1
L-04740,google,Low Value,"$5,000,000 to $9,999,999",pmax,Central,100,IL,1
L-04741,meta,Ideal,"$500,000 to $999,999",prospecting,Mountain,51,CO,0
L-04742,google,Ideal,"$1,000,000 to $4,999,999",prospecting,Eastern,41,PA,0
L-04743,meta,Low Value,"Less than $250,000",organic social,Arizona,19,AZ,0
L-04744,google,High Value,"$250,000 to $499,999",retargeting,,80,,0
L-04745,google,Unknown,"$10,000,000 to $24,999,999",brand,Eastern,80,NY,1
L-04746,meta,Low Value,"Less than $250,000",prospecting,Central,0,MO,0
L-04747,google,High Value,"$5,000,000 to $9,999,999",paid search,Hawaii,60,HI,1
L-04748,tiktok,Ideal,"$500,000 to $999,999",prospecting,Arizona,67,AZ,0
L-04749,google,Low Value,"Less than $250,000",pmax,Eastern,75,MA,0
L-04750,meta,Low Value,"Less than $250,000",paid search,Mountain,52,CO,1
L-04751,meta,Ideal,"Less than $250,000",,Central,39,LA,0
L-04752,bing,High Value,"$10,000,000 to $24,999,999",brand,Eastern,100,MA,1
L-04753,tiktok,Low Value,"Less than $250,000",cpc,Eastern,48,MA,1
L-04754,meta,Low Value,"$250,000 to $499,999",retargeting,Pacific,42,NV,1
L-04755,meta,Low Value,"$250,000 to $499,999",prospecting,Eastern,11,NY,0
L-04756,bing,High Value,"$500,000 to $999,999",nonbrand,Pacific,62,WA,0
L-04757,google,Ideal,"$1,000,000 to $4,999,999",prospecting,Central,61,IL,1
L-04758,google,Low Value,"Less than $250,000",nonbrand,Eastern,33,FL,0
L-04759,google,Ideal,"$500,000 to $999,999",pmax,Eastern,69,NY,0
L-04760,meta,Low Value,"$1,000,000 to $4,999,999",organic social,Eastern,67,GA,0
L-04761,google,Ideal,"$250,000 to $499,999",paid search,Central,17,TN,0
L-04762,google,Ideal,"$500,000 to $999,999",cpc,Pacific,68,CA,0
L-04763,google,Unknown,"Less than $250,000",nonbrand,Pacific,37,CA,0
L-04764,google,Low Value,"Less than $250,000",brand,Pacific,7,,0
L-04765,bing,Ideal,"$1,000,000 to $4,999,999",pmax,Pacific,87,WA,0
L-04766,meta,Low Value,"$500,000 to $999,999",organic social,Central,30,TX,0
L-04767,bing,Low Value,"$500,000 to $999,999",,Pacific,100,WA,0
L-04768,google,Low Value,"Less than $250,000",paid search,Eastern,6,OH,0
L-04769,google,High Value,"$500,000 to $999,999",brand,Pacific,65,CA,0
L-04770,google,Low Value,"Less than $250,000",pmax,Pacific,69,CA,0
L-04771,google,Unknown,Self-Serve Signup,brand,Central,43,IL,0
L-04772,google,High Value,"$5,000,000 to $9,999,999",paid search,Eastern,31,OH,0
L-04773,tiktok,Ideal,"$250,000 to $499,999",organic social,Central,47,TX,0
L-04774,google,Ideal,"Less than $250,000",ppc,Eastern,0,NY,0
L-04775,bing,High Value,"$500,000 to $999,999",nonbrand,Pacific,82,CA,0
L-04776,meta,Ideal,"Less than $250,000",retargeting,Eastern,49,NY,0
L-04777,meta,Low Value,Self-Serve Signup,prospecting,Eastern,0,NJ,0
L-04778,tiktok,High Value,"Less than $250,000",retargeting,Pacific,80,CA,0
L-04779,google,Ideal,"Less than $250,000",pmax,Pacific,87,CA,1
L-04780,google,High Value,"$1,000,000 to $4,999,999",brand,Pacific,100,OR,1
L-04781,meta,High Value,"$500,000 to $999,999",prospecting,Eastern,0,FL,1
L-04782,google,Low Value,"$10,000,000 to $24,999,999",nonbrand,Eastern,,FL,0
L-04783,google,Ideal,"$500,000 to $999,999",brand,Central,44,TN,0
L-04784,bing,Low Value,"$250,000 to $499,999",nonbrand,Eastern,21,MI,0
L-04785,tiktok,Low Value,"$250,000 to $499,999",prospecting,Eastern,48,FL,0
L-04786,meta,Low Value,"$1,000,000 to $4,999,999",nonbrand,Central,53,IL,0
L-04787,meta,Low Value,"Less than $250,000",ppc,Central,30,TX,0
L-04788,meta,Low Value,"$500,000 to $999,999",organic social,Eastern,0,OH,0
L-04789,google,High Value,"$250,000 to $499,999",ppc,Central,,IL,0
L-04790,tiktok,Low Value,"Less than $250,000",organic social,Eastern,71,MI,0
L-04791,meta,Ideal,"$500,000 to $999,999",organic social,Eastern,27,MA,0
L-04792,tiktok,Low Value,"$250,000 to $499,999",retargeting,Eastern,59,NC,0
L-04793,google,Ideal,"$250,000 to $499,999",organic search,Pacific,47,CA,0
L-04794,google,Ideal,"$250,000 to $499,999",paid search,Central,27,TN,0
L-04795,google,Unknown,"$500,000 to $999,999",nonbrand,Eastern,72,MI,0
L-04796,bing,Ideal,"$5,000,000 to $9,999,999",paid search,Eastern,57,PA,0
L-04797,google,Low Value,"Less than $250,000",brand,Central,10,TX,0
L-04798,tiktok,Low Value,"Less than $250,000",prospecting,Eastern,23,NY,0
L-04799,meta,Low Value,"$250,000 to $499,999",paid search,Eastern,60,FL,0
L-04800,meta,Ideal,"$500,000 to $999,999",prospecting,Central,21,TX,0
L-04801,meta,Low Value,"Less than $250,000",prospecting,Mountain,26,MT,0
L-04802,google,Ideal,"$5,000,000 to $9,999,999",brand,Central,79,TX,1
L-04803,google,Ideal,"Less than $250,000",organic search,,53,,0
L-04804,tiktok,Low Value,"Less than $250,000",prospecting,Eastern,39,MA,0
L-04805,tiktok,Low Value,"Less than $250,000",organic social,Eastern,86,PA,0
L-04806,tiktok,Low Value,"Less than $250,000",prospecting,Mountain,90,UT,1
L-04807,google,Unknown,"$500,000 to $999,999",nonbrand,Eastern,35,VA,0
L-04808,tiktok,Low Value,"$500,000 to $999,999",retargeting,Eastern,14,PA,0
L-04809,google,Low Value,"$500,000 to $999,999",brand,Pacific,72,CA,0
L-04810,google,High Value,"$5,000,000 to $9,999,999",organic search,Eastern,58,FL,0
L-04811,tiktok,Ideal,"Less than $250,000",cpc,Central,33,TN,0
L-04812,meta,Low Value,"$250,000 to $499,999",prospecting,Eastern,69,FL,0
L-04813,google,High Value,"Less than $250,000",brand,Pacific,76,CA,0
L-04814,meta,Low Value,Self-Serve Signup,organic social,Central,14,TN,0
L-04815,google,Ideal,"$500,000 to $999,999",brand,Pacific,85,OR,1
L-04816,meta,Ideal,"$250,000 to $499,999",prospecting,,44,,0
L-04817,google,Unknown,"$250,000 to $499,999",paid search,Pacific,47,NV,0
L-04818,google,Low Value,,cpc,Eastern,99,VA,1
L-04819,tiktok,Low Value,"$5,000,000 to $9,999,999",prospecting,Central,26,TX,0
L-04820,google,Low Value,"$1,000,000 to $4,999,999",nonbrand,Central,,WI,1
L-04821,meta,Unknown,"Less than $250,000",nonbrand,Eastern,82,GA,0
L-04822,meta,Low Value,"Less than $250,000",retargeting,Eastern,29,OH,0
L-04823,google,Low Value,"$500,000 to $999,999",brand,Eastern,94,FL,0
L-04824,google,Low Value,"Less than $250,000",paid search,Central,45,MN,0
L-04825,google,High Value,"Less than $250,000",brand,Eastern,1,VA,0
L-04826,meta,Ideal,"$250,000 to $499,999",retargeting,Eastern,54,MI,0
L-04827,bing,High Value,"$1,000,000 to $4,999,999",ppc,Eastern,100,NY,1
L-04828,tiktok,Low Value,"Less than $250,000",organic social,Eastern,15,NJ,0
L-04829,meta,Low Value,"$500,000 to $999,999",prospecting,Alaska,14,AK,0
L-04830,google,Low Value,"Less than $250,000",paid search,Mountain,12,CO,0
L-04831,google,Low Value,"Less than $250,000",prospecting,Central,51,MO,0
L-04832,bing,High Value,"$500,000 to $999,999",brand,Eastern,,NC,1
L-04833,google,Low Value,"$500,000 to $999,999",paid search,Pacific,41,CA,0
L-04834,google,Ideal,"$1,000,000 to $4,999,999",nonbrand,Central,67,TX,0
L-04835,tiktok,Low Value,Self-Serve Signup,prospecting,Eastern,,,0
L-04836,tiktok,Low Value,"Less than $250,000",organic social,Eastern,51,GA,0
L-04837,bing,High Value,"$500,000 to $999,999",cpc,Eastern,61,MA,0
L-04838,meta,Unknown,"$250,000 to $499,999",organic social,Eastern,31,NC,0
L-04839,meta,Low Value,"Less than $250,000",,Eastern,0,OH,0
L-04840,meta,Low Value,"$1,000,000 to $4,999,999",organic social,Central,100,WI,0
L-04841,google,Ideal,"$5,000,000 to $9,999,999",brand,Eastern,72,FL,1
L-04842,tiktok,Low Value,"$5,000,000 to $9,999,999",prospecting,--,89,,0
L-04843,bing,Ideal,"Less than $250,000",paid search,Eastern,16,NY,0
L-04844,google,Low Value,"$500,000 to $999,999",brand,Eastern,34,FL,0
L-04845,meta,Low Value,"Less than $250,000",prospecting,Eastern,57,MI,1
L-04846,tiktok,Low Value,Self-Serve Signup,prospecting,Central,0,TN,0
L-04847,meta,Ideal,"Less than $250,000",prospecting,Mountain,,UT,0
L-04848,tiktok,Low Value,"Less than $250,000",prospecting,Pacific,32,OR,0
L-04849,google,Ideal,,brand,Eastern,49,NY,0
L-04850,tiktok,Low Value,"$1,000,000 to $4,999,999",organic social,Eastern,,PA,0
L-04851,google,Ideal,"$1,000,000 to $4,999,999",pmax,Mountain,30,CO,0
L-04852,google,Ideal,"Less than $250,000",brand,Eastern,10,PA,0
L-04853,google,High Value,"$250,000 to $499,999",organic search,Eastern,65,FL,0
L-04854,meta,High Value,,organic social,Pacific,74,OR,0
L-04855,google,Unknown,"Less than $250,000",nonbrand,Eastern,47,MI,0
L-04856,meta,Low Value,"$250,000 to $499,999",prospecting,Pacific,57,CA,0
L-04857,google,Ideal,"Less than $250,000",nonbrand,Eastern,28,PA,0
L-04858,meta,Low Value,"Less than $250,000",nonbrand,Eastern,,MA,0
L-04859,bing,Ideal,"$500,000 to $999,999",prospecting,Eastern,60,NJ,0
L-04860,google,High Value,"$250,000 to $499,999",nonbrand,Eastern,55,NY,0
L-04861,meta,Low Value,"$1,000,000 to $4,999,999",organic social,Pacific,42,,0
L-04862,meta,Ideal,"$500,000 to $999,999",prospecting,Eastern,22,MA,0
L-04863,google,Low Value,"$500,000 to $999,999",brand,Pacific,99,CA,0
L-04864,meta,Low Value,"Less than $250,000",organic social,Eastern,26,NY,0
L-04865,tiktok,Low Value,Self-Serve Signup,prospecting,Eastern,0,FL,0
L-04866,google,Ideal,"$250,000 to $499,999",brand,Eastern,86,PA,1
L-04867,google,Low Value,"$250,000 to $499,999",pmax,Central,28,TN,0
L-04868,meta,Low Value,"Less than $250,000",organic social,Eastern,25,PA,0
L-04869,meta,Low Value,"$500,000 to $999,999",prospecting,Pacific,32,OR,1
L-04870,tiktok,High Value,"$1,000,000 to $4,999,999",retargeting,Eastern,79,GA,0
L-04871,bing,High Value,"Less than $250,000",paid search,Eastern,93,FL,1
L-04872,meta,Low Value,"Less than $250,000",organic social,Pacific,54,CA,1
L-04873,google,High Value,"$500,000 to $999,999",retargeting,Pacific,100,CA,0
L-04874,google,Ideal,"$250,000 to $499,999",prospecting,Central,76,TX,1
L-04875,tiktok,Low Value,"Less than $250,000",organic social,Central,50,MN,0
L-04876,google,Low Value,,pmax,Eastern,20,NY,0
L-04877,google,Unknown,"Less than $250,000",paid search,Central,56,TX,0
L-04878,google,Ideal,"Less than $250,000",nonbrand,,28,,0
L-04879,meta,Low Value,"Less than $250,000",retargeting,Eastern,5,GA,0
L-04880,meta,Low Value,"$250,000 to $499,999",cpc,Eastern,37,PA,0
L-04881,google,Low Value,"$1,000,000 to $4,999,999",pmax,Eastern,34,MA,0
L-04882,google,Ideal,"Less than $250,000",cpc,Eastern,31,PA,1
L-04883,meta,Unknown,"Less than $250,000",prospecting,Eastern,18,FL,0
L-04884,google,Low Value,Self-Serve Signup,paid search,Central,0,TN,0
L-04885,meta,Ideal,"$250,000 to $499,999",organic social,Pacific,74,NV,0
L-04886,meta,Low Value,"Less than $250,000",,Pacific,24,OR,0
L-04887,meta,Unknown,"Less than $250,000",prospecting,Central,91,TX,0
L-04888,google,Ideal,"$500,000 to $999,999",paid search,,38,,0
L-04889,meta,Low Value,"$250,000 to $499,999",retargeting,Pacific,59,NV,0
L-04890,google,Unknown,"$500,000 to $999,999",paid search,Eastern,43,GA,1
L-04891,meta,Low Value,"Less than $250,000",prospecting,Pacific,84,WA,0
L-04892,meta,Low Value,"Less than $250,000",organic social,Central,39,IL,0
L-04893,tiktok,Ideal,"$500,000 to $999,999",retargeting,Hawaii,100,HI,0
L-04894,meta,Ideal,"$1,000,000 to $4,999,999",organic search,Central,50,IL,1
L-04895,google,Low Value,"Less than $250,000",pmax,Eastern,58,NY,0
L-04896,meta,Unknown,"$5,000,000 to $9,999,999",organic social,Eastern,34,NC,0
L-04897,meta,High Value,"$1,000,000 to $4,999,999",prospecting,Eastern,48,NY,1
L-04898,meta,Low Value,"$250,000 to $499,999",organic social,Eastern,,MI,0
L-04899,meta,High Value,"$5,000,000 to $9,999,999",pmax,Central,99,TN,1
L-04900,meta,Low Value,"Less than $250,000",prospecting,Pacific,30,CA,0
L-04901,google,Low Value,Self-Serve Signup,pmax,Central,39,TX,0
L-04902,meta,Ideal,"Less than $250,000",prospecting,Eastern,93,GA,0
L-04903,google,Low Value,"Less than $250,000",brand,Eastern,94,NJ,0
L-04904,tiktok,Low Value,"$250,000 to $499,999",prospecting,Alaska,95,AK,0
L-04905,google,Ideal,"$1,000,000 to $4,999,999",pmax,Pacific,60,NV,0
L-04906,meta,Low Value,"$1,000,000 to $4,999,999",prospecting,Eastern,76,OH,1
L-04907,tiktok,High Value,"Less than $250,000",prospecting,Eastern,69,GA,0
L-04908,tiktok,Ideal,"Less than $250,000",brand,Eastern,45,FL,0
L-04909,google,Ideal,"$1,000,000 to $4,999,999",paid search,Eastern,34,PA,1
L-04910,google,High Value,"Less than $250,000",brand,Pacific,76,CA,0
L-04911,google,Ideal,"Less than $250,000",organic search,Central,100,TX,1
L-04912,google,High Value,"$1,000,000 to $4,999,999",nonbrand,Eastern,11,,0
L-04913,meta,Low Value,"Less than $250,000",nonbrand,Central,63,TX,0
L-04914,tiktok,Low Value,"Less than $250,000",prospecting,Central,39,,0
L-04915,bing,Ideal,"$5,000,000 to $9,999,999",cpc,Central,75,MO,0
L-04916,bing,Ideal,"$250,000 to $499,999",brand,Central,100,IL,0
L-04917,google,High Value,"Less than $250,000",pmax,Eastern,35,NJ,0
L-04918,tiktok,Low Value,"Less than $250,000",,Central,0,TX,0
L-04919,bing,High Value,"$500,000 to $999,999",nonbrand,Eastern,46,OH,0
L-04920,meta,Low Value,"Less than $250,000",organic social,Pacific,,OR,0
L-04921,tiktok,Ideal,"Less than $250,000",,Central,38,MO,0
L-04922,meta,Low Value,"$1,000,000 to $4,999,999",prospecting,Eastern,22,FL,0
L-04923,bing,Ideal,"$1,000,000 to $4,999,999",ppc,Pacific,90,CA,0
L-04924,meta,High Value,"$250,000 to $499,999",prospecting,Eastern,5,NY,0
L-04925,meta,Low Value,Self-Serve Signup,nonbrand,Mountain,,UT,0
L-04926,tiktok,Low Value,Self-Serve Signup,prospecting,Eastern,18,NJ,0
L-04927,google,Ideal,"$500,000 to $999,999",paid search,Eastern,65,PA,0
L-04928,meta,Ideal,"$250,000 to $499,999",organic social,Central,54,TN,0
L-04929,google,Low Value,"Less than $250,000",brand,Eastern,28,,0
L-04930,bing,Low Value,Self-Serve Signup,nonbrand,Central,69,TX,0
L-04931,meta,Low Value,"$250,000 to $499,999",retargeting,Eastern,35,NY,0
L-04932,google,High Value,"$1,000,000 to $4,999,999",,Central,38,MN,1
L-04933,meta,Ideal,"Less than $250,000",retargeting,Arizona,97,AZ,0
L-04934,meta,Low Value,"$250,000 to $499,999",retargeting,Eastern,40,PA,0
L-04935,google,High Value,"$1,000,000 to $4,999,999",paid search,Eastern,79,PA,1
L-04936,google,Ideal,"$10,000,000 to $24,999,999",organic search,Eastern,45,FL,1
L-04937,tiktok,High Value,"Less than $250,000",prospecting,Central,8,TX,0
L-04938,bing,Ideal,"$250,000 to $499,999",retargeting,Central,12,,0
L-04939,google,Ideal,"$5,000,000 to $9,999,999",cpc,Mountain,92,UT,0
L-04940,bing,Low Value,"$250,000 to $499,999",,Eastern,89,FL,1
L-04941,google,High Value,"$500,000 to $999,999",brand,,,,1
L-04942,bing,High Value,"Less than $250,000",ppc,Central,45,TX,0
L-04943,google,Ideal,"$5,000,000 to $9,999,999",ppc,Eastern,98,GA,1
L-04944,google,Low Value,"Less than $250,000",pmax,Pacific,68,OR,1
L-04945,meta,Ideal,"$250,000 to $499,999",prospecting,Eastern,22,NY,1
L-04946,tiktok,Low Value,"Less than $250,000",organic social,Mountain,2,CO,0
L-04947,google,Ideal,"Less than $250,000",,Pacific,45,CA,0
L-04948,google,Ideal,"$5,000,000 to $9,999,999",paid search,Eastern,1,NY,1
L-04949,meta,Low Value,Self-Serve Signup,prospecting,Mountain,45,MT,0
L-04950,meta,Low Value,"Less than $250,000",prospecting,Eastern,24,NY,0
L-04951,google,Ideal,"$500,000 to $999,999",brand,Eastern,58,VA,0
L-04952,meta,Ideal,"$1,000,000 to $4,999,999",organic social,Mountain,84,UT,1
L-04953,google,Low Value,"$250,000 to $499,999",brand,Eastern,46,FL,0
L-04954,meta,Ideal,"$250,000 to $499,999",retargeting,Pacific,81,CA,0
L-04955,meta,Low Value,"Less than $250,000",prospecting,Eastern,0,MA,0
L-04956,tiktok,High Value,"$250,000 to $499,999",organic social,Eastern,43,,0
L-04957,meta,Low Value,"$250,000 to $499,999",other campaigns,Central,0,MO,0
L-04958,meta,High Value,"Less than $250,000",retargeting,Eastern,66,MI,1
L-04959,meta,Low Value,"Less than $250,000",retargeting,Arizona,53,AZ,1
L-04960,google,Low Value,"$250,000 to $499,999",nonbrand,Eastern,16,VA,1
L-04961,google,Unknown,"$500,000 to $999,999",brand,Central,83,MN,0
L-04962,meta,Low Value,"Less than $250,000",organic social,Pacific,39,OR,1
L-04963,google,Ideal,"Less than $250,000",cpc,Eastern,100,GA,0
L-04964,google,Unknown,"$5,000,000 to $9,999,999",pmax,Mountain,38,CO,0
L-04965,meta,Low Value,,prospecting,Pacific,32,CA,0
L-04966,google,High Value,"$250,000 to $499,999",,Central,66,LA,0
L-04967,google,Ideal,,cpc,Central,45,TX,0
L-04968,google,Ideal,"$250,000 to $499,999",ppc,Mountain,58,CO,1
L-04969,tiktok,Low Value,"Less than $250,000",organic social,Eastern,44,FL,0
L-04970,google,High Value,"$1,000,000 to $4,999,999",paid search,Hawaii,86,HI,1
L-04971,bing,Low Value,"Less than $250,000",prospecting,Eastern,70,NC,0
L-04972,bing,Ideal,"Less than $250,000",cpc,Eastern,73,FL,0
L-04973,tiktok,Low Value,"Less than $250,000",prospecting,Pacific,26,OR,0
L-04974,bing,Unknown,"$5,000,000 to $9,999,999",nonbrand,Pacific,17,CA,1
L-04975,tiktok,Low Value,"Less than $250,000",retargeting,Central,17,IL,0
L-04976,bing,Unknown,"$1,000,000 to $4,999,999",,Central,58,TN,0
L-04977,google,Ideal,"$500,000 to $999,999",nonbrand,Arizona,21,AZ,0
L-04978,meta,Ideal,"Less than $250,000",brand,Eastern,50,FL,0
L-04979,google,Unknown,"Less than $250,000",brand,Mountain,100,UT,1
L-04980,google,High Value,"$10,000,000 to $24,999,999",cpc,Central,44,TX,0
L-04981,tiktok,High Value,"Less than $250,000",brand,Eastern,48,FL,1
L-04982,tiktok,Low Value,"$1,000,000 to $4,999,999",retargeting,Central,97,IL,0
L-04983,tiktok,Low Value,"Less than $250,000",brand,Eastern,47,FL,0
L-04984,meta,Low Value,"$500,000 to $999,999",organic social,Central,18,MO,0
L-04985,meta,Low Value,"Less than $250,000",organic social,Eastern,33,FL,0
L-04986,bing,Ideal,"$500,000 to $999,999",cpc,Eastern,37,FL,1
L-04987,meta,Low Value,"Less than $250,000",organic social,Eastern,0,NC,0
L-04988,google,Low Value,"$500,000 to $999,999",brand,Eastern,100,FL,0
L-04989,google,Low Value,"$250,000 to $499,999",paid search,Eastern,64,PA,0
L-04990,tiktok,Low Value,"Less than $250,000",retargeting,Eastern,33,MI,0
L-04991,bing,High Value,"$5,000,000 to $9,999,999",ppc,Pacific,91,WA,0
L-04992,meta,Low Value,"$250,000 to $499,999",retargeting,Central,59,WI,0
L-04993,google,Ideal,"$500,000 to $999,999",,Arizona,27,AZ,0
L-04994,google,Low Value,,brand,Pacific,65,OR,0
L-04995,google,Ideal,"$10,000,000 to $24,999,999",nonbrand,Eastern,60,NY,0
L-04996,tiktok,Ideal,"Less than $250,000",organic social,Eastern,25,NJ,0
L-04997,meta,Ideal,"Less than $250,000",prospecting,Arizona,0,AZ,0
L-04998,google,High Value,"$250,000 to $499,999",pmax,Central,33,MO,0
L-04999,meta,Low Value,Self-Serve Signup,prospecting,Eastern,12,GA,0
L-05000,meta,Low Value,"Less than $250,000",prospecting,Eastern,54,OH,0
L-05001,google,Low Value,"$250,000 to $499,999",ppc,Eastern,10,FL,0
L-05002,meta,Low Value,"Less than $250,000",organic social,Central,28,TX,0
L-05003,meta,Ideal,"$250,000 to $499,999",prospecting,Arizona,57,AZ,0
L-05004,bing,Low Value,"Less than $250,000",nonbrand,,53,,0
L-05005,google,High Value,"$500,000 to $999,999",paid search,Pacific,88,CA,1
L-05006,google,Low Value,"Less than $250,000",ppc,Arizona,100,AZ,1
L-05007,google,High Value,"$10,000,000 to $24,999,999",organic search,Pacific,100,CA,1
L-05008,bing,High Value,"$500,000 to $999,999",,Pacific,90,OR,0
L-05009,google,Ideal,"$250,000 to $499,999",brand,Mountain,43,UT,0
L-05010,bing,Low Value,"Less than $250,000",cpc,Eastern,13,NC,0
L-05011,meta,Low Value,"$250,000 to $499,999",organic social,Central,33,WI,0
L-05012,meta,Low Value,"Less than $250,000",prospecting,Eastern,19,NY,0
L-05013,google,Low Value,"$1,000,000 to $4,999,999",brand,Eastern,67,VA,0
L-05014,google,Ideal,"$500,000 to $999,999",brand,Eastern,71,OH,0
L-05015,meta,Ideal,"Less than $250,000",ppc,Pacific,7,CA,0
L-05016,meta,High Value,"Less than $250,000",prospecting,Central,,IL,0
L-05017,google,Unknown,"Less than $250,000",paid search,Central,71,TX,1
L-05018,google,High Value,"$5,000,000 to $9,999,999",brand,Central,43,IL,0
L-05019,meta,Low Value,"Less than $250,000",prospecting,Eastern,48,NC,0
L-05020,meta,High Value,"Less than $250,000",prospecting,Pacific,33,WA,0
L-05021,tiktok,Ideal,"$10,000,000 to $24,999,999",retargeting,Central,53,TN,1
L-05022,google,Low Value,"$1,000,000 to $4,999,999",brand,Mountain,59,UT,0
L-05023,google,Low Value,"$250,000 to $499,999",organic search,Pacific,27,CA,0
L-05024,tiktok,Low Value,"Less than $250,000",prospecting,,46,,0
L-05025,tiktok,High Value,"$5,000,000 to $9,999,999",prospecting,Eastern,63,PA,1
L-05026,google,Ideal,"$250,000 to $499,999",paid search,Central,88,MO,0
L-05027,meta,Low Value,"$1,000,000 to $4,999,999",nonbrand,Eastern,45,MA,0
L-05028,bing,Ideal,"Less than $250,000",cpc,Pacific,34,CA,0
L-05029,bing,Ideal,"Less than $250,000",paid search,Mountain,20,CO,0
L-05030,tiktok,Low Value,"$500,000 to $999,999",organic search,Eastern,30,FL,1
L-05031,google,Low Value,,nonbrand,Hawaii,78,HI,0
L-05032,meta,Low Value,"Less than $250,000",retargeting,Central,51,TX,0
L-05033,bing,Low Value,"Less than $250,000",paid search,Central,1,IL,0
L-05034,tiktok,Ideal,"$250,000 to $499,999",organic social,Central,46,TX,0
L-05035,tiktok,Low Value,"$500,000 to $999,999",,Eastern,22,NC,0
L-05036,meta,Ideal,"$1,000,000 to $4,999,999",prospecting,Central,40,IL,0
L-05037,google,High Value,"$1,000,000 to $4,999,999",brand,Arizona,95,AZ,1
L-05038,meta,Low Value,"$250,000 to $499,999",prospecting,Eastern,37,PA,0
L-05039,meta,Low Value,"$5,000,000 to $9,999,999",prospecting,Eastern,11,MA,0
L-05040,tiktok,Low Value,"Less than $250,000",paid search,Eastern,23,OH,0
L-05041,google,High Value,"$1,000,000 to $4,999,999",ppc,Eastern,89,PA,0
L-05042,bing,High Value,,organic search,Eastern,98,GA,0
L-05043,bing,High Value,"$500,000 to $999,999",cpc,Pacific,34,WA,0
L-05044,google,Ideal,"$1,000,000 to $4,999,999",pmax,Central,32,IL,1
L-05045,bing,Ideal,"$10,000,000 to $24,999,999",nonbrand,Central,64,LA,0
L-05046,google,Low Value,"$250,000 to $499,999",nonbrand,,71,,0
L-05047,meta,High Value,"$250,000 to $499,999",organic social,Central,36,MN,0
L-05048,google,Unknown,"$5,000,000 to $9,999,999",nonbrand,Pacific,62,CA,0
L-05049,meta,Unknown,"Less than $250,000",cpc,,88,,0
L-05050,meta,Low Value,"Less than $250,000",retargeting,Arizona,18,AZ,0
L-05051,tiktok,Low Value,"Less than $250,000",retargeting,Central,59,TX,0
L-05052,google,Ideal,"Less than $250,000",ppc,Pacific,78,CA,0
L-05053,meta,Low Value,"$250,000 to $499,999",prospecting,,51,,0
L-05054,meta,Low Value,"Less than $250,000",ppc,Eastern,,NC,1
L-05055,google,High Value,"$1,000,000 to $4,999,999",nonbrand,Central,35,MO,0
L-05056,meta,Low Value,"Less than $250,000",,Eastern,14,NC,0
L-05057,google,High Value,"$250,000 to $499,999",paid search,Central,29,IL,1
L-05058,meta,Ideal,"$500,000 to $999,999",nonbrand,Pacific,59,CA,0
L-05059,bing,Low Value,"$500,000 to $999,999",organic search,,62,,0
L-05060,tiktok,Low Value,"Less than $250,000",prospecting,Central,51,TX,0
L-05061,meta,Ideal,"$250,000 to $499,999",prospecting,Arizona,59,AZ,1
L-05062,tiktok,Low Value,"Less than $250,000",paid search,Pacific,33,CA,0
L-05063,google,Low Value,"Less than $250,000",ppc,Eastern,,NY,0
L-05064,google,Low Value,"$1,000,000 to $4,999,999",nonbrand,Central,100,WI,1
L-05065,google,Ideal,"$500,000 to $999,999",brand,Pacific,22,CA,1
L-05066,tiktok,Low Value,"Less than $250,000",prospecting,Central,38,TX,0
L-05067,google,Low Value,"$250,000 to $499,999",paid search,Central,15,WI,0
L-05068,tiktok,Low Value,"Less than $250,000",nonbrand,Pacific,38,OR,0
L-05069,tiktok,Ideal,"Less than $250,000",organic social,Eastern,76,MA,0
L-05070,meta,Low Value,"$250,000 to $499,999",retargeting,Eastern,75,FL,0
L-05071,google,High Value,"$1,000,000 to $4,999,999",prospecting,Eastern,86,MI,1
L-05072,meta,Low Value,,retargeting,Central,4,TX,0
L-05073,google,High Value,"$5,000,000 to $9,999,999",nonbrand,Central,,TN,1
L-05074,meta,Low Value,Self-Serve Signup,prospecting,Eastern,28,NY,0
L-05075,meta,Unknown,"$10,000,000 to $24,999,999",retargeting,Eastern,70,MA,1
L-05076,google,Ideal,"$250,000 to $499,999",brand,Central,50,TX,1
L-05077,meta,Low Value,"Less than $250,000",retargeting,Eastern,8,NJ,0
L-05078,google,Ideal,"Less than $250,000",nonbrand,Central,33,IL,0
L-05079,meta,Ideal,"Less than $250,000",organic social,Central,22,MN,0
L-05080,meta,Ideal,"$250,000 to $499,999",brand,Eastern,50,PA,1
L-05081,meta,Low Value,"$500,000 to $999,999",prospecting,Pacific,28,WA,0
L-05082,meta,Unknown,"$500,000 to $999,999",organic social,Pacific,27,CA,0
L-05083,bing,Ideal,"$250,000 to $499,999",ppc,Eastern,50,NY,0
L-05084,meta,Low Value,"$250,000 to $499,999",cpc,Pacific,23,CA,0
L-05085,google,Low Value,"$500,000 to $999,999",nonbrand,Pacific,100,CA,1
L-05086,meta,Ideal,"$250,000 to $499,999",organic social,Central,0,MN,0
L-05087,google,High Value,"$10,000,000 to $24,999,999",brand,Central,44,TX,1
L-05088,google,Low Value,"$250,000 to $499,999",nonbrand,Central,0,TX,0
L-05089,google,Unknown,"$500,000 to $999,999",prospecting,Central,47,TN,0
L-05090,google,High Value,"$1,000,000 to $4,999,999",retargeting,Eastern,76,MA,0
L-05091,google,Low Value,"$500,000 to $999,999",,Eastern,61,VA,1
L-05092,google,High Value,"$500,000 to $999,999",ppc,Eastern,63,FL,0
L-05093,google,Unknown,"$250,000 to $499,999",nonbrand,Central,41,MO,0
L-05094,google,Unknown,"Less than $250,000",ppc,Pacific,76,OR,1
L-05095,google,Low Value,"Less than $250,000",paid search,,19,,0
L-05096,google,High Value,"$250,000 to $499,999",brand,Eastern,100,OH,0
L-05097,tiktok,Low Value,"Less than $250,000",organic social,Eastern,60,NY,0
L-05098,meta,Low Value,"$500,000 to $999,999",retargeting,Mountain,33,CO,0
L-05099,google,Low Value,"Less than $250,000",paid search,Eastern,56,MA,0
L-05100,google,High Value,"$5,000,000 to $9,999,999",cpc,Eastern,82,NJ,0
L-05101,tiktok,Low Value,,prospecting,Eastern,24,PA,0
L-05102,bing,Ideal,"$1,000,000 to $4,999,999",nonbrand,Mountain,52,CO,0
L-05103,google,Ideal,"$1,000,000 to $4,999,999",nonbrand,Eastern,19,NY,0
L-05104,bing,Low Value,"$250,000 to $499,999",cpc,Pacific,42,OR,0
L-05105,meta,Ideal,"$250,000 to $499,999",prospecting,Eastern,0,NY,0
L-05106,google,Unknown,"$250,000 to $499,999",ppc,Central,29,WI,0
L-05107,meta,Ideal,"$250,000 to $499,999",prospecting,Pacific,23,CA,0
L-05108,tiktok,Ideal,"$10,000,000 to $24,999,999",prospecting,Eastern,83,FL,0
L-05109,google,Ideal,"Less than $250,000",nonbrand,Eastern,100,PA,1
L-05110,tiktok,Ideal,"$10,000,000 to $24,999,999",ppc,Eastern,76,MA,1
L-05111,google,Low Value,"$250,000 to $499,999",prospecting,Pacific,69,CA,1
L-05112,google,Low Value,"Less than $250,000",brand,Eastern,63,PA,0
L-05113,bing,Low Value,"Less than $250,000",nonbrand,,10,,0
L-05114,meta,Low Value,"Less than $250,000",pmax,Central,,MN,0
L-05115,tiktok,Low Value,"$500,000 to $999,999",other campaigns,Eastern,82,NY,1
L-05116,meta,Low Value,"$250,000 to $499,999",organic social,Eastern,40,NY,0
L-05117,tiktok,Low Value,"Less than $250,000",retargeting,Alaska,0,AK,0
L-05118,meta,Ideal,"Less than $250,000",prospecting,Eastern,,MI,0
L-05119,google,Ideal,"Less than $250,000",pmax,Eastern,14,,0
L-05120,bing,Low Value,"Less than $250,000",prospecting,Alaska,50,AK,0
L-05121,meta,Low Value,"Less than $250,000",brand,Eastern,61,VA,0
L-05122,meta,High Value,"$250,000 to $499,999",brand,Pacific,91,CA,0
L-05123,meta,Low Value,"Less than $250,000",prospecting,Eastern,19,NY,0
L-05124,tiktok,Low Value,"Less than $250,000",prospecting,Eastern,10,PA,0
L-05125,google,Low Value,"$500,000 to $999,999",brand,Pacific,47,OR,1
L-05126,bing,Low Value,"Less than $250,000",cpc,Pacific,61,NV,0
L-05127,meta,Low Value,"Less than $250,000",retargeting,Eastern,0,GA,0
L-05128,google,High Value,"$500,000 to $999,999",brand,Eastern,59,VA,0
L-05129,google,Ideal,"Less than $250,000",brand,Arizona,55,AZ,1
L-05130,tiktok,Low Value,"Less than $250,000",prospecting,Central,52,IL,0
L-05131,bing,Ideal,"$1,000,000 to $4,999,999",paid search,Eastern,79,NY,1
L-05132,google,Ideal,"$10,000,000 to $24,999,999",brand,Central,71,LA,0
L-05133,google,High Value,"$250,000 to $499,999",paid search,Alaska,42,AK,1
L-05134,google,High Value,"$250,000 to $499,999",,,62,,0
L-05135,google,Ideal,"$1,000,000 to $4,999,999",nonbrand,Eastern,83,PA,0
L-05136,google,Ideal,"$5,000,000 to $9,999,999",nonbrand,Central,58,IL,1
L-05137,bing,Ideal,"$1,000,000 to $4,999,999",brand,Pacific,67,CA,1
L-05138,google,High Value,"$1,000,000 to $4,999,999",brand,Eastern,39,MI,1
L-05139,tiktok,Ideal,,prospecting,Pacific,76,CA,0
L-05140,google,Ideal,"Less than $250,000",brand,Eastern,57,FL,1
L-05141,tiktok,Low Value,,prospecting,Eastern,72,FL,1
L-05142,google,High Value,"$500,000 to $999,999",brand,Pacific,79,OR,1
L-05143,bing,Low Value,Self-Serve Signup,paid search,,,,0
L-05144,meta,Ideal,"Less than $250,000",retargeting,Alaska,79,AK,1
L-05145,google,High Value,"Less than $250,000",brand,Eastern,62,VA,0
L-05146,tiktok,High Value,"Less than $250,000",organic social,Alaska,72,AK,0
L-05147,meta,Ideal,"$500,000 to $999,999",prospecting,Pacific,48,WA,0
L-05148,google,Low Value,"Less than $250,000",brand,Pacific,85,CA,0
L-05149,google,Ideal,"$250,000 to $499,999",,Eastern,,FL,1
L-05150,google,Unknown,Self-Serve Signup,nonbrand,Central,69,TN,0
L-05151,google,Ideal,"Less than $250,000",nonbrand,Eastern,100,VA,0
L-05152,meta,Low Value,"Less than $250,000",organic social,Eastern,55,NC,0
L-05153,tiktok,High Value,"$1,000,000 to $4,999,999",organic social,Central,41,IL,0
L-05154,bing,Low Value,"$500,000 to $999,999",brand,Central,70,TX,0
L-05155,meta,Low Value,Self-Serve Signup,organic social,Eastern,34,FL,0
L-05156,google,High Value,"$1,000,000 to $4,999,999",brand,Eastern,100,PA,1
L-05157,meta,Ideal,"$250,000 to $499,999",prospecting,Central,68,TN,0
L-05158,meta,Low Value,"$1,000,000 to $4,999,999",prospecting,,47,,0
L-05159,google,Ideal,"$1,000,000 to $4,999,999",organic search,Central,62,TN,1
L-05160,meta,High Value,"$1,000,000 to $4,999,999",pmax,Mountain,74,CO,1
L-05161,meta,Low Value,Self-Serve Signup,organic social,Mountain,76,CO,1
L-05162,meta,Low Value,"Less than $250,000",organic social,Eastern,10,MA,0
L-05163,meta,High Value,"$250,000 to $499,999",prospecting,Eastern,60,PA,1
L-05164,google,Low Value,"Less than $250,000",brand,Eastern,,PA,1
L-05165,google,Low Value,"$250,000 to $499,999",paid search,Eastern,49,PA,0
L-05166,bing,Ideal,"$500,000 to $999,999",brand,Eastern,21,FL,0
L-05167,google,Low Value,"Less than $250,000",prospecting,Mountain,25,CO,0
L-05168,meta,Low Value,Self-Serve Signup,,Eastern,0,,0
L-05169,bing,Ideal,"$1,000,000 to $4,999,999",pmax,Eastern,12,NC,1
L-05170,google,Ideal,"Less than $250,000",nonbrand,Arizona,100,AZ,1
L-05171,tiktok,Low Value,Self-Serve Signup,prospecting,Pacific,49,OR,0
L-05172,bing,Low Value,Self-Serve Signup,nonbrand,Eastern,0,GA,0
L-05173,tiktok,Low Value,"Less than $250,000",ppc,Eastern,16,FL,0
L-05174,meta,Low Value,,retargeting,Arizona,82,AZ,0
L-05175,meta,Ideal,,retargeting,Pacific,,WA,1
L-05176,bing,High Value,"Less than $250,000",nonbrand,Eastern,59,FL,0
L-05177,meta,High Value,"$250,000 to $499,999",retargeting,Pacific,30,CA,0
L-05178,tiktok,Low Value,"Less than $250,000",prospecting,Pacific,34,NV,0
L-05179,bing,High Value,"$250,000 to $499,999",cpc,Eastern,62,NY,0
L-05180,meta,Low Value,"Less than $250,000",retargeting,Eastern,0,OH,0
L-05181,google,Low Value,"$250,000 to $499,999",pmax,Eastern,57,MA,1
L-05182,google,Ideal,"$250,000 to $499,999",brand,Pacific,48,CA,0
L-05183,meta,Ideal,"Less than $250,000",retargeting,Eastern,67,PA,0
L-05184,google,High Value,"Less than $250,000",prospecting,Mountain,59,CO,0
L-05185,tiktok,High Value,"$500,000 to $999,999",prospecting,Central,66,MN,1
L-05186,google,Ideal,"Less than $250,000",brand,Pacific,,,0
L-05187,google,High Value,"$1,000,000 to $4,999,999",brand,Central,52,IL,0
L-05188,meta,Ideal,"Less than $250,000",prospecting,Mountain,74,UT,0
L-05189,tiktok,Low Value,"$1,000,000 to $4,999,999",retargeting,Eastern,52,GA,0
L-05190,google,Ideal,,brand,Eastern,73,VA,0
L-05191,google,Ideal,"$1,000,000 to $4,999,999",nonbrand,Eastern,56,MI,0
L-05192,meta,Low Value,"Less than $250,000",prospecting,Central,73,TX,0
L-05193,tiktok,Low Value,"$5,000,000 to $9,999,999",,Pacific,11,CA,0
L-05194,meta,Low Value,"$250,000 to $499,999",retargeting,Mountain,26,CO,0
L-05195,google,High Value,"Less than $250,000",brand,Eastern,100,NJ,0
L-05196,tiktok,Low Value,"Less than $250,000",retargeting,Pacific,62,WA,0
L-05197,meta,Low Value,"Less than $250,000",organic social,,63,,0
L-05198,meta,Low Value,"Less than $250,000",prospecting,Eastern,62,NJ,0
L-05199,google,Ideal,"Less than $250,000",nonbrand,Central,44,IL,0
L-05200,meta,Low Value,"Less than $250,000",retargeting,Central,91,TN,0
L-05201,google,High Value,"Less than $250,000",pmax,Eastern,53,NY,0
L-05202,bing,Low Value,"Less than $250,000",cpc,,62,,0
L-05203,bing,Unknown,"$250,000 to $499,999",ppc,Central,65,TX,0
L-05204,bing,Unknown,,nonbrand,Central,77,TX,0
L-05205,meta,Low Value,"Less than $250,000",prospecting,Eastern,25,FL,0
L-05206,google,Unknown,"$1,000,000 to $4,999,999",nonbrand,Central,55,TX,0
L-05207,google,Unknown,"$500,000 to $999,999",organic search,Pacific,54,CA,0
L-05208,google,Ideal,"$500,000 to $999,999",brand,Central,80,IL,0
L-05209,bing,Ideal,"$500,000 to $999,999",paid search,Eastern,27,VA,0
L-05210,google,Low Value,,paid search,Hawaii,34,HI,0
L-05211,google,Ideal,"$5,000,000 to $9,999,999",brand,Pacific,,CA,1
L-05212,bing,Ideal,"$250,000 to $499,999",paid search,Pacific,73,OR,0
L-05213,google,Low Value,"$1,000,000 to $4,999,999",nonbrand,Central,63,WI,1
L-05214,tiktok,Ideal,"Less than $250,000",organic social,Eastern,31,NY,0
L-05215,tiktok,High Value,"$250,000 to $499,999",organic social,Pacific,44,NV,0
L-05216,google,High Value,"$5,000,000 to $9,999,999",paid search,Central,66,TX,1
L-05217,bing,Low Value,"Less than $250,000",organic search,Central,100,TX,0
L-05218,google,Low Value,"Less than $250,000",pmax,Arizona,75,AZ,0
L-05219,meta,Low Value,"Less than $250,000",prospecting,Eastern,33,FL,0
L-05220,google,Low Value,"Less than $250,000",retargeting_lead_generation,Central,1,IL,0
L-05221,meta,Low Value,"Less than $250,000",retargeting,Eastern,,PA,0
L-05222,google,Low Value,"$5,000,000 to $9,999,999",paid search,Central,64,TN,1
L-05223,tiktok,Low Value,"Less than $250,000",cpc,Pacific,55,CA,0
L-05224,tiktok,Low Value,"$250,000 to $499,999",prospecting,Eastern,92,GA,0
L-05225,meta,Low Value,"Less than $250,000",,Pacific,0,WA,0
L-05226,meta,Low Value,"Less than $250,000",organic social,Eastern,58,OH,0
L-05227,tiktok,Low Value,"Less than $250,000",prospecting,Eastern,22,GA,0
L-05228,meta,High Value,"$500,000 to $999,999",organic social,Arizona,48,AZ,0
L-05229,bing,Low Value,"Less than $250,000",paid search,Mountain,43,CO,0
L-05230,meta,Low Value,"$5,000,000 to $9,999,999",organic social,Central,54,LA,1
L-05231,meta,Ideal,"Less than $250,000",retargeting,Eastern,23,NC,0
L-05232,tiktok,Low Value,"$500,000 to $999,999",prospecting,Pacific,27,WA,0
L-05233,google,Ideal,"$10,000,000 to $24,999,999",nonbrand,Mountain,100,UT,0
L-05234,google,Ideal,"Less than $250,000",brand,Eastern,65,FL,0
L-05235,google,High Value,"Less than $250,000",brand,Pacific,100,CA,1
L-05236,google,High Value,"$10,000,000 to $24,999,999",paid search,Central,66,MO,1
L-05237,google,High Value,"$500,000 to $999,999",nonbrand,Eastern,88,NC,0
L-05238,bing,Low Value,"$250,000 to $499,999",nonbrand,Arizona,45,AZ,1
L-05239,meta,Low Value,"Less than $250,000",prospecting,Mountain,60,CO,0
L-05240,google,High Value,"$250,000 to $499,999",cpc,Eastern,65,NC,0
L-05241,google,Ideal,"$250,000 to $499,999",brand,Central,48,WI,0
L-05242,bing,High Value,"$1,000,000 to $4,999,999",brand,Pacific,51,OR,0
L-05243,bing,Low Value,"$250,000 to $499,999",brand,Pacific,0,NV,0
L-05244,tiktok,Low Value,"Less than $250,000",organic social,Eastern,43,GA,0
L-05245,bing,High Value,"$500,000 to $999,999",brand,Pacific,100,NV,1
L-05246,meta,High Value,"$250,000 to $499,999",organic social,Central,42,IL,0
L-05247,tiktok,Ideal,"$250,000 to $499,999",,Eastern,34,OH,0
L-05248,google,High Value,"$5,000,000 to $9,999,999",organic search,Eastern,,OH,0
L-05249,google,High Value,,paid search,Central,92,TX,0
L-05250,meta,Low Value,"Less than $250,000",organic social,Eastern,8,NY,0
L-05251,google,High Value,"$10,000,000 to $24,999,999",cpc,Central,100,TX,0
L-05252,bing,High Value,"$1,000,000 to $4,999,999",brand,Eastern,56,FL,1
L-05253,meta,Low Value,"$250,000 to $499,999",organic social,,60,,0
L-05254,google,Ideal,"$500,000 to $999,999",organic search,Pacific,37,CA,0
L-05255,google,High Value,"$1,000,000 to $4,999,999",nonbrand,Hawaii,74,HI,1
L-05256,bing,Low Value,"Less than $250,000",paid search,Eastern,56,,0
L-05257,meta,Ideal,"Less than $250,000",organic social,Central,58,TX,1
L-05258,google,Low Value,"Less than $250,000",prospecting,Pacific,13,CA,0
L-05259,bing,Ideal,"$250,000 to $499,999",nonbrand,Eastern,72,NJ,0
L-05260,meta,Low Value,"Less than $250,000",prospecting,Eastern,89,NY,1
L-05261,google,Ideal,"$500,000 to $999,999",nonbrand,Pacific,49,CA,0
L-05262,meta,Ideal,Self-Serve Signup,retargeting,Pacific,74,OR,0
L-05263,meta,Low Value,"Less than $250,000",pmax,Eastern,13,MI,0
L-05264,google,Low Value,,paid search,Central,33,TX,0
L-05265,meta,Low Value,"$1,000,000 to $4,999,999",organic social,Eastern,39,NY,0
L-05266,tiktok,Low Value,"Less than $250,000",organic social,Eastern,69,NJ,0
L-05267,google,High Value,"$10,000,000 to $24,999,999",brand,Arizona,27,AZ,0
L-05268,tiktok,Ideal,"Less than $250,000",rd,Eastern,42,PA,0
L-05269,meta,Ideal,"Less than $250,000",prospecting,Eastern,41,OH,0
L-05270,google,Ideal,"$500,000 to $999,999",brand,Eastern,70,FL,1
L-05271,google,Low Value,"$250,000 to $499,999",brand,Central,64,,0
L-05272,google,Low Value,"Less than $250,000",paid search,Eastern,42,MI,1
L-05273,meta,Low Value,"$1,000,000 to $4,999,999",brand,Central,3,TX,0
L-05274,meta,Low Value,"$500,000 to $999,999",retargeting,Central,60,TX,0
L-05275,meta,Ideal,"Less than $250,000",prospecting,Pacific,74,WA,0
L-05276,bing,Low Value,"$250,000 to $499,999",nonbrand,Eastern,36,NJ,0
L-05277,bing,Ideal,,nonbrand,Eastern,65,FL,0
L-05278,google,Low Value,"$500,000 to $999,999",pmax,Central,27,MO,0
L-05279,bing,High Value,"$5,000,000 to $9,999,999",paid search,Eastern,100,GA,1
L-05280,bing,High Value,"Less than $250,000",brand,Eastern,73,FL,1
L-05281,meta,Low Value,"Less than $250,000",organic social,Pacific,48,CA,0
L-05282,bing,Low Value,"Less than $250,000",nonbrand,Central,38,TX,1
L-05283,google,Ideal,"$5,000,000 to $9,999,999",cpc,Eastern,38,NC,0
L-05284,google,Low Value,"Less than $250,000",nonbrand,Central,53,MO,0
L-05285,meta,Low Value,"Less than $250,000",organic social,Central,49,LA,0
L-05286,google,High Value,"$5,000,000 to $9,999,999",pmax,Arizona,,AZ,0
L-05287,google,High Value,"Less than $250,000",paid search,Eastern,51,NC,0
L-05288,google,Low Value,"$500,000 to $999,999",nonbrand,Hawaii,75,HI,1
L-05289,google,Ideal,"Less than $250,000",nonbrand,Eastern,22,PA,1
L-05290,meta,Low Value,"Less than $250,000",prospecting,,21,,0
L-05291,meta,Low Value,"Less than $250,000",prospecting,Central,0,TX,0
L-05292,google,Low Value,"Less than $250,000",paid search,Central,41,IL,0
L-05293,meta,Low Value,Self-Serve Signup,organic social,Eastern,1,FL,0
L-05294,meta,Low Value,"$500,000 to $999,999",retargeting,Eastern,43,GA,0
L-05295,meta,Low Value,"Less than $250,000",cpc,Mountain,24,CO,1
L-05296,meta,Ideal,"$250,000 to $499,999",brand,Eastern,80,NY,0
L-05297,google,High Value,"$5,000,000 to $9,999,999",brand,Eastern,50,MA,0
L-05298,tiktok,Low Value,"$500,000 to $999,999",prospecting,Pacific,0,WA,0
L-05299,google,Ideal,"$250,000 to $499,999",paid search,Eastern,43,NY,0
L-05300,meta,Low Value,"Less than $250,000",ppc,Eastern,42,NY,0
L-05301,google,Ideal,"$250,000 to $499,999",prospecting_lead_generation,Central,70,IL,0
L-05302,bing,Low Value,"$5,000,000 to $9,999,999",nonbrand,Mountain,46,CO,0
L-05303,google,Ideal,"$5,000,000 to $9,999,999",paid search,Pacific,43,CA,1
L-05304,bing,Low Value,"$500,000 to $999,999",nonbrand,Mountain,71,CO,0
L-05305,meta,Ideal,"Less than $250,000",prospecting,Pacific,54,WA,1
L-05306,tiktok,High Value,"Less than $250,000",paid search,Pacific,74,CA,0
L-05307,google,High Value,"$5,000,000 to $9,999,999",brand,Eastern,59,FL,0
L-05308,tiktok,Low Value,"$250,000 to $499,999",retargeting,Central,25,TN,1
L-05309,google,Low Value,"Less than $250,000",paid search,Central,56,TX,0
L-05310,tiktok,Unknown,"$10,000,000 to $24,999,999",prospecting,Pacific,34,CA,1
L-05311,meta,Low Value,"$1,000,000 to $4,999,999",prospecting,Mountain,15,UT,0
L-05312,meta,Ideal,"Less than $250,000",retargeting,Central,3,TX,0
L-05313,meta,Ideal,,retargeting,Eastern,30,MA,0
L-05314,meta,Low Value,"Less than $250,000",cpc,Alaska,48,AK,1
L-05315,meta,High Value,"Less than $250,000",retargeting,Pacific,57,CA,0
L-05316,meta,Low Value,Self-Serve Signup,retargeting,Pacific,0,OR,0
L-05317,tiktok,Low Value,"Less than $250,000",prospecting,Eastern,5,NY,0
L-05318,google,Ideal,"$1,000,000 to $4,999,999",nonbrand,Eastern,35,NY,0
L-05319,meta,Unknown,"$250,000 to $499,999",retargeting,Mountain,8,CO,0
L-05320,google,Ideal,"Less than $250,000",brand,Pacific,30,CA,0
L-05321,meta,Low Value,"Less than $250,000",retargeting,Pacific,22,CA,0
L-05322,meta,Unknown,"Less than $250,000",prospecting,Alaska,60,AK,0
L-05323,google,Low Value,"$250,000 to $499,999",nonbrand,Central,40,MO,0
L-05324,google,Ideal,"Less than $250,000",nonbrand,Central,58,TX,1
L-05325,tiktok,Low Value,"Less than $250,000",organic social,Eastern,,FL,0
L-05326,google,Low Value,Self-Serve Signup,pmax,Central,6,MO,0
L-05327,google,High Value,"$500,000 to $999,999",brand,Eastern,20,OH,0
L-05328,meta,Low Value,Self-Serve Signup,prospecting,Mountain,41,CO,0
L-05329,bing,Ideal,"Less than $250,000",nonbrand,Eastern,100,NY,1
L-05330,google,High Value,"$1,000,000 to $4,999,999",nonbrand,Arizona,78,AZ,0
L-05331,meta,Low Value,"$250,000 to $499,999",retargeting,Eastern,,FL,0
L-05332,tiktok,Low Value,"$250,000 to $499,999",cpc,Pacific,94,CA,0
L-05333,google,Ideal,"$1,000,000 to $4,999,999",expired or invalid attributer license,Central,79,TX,1
L-05334,google,Low Value,"Less than $250,000",brand,Eastern,76,GA,1
L-05335,google,Low Value,"$5,000,000 to $9,999,999",cpc,Mountain,62,MT,0
L-05336,tiktok,Ideal,"$1,000,000 to $4,999,999",brand,Central,,TX,0
L-05337,meta,Low Value,"Less than $250,000",brand,Eastern,20,GA,0
L-05338,meta,Ideal,"Less than $250,000",prospecting,Eastern,49,NC,1
L-05339,google,Ideal,"Less than $250,000",prospecting,Central,28,IL,0
L-05340,meta,Unknown,"$250,000 to $499,999",brand,Central,76,WI,0
L-05341,google,Low Value,,brand,Eastern,15,FL,0
L-05342,meta,Low Value,"$250,000 to $499,999",cpc,Eastern,28,NC,0
L-05343,meta,Low Value,,organic social,Eastern,22,NC,0
L-05344,google,High Value,"Less than $250,000",retargeting,Eastern,43,NC,1
L-05345,meta,Low Value,"$250,000 to $499,999",prospecting,Pacific,40,,0
L-05346,meta,Ideal,"$500,000 to $999,999",prospecting,Central,16,IL,0
L-05347,bing,Ideal,"Less than $250,000",nonbrand,Eastern,27,NY,0
L-05348,google,Low Value,"Less than $250,000",retargeting,Central,91,MN,1
L-05349,google,Unknown,"$1,000,000 to $4,999,999",cpc,Eastern,78,NC,1
L-05350,google,Low Value,"$500,000 to $999,999",nonbrand,Pacific,57,CA,1
L-05351,meta,Low Value,"Less than $250,000",retargeting,Pacific,16,WA,0
L-05352,google,Unknown,"Less than $250,000",pmax,Eastern,55,GA,0
L-05353,meta,Low Value,"Less than $250,000",retargeting,Eastern,59,NY,0
L-05354,google,High Value,"$250,000 to $499,999",paid search,Eastern,42,NJ,0
L-05355,tiktok,Low Value,"Less than $250,000",prospecting,Eastern,0,NY,0
L-05356,google,Unknown,"Less than $250,000",paid search,Pacific,20,CA,0
L-05357,google,High Value,"$10,000,000 to $24,999,999",,,81,,0
L-05358,google,Low Value,"Less than $250,000",prospecting,Pacific,37,CA,0
L-05359,tiktok,Low Value,"Less than $250,000",organic social,Central,45,TX,0
L-05360,bing,Low Value,"$250,000 to $499,999",ppc,Eastern,38,NC,0
L-05361,meta,Low Value,Self-Serve Signup,organic social,Eastern,32,NY,0
L-05362,bing,High Value,"$5,000,000 to $9,999,999",nonbrand,Central,38,TN,0
L-05363,meta,Ideal,"$10,000,000 to $24,999,999",organic social,Arizona,81,AZ,1
L-05364,google,Low Value,"$250,000 to $499,999",ppc,Pacific,73,OR,0
L-05365,google,Low Value,"Less than $250,000",pmax,Central,19,MN,0
L-05366,meta,Low Value,"$250,000 to $499,999",prospecting,Arizona,63,AZ,0
L-05367,google,High Value,"$1,000,000 to $4,999,999",cpc,Pacific,100,WA,0
L-05368,google,Ideal,"$1,000,000 to $4,999,999",,Eastern,47,VA,1
L-05369,meta,Ideal,"$500,000 to $999,999",nonbrand,Eastern,19,OH,0
L-05370,meta,Low Value,"$500,000 to $999,999",organic search,Mountain,59,UT,1
L-05371,google,Low Value,"$250,000 to $499,999",paid search,,,,0
L-05372,google,High Value,"$250,000 to $499,999",cpc,Eastern,56,OH,1
L-05373,google,High Value,,retargeting_lead_generation,Arizona,78,AZ,0
L-05374,bing,Low Value,"$250,000 to $499,999",brand,Central,26,TN,1
L-05375,google,Unknown,"$500,000 to $999,999",nonbrand,Arizona,54,AZ,1
L-05376,google,Ideal,"$1,000,000 to $4,999,999",,Central,72,TX,0
L-05377,meta,High Value,"$1,000,000 to $4,999,999",retargeting,Pacific,78,CA,0
L-05378,google,High Value,"Less than $250,000",nonbrand,Eastern,37,GA,0
L-05379,google,Ideal,"Less than $250,000",organic search,Eastern,59,FL,0
L-05380,meta,Ideal,"$5,000,000 to $9,999,999",prospecting,Pacific,59,CA,0
L-05381,tiktok,Low Value,"Less than $250,000",prospecting,Pacific,51,CA,0
L-05382,google,Low Value,"$250,000 to $499,999",brand,Central,36,WI,1
L-05383,google,Low Value,"Less than $250,000",paid search,Central,35,TX,0
L-05384,tiktok,Low Value,"$250,000 to $499,999",organic social,Pacific,22,WA,0
L-05385,meta,Low Value,"Less than $250,000",brand,Pacific,26,CA,0
L-05386,meta,Low Value,"Less than $250,000",organic social,,48,,0
L-05387,tiktok,Ideal,"$250,000 to $499,999",retargeting,Eastern,42,PA,0
L-05388,tiktok,Low Value,"Less than $250,000",retargeting,Central,23,TX,0
L-05389,meta,Ideal,Self-Serve Signup,prospecting,Central,33,IL,0
L-05390,meta,Low Value,Self-Serve Signup,organic social,Arizona,11,AZ,0
L-05391,google,Ideal,"$1,000,000 to $4,999,999",paid search,Eastern,43,OH,1
L-05392,google,Ideal,"$250,000 to $499,999",paid search,Eastern,68,VA,1
L-05393,google,Ideal,"$5,000,000 to $9,999,999",nonbrand,Central,100,,0
L-05394,meta,Unknown,"Less than $250,000",retargeting,Pacific,21,OR,0
L-05395,tiktok,Low Value,Self-Serve Signup,organic social,Central,38,IL,0
L-05396,meta,Low Value,Self-Serve Signup,retargeting,Eastern,49,NY,0
L-05397,meta,High Value,"$250,000 to $499,999",brand,Eastern,61,MI,0
L-05398,meta,Low Value,"Less than $250,000",retargeting,Eastern,40,NC,0
L-05399,bing,High Value,"$250,000 to $499,999",paid search,Eastern,74,GA,0
L-05400,tiktok,Ideal,"Less than $250,000",,Eastern,48,NJ,1
L-05401,bing,High Value,"$1,000,000 to $4,999,999",ppc,Central,94,TX,1
L-05402,google,High Value,"$1,000,000 to $4,999,999",cpc,Pacific,66,CA,0
L-05403,google,High Value,"$5,000,000 to $9,999,999",nonbrand,Eastern,47,PA,0
L-05404,meta,Low Value,Self-Serve Signup,retargeting,Eastern,35,GA,0
L-05405,google,High Value,"$500,000 to $999,999",brand,Eastern,72,NY,1
L-05406,bing,Low Value,"$250,000 to $499,999",organic search,Eastern,59,NY,0
L-05407,google,Low Value,"Less than $250,000",brand,Eastern,50,NY,1
L-05408,bing,High Value,,cpc,Central,79,TX,1
L-05409,google,Ideal,"Less than $250,000",ppc,Eastern,46,NY,1
L-05410,google,Unknown,"Less than $250,000",,Central,31,TN,0
L-05411,bing,Unknown,"$1,000,000 to $4,999,999",brand,Pacific,55,WA,0
L-05412,meta,Low Value,"Less than $250,000",prospecting,Central,71,IL,0
L-05413,google,Low Value,"$1,000,000 to $4,999,999",paid search,Eastern,53,MA,0
L-05414,google,High Value,"$250,000 to $499,999",brand,Central,34,TX,0
L-05415,google,Ideal,"$10,000,000 to $24,999,999",ppc,Eastern,82,MI,0
L-05416,bing,High Value,"$5,000,000 to $9,999,999",ppc,Central,57,TN,1
L-05417,google,Low Value,"$1,000,000 to $4,999,999",brand,,8,,0
L-05418,meta,Ideal,"Less than $250,000",prospecting,Mountain,58,CO,0
L-05419,google,Low Value,"$250,000 to $499,999",nonbrand,Eastern,16,NC,1
L-05420,meta,Unknown,"$500,000 to $999,999",prospecting,Eastern,63,PA,0
L-05421,google,Low Value,"$250,000 to $499,999",nonbrand,Pacific,47,NV,1
L-05422,bing,Ideal,"$1,000,000 to $4,999,999",paid search,Arizona,,AZ,0
L-05423,meta,Unknown,"$1,000,000 to $4,999,999",organic social,Central,94,TN,1
L-05424,meta,Low Value,"$250,000 to $499,999",organic social,Eastern,17,FL,0
L-05425,meta,Low Value,"$250,000 to $499,999",organic search,Central,14,TX,0
L-05426,google,High Value,"$1,000,000 to $4,999,999",brand,Eastern,63,NJ,1
L-05427,google,Unknown,"$250,000 to $499,999",pmax,Eastern,100,NY,1
L-05428,google,Low Value,"$500,000 to $999,999",brand,Eastern,86,GA,1
L-05429,meta,Low Value,Self-Serve Signup,organic social,Eastern,0,NY,0
L-05430,bing,High Value,"Less than $250,000",brand,Eastern,61,NY,0
L-05431,bing,Low Value,"$10,000,000 to $24,999,999",cpc,Central,45,MO,0
L-05432,meta,Low Value,"Less than $250,000",organic social,Eastern,44,MI,0
L-05433,meta,Ideal,Self-Serve Signup,organic social,Pacific,39,CA,1
L-05434,tiktok,Ideal,"$500,000 to $999,999",organic social,Eastern,57,OH,0
L-05435,tiktok,Low Value,"$250,000 to $499,999",organic social,Central,20,TX,0
L-05436,meta,Ideal,"$250,000 to $499,999",brand,Central,43,TX,1
L-05437,google,High Value,"$500,000 to $999,999",organic search,Eastern,93,OH,1
L-05438,meta,Low Value,"$250,000 to $499,999",cpc,Central,93,TX,0
L-05439,tiktok,Unknown,"Less than $250,000",organic social,Eastern,40,OH,0
L-05440,google,Low Value,"$250,000 to $499,999",brand,Pacific,34,NV,0
L-05441,google,Ideal,"Less than $250,000",cpc,Eastern,69,NY,0
L-05442,meta,Low Value,"$250,000 to $499,999",prospecting,Central,45,MN,0
L-05443,meta,Low Value,"$250,000 to $499,999",prospecting,Central,33,TX,0
L-05444,google,Low Value,"Less than $250,000",pmax,Central,57,TN,0
L-05445,tiktok,Low Value,"$250,000 to $499,999",retargeting,Eastern,12,NY,0
L-05446,tiktok,Unknown,"Less than $250,000",organic social,Hawaii,52,HI,0
L-05447,meta,Low Value,"$500,000 to $999,999",other campaigns,Central,41,MO,0
L-05448,meta,Low Value,"$500,000 to $999,999",retargeting,Eastern,52,NY,1
L-05449,google,Low Value,"Less than $250,000",nonbrand,Eastern,31,NY,0
L-05450,google,Ideal,"Less than $250,000",pmax,Eastern,36,OH,0
L-05451,google,Low Value,"$500,000 to $999,999",pmax,Central,55,MO,0
L-05452,bing,Ideal,"Less than $250,000",cpc,Eastern,71,FL,1
L-05453,google,Low Value,"Less than $250,000",brand,Eastern,74,VA,0
L-05454,meta,Ideal,"$250,000 to $499,999",organic social,Eastern,61,FL,1
L-05455,meta,Low Value,Self-Serve Signup,retargeting,Central,0,TX,0
L-05456,meta,Low Value,Self-Serve Signup,retargeting,--,46,AZ,0
L-05457,tiktok,Low Value,"Less than $250,000",organic social,Eastern,12,GA,0
L-05458,bing,Ideal,"$250,000 to $499,999",paid search,Mountain,45,CO,1
L-05459,bing,High Value,"$1,000,000 to $4,999,999",ppc,Pacific,46,CA,0
L-05460,google,High Value,"Less than $250,000",organic search,Pacific,80,CA,0
L-05461,meta,Ideal,"Less than $250,000",organic social,Central,22,TX,0
L-05462,meta,Low Value,"Less than $250,000",prospecting,Eastern,62,VA,0
L-05463,bing,Low Value,"Less than $250,000",paid search,Pacific,56,CA,0
L-05464,meta,Low Value,"$250,000 to $499,999",organic social,Eastern,34,VA,0
L-05465,tiktok,Ideal,"Less than $250,000",retargeting,Eastern,,MI,0
L-05466,meta,Low Value,"Less than $250,000",retargeting,Central,49,TX,1
L-05467,google,Low Value,"Less than $250,000",brand,Central,67,WI,0
L-05468,google,Low Value,"$250,000 to $499,999",paid search,Pacific,99,CA,0
L-05469,tiktok,High Value,"$1,000,000 to $4,999,999",retargeting,Eastern,69,NY,0
L-05470,google,High Value,"$250,000 to $499,999",nonbrand,Pacific,66,OR,1
L-05471,google,Ideal,"$1,000,000 to $4,999,999",nonbrand,Pacific,56,CA,1
L-05472,tiktok,Low Value,"Less than $250,000",organic social,Eastern,34,NY,0
L-05473,google,Ideal,"$500,000 to $999,999",pmax,Eastern,,VA,0
L-05474,meta,Low Value,"Less than $250,000",prospecting,Pacific,84,OR,0
L-05475,google,Low Value,"$5,000,000 to $9,999,999",paid search,Central,48,TN,0
L-05476,bing,Low Value,"Less than $250,000",paid search,Central,92,TN,0
L-05477,meta,Ideal,"$1,000,000 to $4,999,999",retargeting,Pacific,77,OR,0
L-05478,google,High Value,"$250,000 to $499,999",organic search,,47,,0
L-05479,bing,Unknown,"Less than $250,000",brand,Central,48,TX,0
L-05480,google,Ideal,"$1,000,000 to $4,999,999",brand,Eastern,71,NY,1
L-05481,meta,Low Value,Self-Serve Signup,paid search,Eastern,51,FL,1
L-05482,google,Low Value,"$500,000 to $999,999",nonbrand,Arizona,31,AZ,0
L-05483,google,Low Value,"$250,000 to $499,999",nonbrand,Eastern,90,VA,0
L-05484,tiktok,High Value,"$10,000,000 to $24,999,999",cpc,Pacific,61,CA,0
L-05485,meta,Low Value,"Less than $250,000",prospecting,Eastern,25,OH,0
L-05486,meta,Ideal,"Less than $250,000",prospecting,Pacific,5,CA,0
L-05487,google,High Value,"$250,000 to $499,999",brand,Arizona,63,AZ,0
L-05488,tiktok,Low Value,"$250,000 to $499,999",retargeting,Eastern,25,GA,0
L-05489,tiktok,Low Value,"Less than $250,000",prospecting,Pacific,54,NV,0
L-05490,google,Ideal,"$500,000 to $999,999",brand,Pacific,68,CA,1
L-05491,google,High Value,"Less than $250,000",organic search,Pacific,90,WA,0
L-05492,meta,Ideal,"$10,000,000 to $24,999,999",prospecting,Central,64,WI,1
L-05493,google,Ideal,,paid search,Eastern,100,OH,1
L-05494,meta,Low Value,Self-Serve Signup,prospecting,Eastern,0,MA,0
L-05495,meta,Low Value,"Less than $250,000",retargeting,Eastern,18,NC,0
L-05496,meta,Low Value,"$250,000 to $499,999",brand,Mountain,61,CO,0
L-05497,google,Ideal,"$250,000 to $499,999",paid search,Central,82,MN,1
L-05498,meta,High Value,"$250,000 to $499,999",prospecting,Eastern,69,FL,1
L-05499,meta,Low Value,"$250,000 to $499,999",organic social,Eastern,42,NY,0
L-05500,google,Low Value,"$1,000,000 to $4,999,999",organic search,Eastern,39,NY,0
L-05501,meta,Ideal,,organic social,Eastern,3,FL,0
L-05502,tiktok,High Value,"$1,000,000 to $4,999,999",prospecting,Arizona,38,AZ,0
L-05503,bing,Unknown,"$500,000 to $999,999",organic search,Central,71,TX,1
L-05504,google,Ideal,"$500,000 to $999,999",nonbrand,Eastern,36,OH,1
L-05505,tiktok,Low Value,"$500,000 to $999,999",organic social,Eastern,70,NY,0
L-05506,google,Ideal,"$1,000,000 to $4,999,999",brand,Eastern,92,MA,1
L-05507,google,Low Value,"$1,000,000 to $4,999,999",ppc,Central,25,TX,1
L-05508,meta,Unknown,"$250,000 to $499,999",retargeting,Central,48,TX,0
L-05509,bing,High Value,"Less than $250,000",brand,Pacific,63,NV,0
L-05510,bing,Ideal,"$1,000,000 to $4,999,999",nonbrand,Eastern,87,FL,1
L-05511,google,Low Value,"$500,000 to $999,999",brand,Pacific,,CA,1
L-05512,meta,Low Value,"$250,000 to $499,999",retargeting,Eastern,33,FL,0
L-05513,tiktok,Ideal,Self-Serve Signup,brand,Central,64,MN,1
L-05514,bing,Low Value,"$1,000,000 to $4,999,999",nonbrand,Eastern,43,MA,0
L-05515,google,Unknown,"$1,000,000 to $4,999,999",brand,Mountain,95,UT,1
L-05516,meta,Low Value,"Less than $250,000",retargeting,Central,44,IL,0
L-05517,google,High Value,"$10,000,000 to $24,999,999",organic search,Eastern,94,MA,0
L-05518,google,Unknown,"Less than $250,000",cpc,Eastern,27,NY,1
L-05519,google,Ideal,"$250,000 to $499,999",nonbrand,Eastern,65,FL,0
L-05520,meta,Low Value,"Less than $250,000",prospecting,Central,62,TX,0
L-05521,tiktok,High Value,"Less than $250,000",prospecting,,0,,0
L-05522,google,High Value,"$250,000 to $499,999",brand,Eastern,8,GA,0
L-05523,meta,Low Value,"Less than $250,000",pmax,Pacific,52,CA,0
L-05524,meta,Low Value,"Less than $250,000",prospecting,Pacific,19,NV,0
L-05525,meta,Unknown,"$250,000 to $499,999",brand,Eastern,56,FL,0
L-05526,meta,Low Value,"Less than $250,000",ppc,Central,9,TX,0
L-05527,google,Low Value,Self-Serve Signup,brand,Eastern,47,NY,0
L-05528,google,Ideal,"$1,000,000 to $4,999,999",brand,Eastern,65,PA,0
L-05529,google,Low Value,"$500,000 to $999,999",organic search,Arizona,39,AZ,0
L-05530,meta,Unknown,"$500,000 to $999,999",prospecting,Mountain,60,CO,1
L-05531,meta,Low Value,"$250,000 to $499,999",organic search,Eastern,56,PA,0
L-05532,google,Ideal,"$250,000 to $499,999",organic search,Eastern,50,NC,0
L-05533,tiktok,Low Value,Self-Serve Signup,prospecting,Pacific,28,CA,0
L-05534,google,Unknown,"Less than $250,000",organic search,Eastern,0,NC,0
L-05535,meta,High Value,"$500,000 to $999,999",retargeting,Pacific,67,CA,0
L-05536,meta,Ideal,"$250,000 to $499,999",nonbrand,Alaska,,AK,1
L-05537,google,High Value,"$500,000 to $999,999",brand,Central,74,MO,0
L-05538,meta,Ideal,"Less than $250,000",organic social,Eastern,6,NJ,0
L-05539,tiktok,Low Value,"Less than $250,000",retargeting,Central,,MN,0
L-05540,bing,High Value,"$1,000,000 to $4,999,999",brand,Alaska,60,AK,0
L-05541,tiktok,High Value,"Less than $250,000",organic social,Pacific,46,WA,0
L-05542,google,Low Value,"Less than $250,000",ppc,Central,94,IL,0
L-05543,meta,Low Value,"Less than $250,000",ppc,Mountain,21,CO,0
L-05544,meta,Ideal,"Less than $250,000",organic social,Eastern,68,FL,1
L-05545,meta,Ideal,"Less than $250,000",retargeting,Eastern,65,NY,1
L-05546,tiktok,Low Value,Self-Serve Signup,organic social,Pacific,63,WA,0
L-05547,meta,High Value,"Less than $250,000",organic social,Central,61,TX,0
L-05548,google,Low Value,"Less than $250,000",brand,Eastern,37,GA,0
L-05549,google,Ideal,,cpc,Eastern,94,MA,1
L-05550,google,High Value,"$500,000 to $999,999",ppc,Eastern,8,FL,0
L-05551,meta,Low Value,"Less than $250,000",retargeting,Eastern,34,NY,0
L-05552,tiktok,Low Value,"Less than $250,000",paid search,Eastern,0,OH,0
L-05553,google,Low Value,"Less than $250,000",pmax,,84,,0
L-05554,google,High Value,"$1,000,000 to $4,999,999",cpc,Central,79,TN,0
L-05555,google,Low Value,"Less than $250,000",nonbrand,Central,42,MO,0
L-05556,bing,Ideal,"Less than $250,000",brand,Mountain,45,CO,1
L-05557,google,Ideal,"$5,000,000 to $9,999,999",ppc,Eastern,86,GA,1
L-05558,tiktok,Low Value,"$250,000 to $499,999",organic social,,27,,0
L-05559,google,High Value,"$1,000,000 to $4,999,999",cpc,Eastern,81,MA,0
L-05560,meta,Unknown,"Less than $250,000",prospecting,Eastern,6,MA,0
L-05561,meta,Low Value,"$250,000 to $499,999",retargeting,Eastern,100,PA,1
L-05562,bing,Ideal,"$1,000,000 to $4,999,999",brand,Eastern,100,GA,0
L-05563,google,High Value,"$5,000,000 to $9,999,999",paid search,,97,,0
L-05564,bing,Unknown,Self-Serve Signup,paid search,Eastern,40,FL,0
L-05565,tiktok,Unknown,"$250,000 to $499,999",prospecting,Mountain,52,UT,0
L-05566,meta,Low Value,"$1,000,000 to $4,999,999",prospecting,Eastern,21,GA,0
L-05567,google,Ideal,"$250,000 to $499,999",paid search,,84,,0
L-05568,google,Low Value,"$500,000 to $999,999",ppc,Eastern,80,NY,1
L-05569,google,Ideal,"Less than $250,000",brand,Pacific,0,WA,0
L-05570,google,High Value,"$500,000 to $999,999",pmax,Mountain,62,UT,0
L-05571,google,Unknown,"$250,000 to $499,999",pmax,Pacific,32,WA,0
L-05572,google,Low Value,"Less than $250,000",cpc,Pacific,88,CA,1
L-05573,meta,Ideal,"Less than $250,000",organic social,Eastern,65,OH,0
L-05574,google,Unknown,"$1,000,000 to $4,999,999",brand,Pacific,99,CA,0
L-05575,tiktok,Low Value,"Less than $250,000",retargeting,Eastern,4,NC,0
L-05576,google,Ideal,"$5,000,000 to $9,999,999",brand,Eastern,64,VA,0
L-05577,meta,Low Value,"Less than $250,000",paid search,,16,,0
L-05578,google,Unknown,"Less than $250,000",brand,Pacific,47,,0
L-05579,google,High Value,"$10,000,000 to $24,999,999",ppc,Eastern,,PA,0
L-05580,google,Ideal,"$250,000 to $499,999",cpc,Arizona,30,AZ,1
L-05581,tiktok,Low Value,"Less than $250,000",retargeting,Eastern,74,PA,0
L-05582,tiktok,Unknown,"Less than $250,000",retargeting,Pacific,75,CA,1
L-05583,bing,Low Value,"Less than $250,000",ppc,Eastern,64,NJ,0
L-05584,google,Ideal,"Less than $250,000",nonbrand,Pacific,42,CA,0
L-05585,bing,Low Value,"$1,000,000 to $4,999,999",paid search,Eastern,,OH,1
L-05586,bing,Low Value,"$1,000,000 to $4,999,999",pmax,Eastern,52,NC,0
L-05587,bing,Ideal,"Less than $250,000",brand,Eastern,93,NY,1
L-05588,meta,Ideal,"$10,000,000 to $24,999,999",retargeting,Pacific,69,WA,1
L-05589,meta,Low Value,"Less than $250,000",organic social,Eastern,18,OH,0
L-05590,google,High Value,"$250,000 to $499,999",brand,Central,53,IL,1
L-05591,google,High Value,"$250,000 to $499,999",brand,Eastern,86,,0
L-05592,meta,Low Value,"$250,000 to $499,999",retargeting,Eastern,17,MI,0
L-05593,google,High Value,"$500,000 to $999,999",nonbrand,Central,74,TX,0
L-05594,bing,Ideal,"$250,000 to $499,999",brand,Central,22,IL,0
L-05595,google,Ideal,"$250,000 to $499,999",cpc,Eastern,71,MA,0
L-05596,google,Ideal,"$1,000,000 to $4,999,999",,Pacific,100,NV,0
L-05597,google,Low Value,"Less than $250,000",brand,Central,89,IL,0
L-05598,google,Ideal,"$5,000,000 to $9,999,999",prospecting,Eastern,68,NY,0
L-05599,meta,Ideal,"Less than $250,000",cpc,Eastern,78,NC,1
L-05600,tiktok,Unknown,,prospecting,Eastern,25,FL,0
L-05601,meta,Low Value,Self-Serve Signup,organic social,Central,28,TN,0
L-05602,google,Low Value,"$500,000 to $999,999",nonbrand,Eastern,,FL,0
L-05603,tiktok,Low Value,"Less than $250,000",prospecting,Central,20,IL,0
L-05604,tiktok,Low Value,"$250,000 to $499,999",retargeting,Pacific,33,CA,0
L-05605,google,Ideal,"$10,000,000 to $24,999,999",pmax,Central,95,WI,0
L-05606,google,Ideal,"$10,000,000 to $24,999,999",nonbrand,Eastern,93,GA,1
L-05607,google,High Value,"Less than $250,000",organic search,Central,70,LA,0
L-05608,google,Low Value,"Less than $250,000",brand,Central,76,TX,0
L-05609,google,Low Value,"$1,000,000 to $4,999,999",cpc,Eastern,99,OH,1
L-05610,google,Low Value,"$250,000 to $499,999",brand,Central,5,TX,0
L-05611,google,Ideal,"$500,000 to $999,999",paid search,Pacific,100,NV,1
L-05612,meta,Ideal,Self-Serve Signup,cpc,Eastern,20,MI,0
L-05613,google,High Value,"$500,000 to $999,999",nonbrand,Central,74,TX,1
L-05614,google,Low Value,"$500,000 to $999,999",organic search,Eastern,77,NC,0
L-05615,google,Ideal,"$1,000,000 to $4,999,999",brand,Alaska,63,AK,1
L-05616,bing,Unknown,"$1,000,000 to $4,999,999",ppc,Central,92,IL,1
L-05617,google,Low Value,,brand,Arizona,35,,0
L-05618,google,Low Value,"Less than $250,000",pmax,Pacific,17,CA,0
L-05619,meta,Low Value,"$500,000 to $999,999",retargeting,Central,,IL,0
L-05620,meta,Low Value,"$500,000 to $999,999",prospecting,Pacific,100,WA,1
L-05621,meta,Ideal,"Less than $250,000",organic social,Eastern,79,NC,0
L-05622,meta,Ideal,"$500,000 to $999,999",organic social,Mountain,70,CO,1
L-05623,google,Ideal,"Less than $250,000",ppc,Central,18,IL,1
L-05624,google,High Value,"$500,000 to $999,999",brand,Eastern,89,NC,0
L-05625,google,Low Value,"$1,000,000 to $4,999,999",pmax,Eastern,62,FL,0
L-05626,meta,Low Value,"$5,000,000 to $9,999,999",prospecting,Pacific,74,CA,1
L-05627,google,Low Value,"$10,000,000 to $24,999,999",,Eastern,100,PA,1
L-05628,google,High Value,"$10,000,000 to $24,999,999",brand,Central,44,MO,0
L-05629,meta,Ideal,"$250,000 to $499,999",retargeting,Eastern,71,NY,1
L-05630,bing,Ideal,"$1,000,000 to $4,999,999",nonbrand,Central,64,WI,1
L-05631,meta,Low Value,"$1,000,000 to $4,999,999",organic social,Pacific,32,CA,0
L-05632,google,Low Value,"Less than $250,000",paid search,Eastern,17,FL,1
L-05633,google,High Value,,cpc,Eastern,81,OH,0
L-05634,tiktok,Low Value,"$500,000 to $999,999",cpc,Eastern,100,PA,0
L-05635,tiktok,Unknown,"Less than $250,000",organic social,Central,53,LA,0
L-05636,google,Low Value,"Less than $250,000",nonbrand,Central,30,IL,0
L-05637,tiktok,Ideal,"Less than $250,000",prospecting,Eastern,66,FL,0
L-05638,meta,Low Value,"Less than $250,000",nonbrand,Eastern,52,OH,0
L-05639,google,Ideal,"$250,000 to $499,999",paid search,Pacific,47,CA,0
L-05640,google,High Value,"$5,000,000 to $9,999,999",brand,Mountain,92,CO,1
L-05641,meta,Low Value,Self-Serve Signup,organic social,Pacific,86,CA,1
L-05642,meta,Low Value,"Less than $250,000",nonbrand,Eastern,34,FL,0
L-05643,google,Ideal,,other campaigns,Central,56,MO,1
L-05644,meta,Ideal,"$250,000 to $499,999",prospecting,Eastern,26,FL,0
L-05645,meta,Ideal,"$5,000,000 to $9,999,999",retargeting,Pacific,33,CA,0
L-05646,meta,Low Value,"Less than $250,000",retargeting,Eastern,32,OH,1
L-05647,meta,Low Value,"Less than $250,000",cpc,Pacific,15,CA,0
L-05648,meta,Ideal,"$1,000,000 to $4,999,999",nonbrand,Pacific,57,CA,0
L-05649,bing,Ideal,"$1,000,000 to $4,999,999",retargeting,Eastern,30,NY,0
L-05650,tiktok,Low Value,Self-Serve Signup,organic social,Eastern,20,NY,0
L-05651,google,Ideal,"$1,000,000 to $4,999,999",ppc,Eastern,86,FL,1
L-05652,meta,Ideal,"Less than $250,000",organic social,Eastern,,FL,0
L-05653,tiktok,Low Value,"$250,000 to $499,999",organic social,Pacific,46,WA,0
L-05654,meta,Unknown,"$500,000 to $999,999",nonbrand,Eastern,16,GA,0
L-05655,meta,Low Value,"Less than $250,000",retargeting,Eastern,21,NC,1
L-05656,google,Ideal,"$500,000 to $999,999",nonbrand,Eastern,21,MA,0
L-05657,meta,Low Value,"$250,000 to $499,999",prospecting_lead_generation,Eastern,,,0
L-05658,google,Ideal,"$1,000,000 to $4,999,999",nonbrand,Central,50,TX,0
L-05659,bing,Low Value,"$1,000,000 to $4,999,999",ppc,Eastern,36,VA,0
L-05660,google,Ideal,"$1,000,000 to $4,999,999",,Pacific,71,OR,1
L-05661,google,Ideal,"$250,000 to $499,999",brand,Central,77,TX,0
L-05662,google,High Value,"$500,000 to $999,999",nonbrand,Eastern,71,OH,0
L-05663,google,High Value,"$500,000 to $999,999",nonbrand,Central,91,MN,1
L-05664,tiktok,Unknown,"Less than $250,000",prospecting,Eastern,55,FL,0
L-05665,google,Unknown,"Less than $250,000",nonbrand,Eastern,70,NY,0
L-05666,meta,High Value,"$10,000,000 to $24,999,999",prospecting,Pacific,43,NV,0
L-05667,meta,High Value,"$1,000,000 to $4,999,999",prospecting,Central,52,TN,1
L-05668,bing,Unknown,"$5,000,000 to $9,999,999",nonbrand,Eastern,60,GA,1
L-05669,tiktok,Ideal,"Less than $250,000",prospecting,Eastern,0,VA,0
L-05670,google,Ideal,"$5,000,000 to $9,999,999",nonbrand,Eastern,100,NY,1
L-05671,meta,Low Value,Self-Serve Signup,organic social,Central,86,IL,0
L-05672,bing,Low Value,"Less than $250,000",paid search,Pacific,57,CA,0
L-05673,google,Ideal,"Less than $250,000",ppc,Pacific,53,CA,0
L-05674,meta,Ideal,,cpc,Central,45,TX,0
L-05675,meta,Low Value,,organic search,Eastern,58,MA,0
L-05676,google,Low Value,"Less than $250,000",nonbrand,Eastern,64,NC,0
L-05677,tiktok,Low Value,"Less than $250,000",prospecting,Eastern,71,NC,0
L-05678,bing,Low Value,"$250,000 to $499,999",paid search,Pacific,63,CA,0
L-05679,google,Low Value,"Less than $250,000",cpc,Eastern,11,NJ,1
L-05680,bing,Unknown,"Less than $250,000",brand,Pacific,47,CA,1
L-05681,meta,Ideal,"$250,000 to $499,999",retargeting,Eastern,83,FL,0
L-05682,google,Low Value,"$500,000 to $999,999",brand,Mountain,66,UT,1
L-05683,tiktok,Low Value,"Less than $250,000",organic social,Eastern,22,VA,0
L-05684,google,High Value,"$1,000,000 to $4,999,999",brand,Pacific,92,CA,0
L-05685,meta,High Value,"$250,000 to $499,999",prospecting,Eastern,85,FL,1
L-05686,meta,Low Value,"Less than $250,000",retargeting,Eastern,,OH,0
L-05687,google,Ideal,"Less than $250,000",organic search,Pacific,,OR,0
L-05688,tiktok,Ideal,Self-Serve Signup,retargeting,Central,86,LA,0
L-05689,bing,Unknown,"$500,000 to $999,999",ppc,Pacific,100,CA,1
L-05690,tiktok,Ideal,"Less than $250,000",cpc,Pacific,35,CA,0
L-05691,google,Ideal,"Less than $250,000",brand,Pacific,12,CA,0
L-05692,meta,Low Value,"$250,000 to $499,999",,Eastern,40,NJ,1
L-05693,meta,Unknown,"Less than $250,000",nonbrand,Central,54,TX,0
L-05694,google,High Value,"$500,000 to $999,999",nonbrand,Eastern,30,PA,0
L-05695,meta,High Value,Self-Serve Signup,retargeting,Eastern,65,VA,0
L-05696,bing,Low Value,"$10,000,000 to $24,999,999",nonbrand,Mountain,38,CO,1
L-05697,meta,Low Value,"Less than $250,000",brand,Pacific,0,CA,0
L-05698,tiktok,Ideal,Self-Serve Signup,prospecting,Pacific,66,CA,1
L-05699,meta,High Value,"Less than $250,000",organic social,Central,28,TX,0
L-05700,meta,Low Value,"Less than $250,000",organic social,Eastern,14,NY,0
L-05701,meta,High Value,"$250,000 to $499,999",prospecting,Central,100,LA,0
L-05702,bing,Ideal,"$500,000 to $999,999",brand,Pacific,70,CA,0
L-05703,google,High Value,"$500,000 to $999,999",brand,Central,100,WI,1
L-05704,google,High Value,"$1,000,000 to $4,999,999",ppc,Mountain,83,CO,0
L-05705,meta,Low Value,"Less than $250,000",,Pacific,0,CA,0
L-05706,meta,Low Value,"$500,000 to $999,999",organic social,Eastern,53,PA,0
L-05707,google,Low Value,"$250,000 to $499,999",paid search,Eastern,11,FL,0
L-05708,google,Ideal,"$500,000 to $999,999",brand,Pacific,80,CA,0
L-05709,tiktok,High Value,"Less than $250,000",brand,Mountain,44,CO,0
L-05710,google,Unknown,"Less than $250,000",organic search,Pacific,84,OR,0
L-05711,google,Low Value,"$1,000,000 to $4,999,999",organic search,Mountain,68,CO,1
L-05712,meta,Unknown,"$500,000 to $999,999",prospecting,Eastern,53,FL,1
L-05713,meta,Unknown,"Less than $250,000",organic social,Eastern,15,PA,1
L-05714,google,Low Value,"Less than $250,000",,Eastern,81,NC,1
L-05715,google,Ideal,"$250,000 to $499,999",brand,Arizona,66,AZ,0
L-05716,meta,Unknown,"Less than $250,000",prospecting,Pacific,59,NV,0
L-05717,google,Low Value,"Less than $250,000",nonbrand,Eastern,59,OH,0
L-05718,google,Unknown,"Less than $250,000",ppc,Eastern,100,FL,1
L-05719,google,High Value,"$5,000,000 to $9,999,999",paid search,Eastern,60,NJ,0
L-05720,meta,Ideal,"$250,000 to $499,999",prospecting,Eastern,68,NJ,0
L-05721,meta,Unknown,"$5,000,000 to $9,999,999",ppc,Central,92,TX,1
L-05722,tiktok,Low Value,,prospecting,Pacific,35,NV,0
L-05723,google,High Value,"$1,000,000 to $4,999,999",brand,Eastern,74,MA,1
L-05724,google,Ideal,"$5,000,000 to $9,999,999",brand,Mountain,58,UT,0
L-05725,google,Low Value,"$250,000 to $499,999",organic search,Pacific,48,CA,1
L-05726,tiktok,Ideal,"Less than $250,000",organic social,Central,65,IL,0
L-05727,bing,Unknown,"$250,000 to $499,999",paid search,Eastern,0,MI,0
L-05728,google,Ideal,"$500,000 to $999,999",brand,Pacific,73,WA,1
L-05729,meta,Low Value,"$250,000 to $499,999",prospecting,Pacific,,CA,0
L-05730,google,Low Value,"$10,000,000 to $24,999,999",nonbrand,Eastern,,NY,0
L-05731,meta,Ideal,"$250,000 to $499,999",retargeting,Central,98,IL,0
L-05732,bing,High Value,"$500,000 to $999,999",nonbrand,Eastern,93,MA,0
L-05733,meta,Unknown,"$500,000 to $999,999",organic social,Arizona,,AZ,1
L-05734,bing,High Value,"$5,000,000 to $9,999,999",brand,Eastern,62,FL,1
L-05735,tiktok,Low Value,Self-Serve Signup,organic search,Arizona,15,AZ,0
L-05736,google,Unknown,"$250,000 to $499,999",nonbrand,Eastern,32,MI,0
L-05737,google,Ideal,"$10,000,000 to $24,999,999",paid search,Eastern,43,GA,0
L-05738,meta,Low Value,"Less than $250,000",prospecting,Central,68,TX,0
L-05739,google,High Value,"$5,000,000 to $9,999,999",paid search,Central,100,TX,1
L-05740,meta,Low Value,"Less than $250,000",retargeting,Central,0,IL,0
L-05741,google,Low Value,"Less than $250,000",brand,Eastern,58,GA,0
L-05742,meta,Unknown,"$500,000 to $999,999",organic social,Eastern,69,FL,1
L-05743,tiktok,Unknown,Self-Serve Signup,prospecting,Eastern,100,NC,0
L-05744,google,Ideal,"Less than $250,000",ppc,Eastern,20,FL,0
L-05745,google,High Value,"$250,000 to $499,999",brand,Central,70,TN,0
L-05746,meta,Ideal,"Less than $250,000",cpc,Central,71,TX,0
L-05747,meta,High Value,"$5,000,000 to $9,999,999",organic social,Eastern,48,NY,0
L-05748,tiktok,Low Value,"Less than $250,000",organic social,Mountain,0,CO,0
L-05749,google,Low Value,,cpc,Eastern,98,OH,1
L-05750,tiktok,Low Value,"$250,000 to $499,999",organic social,,0,,0
L-05751,tiktok,Ideal,"Less than $250,000",organic social,Eastern,0,PA,0
L-05752,bing,Unknown,"Less than $250,000",paid search,Eastern,17,OH,0
L-05753,bing,Low Value,"Less than $250,000",brand,Eastern,20,PA,0
L-05754,google,Low Value,"Less than $250,000",ppc,Eastern,40,,0
L-05755,meta,Ideal,"$250,000 to $499,999",prospecting,Eastern,50,NY,0
L-05756,google,High Value,"$500,000 to $999,999",brand,Pacific,89,CA,1
L-05757,meta,Low Value,"Less than $250,000",brand,Mountain,0,CO,1
L-05758,bing,Ideal,"$500,000 to $999,999",cpc,Central,85,WI,0
L-05759,google,Ideal,"Less than $250,000",ppc,Arizona,38,AZ,1
L-05760,meta,Ideal,,ppc,Central,37,TX,0
L-05761,bing,Low Value,"Less than $250,000",paid search,Pacific,7,CA,0
L-05762,meta,Low Value,"$500,000 to $999,999",retargeting,Pacific,85,,0
L-05763,google,Unknown,"$500,000 to $999,999",brand,Mountain,90,CO,1
L-05764,google,Ideal,"Less than $250,000",organic search,Central,50,TX,0
L-05765,meta,Low Value,"$250,000 to $499,999",retargeting,Eastern,38,NY,0
L-05766,meta,Unknown,"$250,000 to $499,999",ppc,Alaska,15,AK,0
L-05767,google,Low Value,"$10,000,000 to $24,999,999",brand,Hawaii,38,HI,0
L-05768,meta,High Value,"Less than $250,000",prospecting,Central,55,TX,0
L-05769,google,Low Value,"Less than $250,000",prospecting,Eastern,37,PA,0
L-05770,meta,Low Value,"Less than $250,000",organic social,Eastern,8,NC,0
L-05771,meta,Low Value,"$5,000,000 to $9,999,999",prospecting,Eastern,45,NJ,0
L-05772,meta,Low Value,"Less than $250,000",organic social,Pacific,0,CA,1
L-05773,google,Ideal,"$250,000 to $499,999",organic search,Pacific,74,WA,0
L-05774,meta,Low Value,"Less than $250,000",prospecting,Eastern,72,NC,0
L-05775,bing,Ideal,"$250,000 to $499,999",brand,Eastern,50,OH,1
L-05776,meta,Unknown,"Less than $250,000",brand,Eastern,45,NC,0
L-05777,google,High Value,,brand,Eastern,100,NJ,0
L-05778,meta,Unknown,"Less than $250,000",retargeting,Eastern,32,NY,0
L-05779,tiktok,Low Value,"$500,000 to $999,999",organic social,,71,,0
L-05780,meta,High Value,"Less than $250,000",organic social,Eastern,86,,0
L-05781,meta,Unknown,"Less than $250,000",prospecting,Eastern,59,NJ,1
L-05782,tiktok,Low Value,"Less than $250,000",prospecting,Eastern,36,FL,0
L-05783,meta,Ideal,"$5,000,000 to $9,999,999",retargeting,Mountain,0,CO,1
L-05784,bing,Ideal,"$500,000 to $999,999",paid search,Eastern,53,VA,1
L-05785,meta,Low Value,"$250,000 to $499,999",prospecting,Eastern,78,GA,1
L-05786,meta,High Value,"Less than $250,000",organic social,Eastern,65,FL,0
L-05787,bing,High Value,"$1,000,000 to $4,999,999",organic search,Alaska,84,AK,1
L-05788,bing,Ideal,"$1,000,000 to $4,999,999",cpc,Central,66,TX,1
L-05789,meta,Low Value,"Less than $250,000",organic social,Eastern,6,VA,0
L-05790,bing,High Value,"$250,000 to $499,999",nonbrand,Pacific,,CA,0
L-05791,google,Low Value,"$250,000 to $499,999",paid search,Pacific,58,NV,0
L-05792,tiktok,Low Value,"$250,000 to $499,999",prospecting,Pacific,66,WA,0
L-05793,meta,Ideal,"$500,000 to $999,999",organic social,Central,84,TX,0
L-05794,bing,Low Value,"$5,000,000 to $9,999,999",brand,Eastern,81,FL,1
L-05795,tiktok,Low Value,Self-Serve Signup,prospecting,Pacific,53,OR,0
L-05796,google,Low Value,"$250,000 to $499,999",nonbrand,Eastern,40,,0
L-05797,tiktok,Low Value,Self-Serve Signup,organic social,Eastern,14,PA,0
L-05798,google,Ideal,"Less than $250,000",brand,Pacific,49,WA,1
L-05799,tiktok,Low Value,"$1,000,000 to $4,999,999",prospecting,Eastern,6,NC,0
L-05800,bing,Ideal,"Less than $250,000",cpc,Eastern,58,OH,1
L-05801,google,Ideal,"$500,000 to $999,999",nonbrand,Eastern,98,NC,1
L-05802,tiktok,Low Value,"$250,000 to $499,999",prospecting,Central,36,TN,0
L-05803,bing,Ideal,"$5,000,000 to $9,999,999",brand,Pacific,28,CA,0
L-05804,google,Unknown,"$250,000 to $499,999",brand,Eastern,75,NC,0
L-05805,google,Ideal,"$500,000 to $999,999",cpc,,39,,0
L-05806,google,Low Value,"$1,000,000 to $4,999,999",cpc,Eastern,61,NY,1
L-05807,meta,High Value,"$1,000,000 to $4,999,999",paid search,Mountain,30,CO,0
L-05808,google,Ideal,Self-Serve Signup,paid search,Central,,TX,0
L-05809,meta,Unknown,"$250,000 to $499,999",brand,Central,41,LA,0
L-05810,bing,Low Value,"Less than $250,000",brand,Central,62,TX,0
L-05811,meta,High Value,"$250,000 to $499,999",retargeting,Mountain,68,CO,0
L-05812,google,Ideal,"$500,000 to $999,999",brand,Central,39,TX,0
L-05813,tiktok,Ideal,"Less than $250,000",pmax,Pacific,0,CA,0
L-05814,meta,Ideal,Self-Serve Signup,brand,Mountain,26,MT,1
L-05815,meta,High Value,"Less than $250,000",retargeting,Eastern,16,NY,0
L-05816,bing,Ideal,"$1,000,000 to $4,999,999",ppc,Pacific,34,CA,0
L-05817,meta,Low Value,"$250,000 to $499,999",prospecting,Central,43,MO,0
L-05818,google,High Value,"$1,000,000 to $4,999,999",cpc,Central,94,IL,1
L-05819,google,Low Value,"$5,000,000 to $9,999,999",pmax,Pacific,88,CA,1
L-05820,meta,High Value,"$500,000 to $999,999",retargeting,Central,33,IL,1
L-05821,meta,Low Value,"$250,000 to $499,999",prospecting,,18,,0
L-05822,meta,Low Value,"Less than $250,000",organic social,Pacific,47,WA,1
L-05823,google,Low Value,"Less than $250,000",brand,Mountain,76,MT,0
L-05824,meta,Ideal,"Less than $250,000",prospecting,Central,30,IL,0
L-05825,meta,Ideal,"$250,000 to $499,999",pmax,Eastern,31,FL,0
L-05826,google,Ideal,"$500,000 to $999,999",brand,Pacific,68,OR,1
L-05827,meta,Low Value,"Less than $250,000",nonbrand,Eastern,27,MI,0
L-05828,meta,High Value,"$10,000,000 to $24,999,999",prospecting,Eastern,66,FL,0
L-05829,meta,Low Value,"Less than $250,000",prospecting,Eastern,85,FL,0
L-05830,bing,Low Value,"$500,000 to $999,999",paid search,Eastern,39,NJ,0
L-05831,google,High Value,"$1,000,000 to $4,999,999",brand,Eastern,100,NY,1
L-05832,google,Ideal,"$250,000 to $499,999",brand,Central,77,IL,0
L-05833,bing,High Value,"$250,000 to $499,999",cpc,Pacific,38,OR,0
L-05834,meta,Ideal,"Less than $250,000",prospecting,Eastern,40,GA,0
L-05835,google,High Value,"$500,000 to $999,999",cpc,Eastern,79,VA,0
L-05836,bing,High Value,"$1,000,000 to $4,999,999",brand,Central,88,MN,1
L-05837,meta,Low Value,"Less than $250,000",prospecting,Eastern,10,MA,0
L-05838,google,Unknown,Self-Serve Signup,prospecting,Central,72,MO,0
L-05839,meta,Low Value,"Less than $250,000",prospecting,Mountain,0,CO,0
L-05840,meta,Low Value,Self-Serve Signup,retargeting,Eastern,25,GA,1
L-05841,bing,Low Value,"Less than $250,000",brand,Pacific,30,OR,0
L-05842,meta,Unknown,"Less than $250,000",brand,Central,61,MN,0
L-05843,google,High Value,"$5,000,000 to $9,999,999",nonbrand,Pacific,43,WA,0
L-05844,google,Ideal,"Less than $250,000",brand,Eastern,20,FL,1
L-05845,meta,Low Value,"$250,000 to $499,999",prospecting,Pacific,59,WA,1
L-05846,bing,Ideal,"Less than $250,000",nonbrand,Central,7,TX,0
L-05847,meta,Low Value,"Less than $250,000",retargeting,Pacific,55,,0
L-05848,bing,High Value,"$500,000 to $999,999",cpc,Arizona,73,AZ,0
L-05849,google,Low Value,"$500,000 to $999,999",nonbrand,,12,,0
L-05850,meta,Low Value,"Less than $250,000",retargeting,Eastern,0,NY,0
L-05851,google,Unknown,"Less than $250,000",cpc,Eastern,38,NY,0
L-05852,meta,Unknown,"Less than $250,000",cpc,Central,42,TN,0
L-05853,google,High Value,"$10,000,000 to $24,999,999",nonbrand,Mountain,82,CO,1
L-05854,tiktok,Unknown,"$500,000 to $999,999",prospecting,Central,37,MO,0
L-05855,google,Unknown,Self-Serve Signup,brand,Central,78,TX,0
L-05856,google,Ideal,"Less than $250,000",paid search,Eastern,55,NC,1
L-05857,meta,Low Value,"Less than $250,000",retargeting,Central,6,TN,0
L-05858,google,Low Value,"$1,000,000 to $4,999,999",prospecting,Arizona,79,AZ,0
L-05859,google,Low Value,"Less than $250,000",brand,Central,50,LA,0
L-05860,bing,Ideal,"$5,000,000 to $9,999,999",brand,Eastern,63,FL,1
L-05861,google,Ideal,"$500,000 to $999,999",paid search,Central,44,IL,0
L-05862,tiktok,Ideal,"Less than $250,000",prospecting,Pacific,0,NV,1
L-05863,google,Ideal,"$1,000,000 to $4,999,999",brand,Eastern,,NY,1
L-05864,bing,High Value,"$1,000,000 to $4,999,999",,Pacific,80,WA,1
L-05865,google,Ideal,"$1,000,000 to $4,999,999",pmax,Arizona,,AZ,0
L-05866,google,High Value,"Less than $250,000",nonbrand,Arizona,96,AZ,1
L-05867,tiktok,Low Value,"Less than $250,000",organic social,Pacific,33,CA,0
L-05868,meta,Ideal,"Less than $250,000",nonbrand,Arizona,39,AZ,0
L-05869,meta,Ideal,"$10,000,000 to $24,999,999",organic social,Eastern,74,NY,0
L-05870,bing,Unknown,,cpc,Eastern,42,MA,0
L-05871,meta,Low Value,"$500,000 to $999,999",nonbrand,Central,20,TN,0
L-05872,tiktok,Low Value,"$250,000 to $499,999",prospecting,Mountain,76,CO,0
L-05873,bing,Ideal,"Less than $250,000",retargeting,Central,55,IL,0
L-05874,google,High Value,"$500,000 to $999,999",nonbrand,Eastern,100,FL,0
L-05875,google,Low Value,"Less than $250,000",ppc,Mountain,0,CO,0
L-05876,meta,Low Value,"$250,000 to $499,999",prospecting,Eastern,74,MI,0
L-05877,meta,Ideal,"$250,000 to $499,999",prospecting,Eastern,36,FL,0
L-05878,tiktok,Low Value,"Less than $250,000",brand,Eastern,31,FL,0
L-05879,google,Ideal,"$10,000,000 to $24,999,999",retargeting,Pacific,100,OR,1
L-05880,google,Ideal,"$1,000,000 to $4,999,999",nonbrand,Eastern,46,MA,0
L-05881,meta,Low Value,"Less than $250,000",prospecting,Central,11,TX,0
L-05882,meta,Low Value,"Less than $250,000",retargeting,Pacific,47,WA,0
L-05883,google,Low Value,"$500,000 to $999,999",nonbrand,Central,21,TN,0
L-05884,google,Low Value,,pmax,Pacific,0,CA,0
L-05885,google,Unknown,"$250,000 to $499,999",nonbrand,Eastern,82,FL,0
L-05886,tiktok,Unknown,"Less than $250,000",retargeting,Eastern,59,OH,0
L-05887,meta,Low Value,"Less than $250,000",prospecting,Central,12,TN,0
L-05888,tiktok,High Value,"Less than $250,000",cpc,Central,63,TX,1
L-05889,google,High Value,"$250,000 to $499,999",organic search,Pacific,99,OR,1
L-05890,google,High Value,"$10,000,000 to $24,999,999",brand,Central,100,TX,1
L-05891,meta,High Value,"$5,000,000 to $9,999,999",organic social,Pacific,75,NV,1
L-05892,meta,Low Value,Self-Serve Signup,prospecting,Eastern,18,GA,0
L-05893,bing,High Value,"$250,000 to $499,999",prospecting,Pacific,56,CA,0
L-05894,bing,Low Value,"Less than $250,000",ppc,,55,,0
L-05895,bing,Low Value,,brand,Pacific,73,CA,0
L-05896,meta,Low Value,"$250,000 to $499,999",brand,Pacific,79,CA,1
L-05897,tiktok,Ideal,"$250,000 to $499,999",retargeting,Hawaii,43,HI,0
L-05898,google,High Value,"Less than $250,000",organic search,Arizona,43,AZ,0
L-05899,meta,High Value,"Less than $250,000",organic search,Eastern,47,GA,0
L-05900,bing,Low Value,"Less than $250,000",nonbrand,Pacific,19,CA,0
L-05901,meta,Low Value,Self-Serve Signup,paid search,Mountain,19,UT,0
L-05902,google,Low Value,"$1,000,000 to $4,999,999",organic search,Eastern,3,VA,0
L-05903,google,Low Value,"$250,000 to $499,999",organic search,Eastern,25,NC,0
L-05904,meta,Low Value,"Less than $250,000",prospecting,Central,18,IL,0
L-05905,google,Unknown,"Less than $250,000",paid search,Pacific,,WA,0
L-05906,tiktok,Low Value,"Less than $250,000",cpc,Central,15,TX,0
L-05907,google,Low Value,"Less than $250,000",paid search,Mountain,77,MT,0
L-05908,meta,Low Value,,organic social,Central,19,TX,0
L-05909,tiktok,Low Value,"$1,000,000 to $4,999,999",prospecting,Eastern,83,NJ,0
L-05910,meta,Ideal,"Less than $250,000",retargeting,Pacific,41,CA,0
L-05911,google,Ideal,"$250,000 to $499,999",paid search,Pacific,41,CA,1
L-05912,meta,Low Value,"$1,000,000 to $4,999,999",prospecting,Eastern,27,MA,0
L-05913,tiktok,Ideal,"Less than $250,000",retargeting,,7,,0
L-05914,bing,Ideal,"Less than $250,000",organic search,Eastern,58,MI,1
L-05915,meta,Low Value,Self-Serve Signup,retargeting,Central,,IL,0
L-05916,meta,Low Value,"$5,000,000 to $9,999,999",prospecting,Eastern,27,NJ,0
L-05917,google,High Value,"$250,000 to $499,999",nonbrand,,47,,0
L-05918,google,Low Value,"Less than $250,000",brand,Eastern,47,FL,0
L-05919,google,Low Value,"$500,000 to $999,999",brand,Eastern,53,VA,1
L-05920,bing,High Value,"Less than $250,000",nonbrand,Central,,TX,0
L-05921,google,High Value,"Less than $250,000",cpc,Eastern,,FL,0
L-05922,google,Low Value,"Less than $250,000",prospecting_lead_generation,Central,10,MN,0
L-05923,meta,Low Value,"Less than $250,000",prospecting,Central,44,IL,0
L-05924,tiktok,Low Value,"Less than $250,000",organic social,Pacific,15,CA,0
L-05925,google,Low Value,"$250,000 to $499,999",brand,Pacific,21,CA,0
L-05926,bing,Unknown,"$250,000 to $499,999",brand,Pacific,87,,0
L-05927,google,Low Value,"$1,000,000 to $4,999,999",nonbrand,Pacific,52,CA,0
L-05928,meta,Low Value,"Less than $250,000",retargeting,Eastern,17,NY,0
L-05929,meta,Low Value,"$500,000 to $999,999",organic social,Arizona,16,AZ,0
L-05930,tiktok,Low Value,"$1,000,000 to $4,999,999",prospecting,Eastern,94,MA,1
L-05931,google,Low Value,"Less than $250,000",paid search,Eastern,25,MA,0
L-05932,bing,High Value,"$10,000,000 to $24,999,999",,Hawaii,65,HI,1
L-05933,meta,High Value,"$250,000 to $499,999",,Eastern,44,NY,0
L-05934,google,Ideal,"$1,000,000 to $4,999,999",brand,Eastern,100,FL,0
L-05935,google,Ideal,"$5,000,000 to $9,999,999",nonbrand,Eastern,,FL,0
L-05936,bing,Low Value,"$500,000 to $999,999",paid search,Eastern,90,OH,1
L-05937,tiktok,Ideal,"$250,000 to $499,999",organic social,Eastern,72,OH,0
L-05938,meta,Low Value,"$250,000 to $499,999",organic social,Eastern,18,PA,0
L-05939,google,High Value,"$250,000 to $499,999",paid search,,41,,0
L-05940,bing,Ideal,"$5,000,000 to $9,999,999",paid search,Central,15,WI,1
L-05941,bing,Low Value,"$250,000 to $499,999",nonbrand,Central,53,TX,1
L-05942,google,Low Value,"Less than $250,000",paid search,Eastern,,VA,1
L-05943,tiktok,Low Value,"$1,000,000 to $4,999,999",retargeting,Arizona,51,AZ,1
L-05944,meta,High Value,"$1,000,000 to $4,999,999",organic social,Eastern,70,FL,1
L-05945,meta,Low Value,"$250,000 to $499,999",retargeting,Eastern,12,PA,0
L-05946,tiktok,Ideal,"Less than $250,000",organic social,Eastern,47,NC,0
L-05947,meta,Ideal,"$5,000,000 to $9,999,999",retargeting,Notify Admin,100,UT,0
L-05948,meta,Low Value,"$1,000,000 to $4,999,999",retargeting,Central,0,TX,0
L-05949,google,Ideal,"$1,000,000 to $4,999,999",brand,Central,66,,0
L-05950,google,Ideal,"Less than $250,000",brand,Pacific,46,CA,1
L-05951,bing,High Value,"$500,000 to $999,999",nonbrand,Eastern,90,NJ,1
L-05952,meta,Low Value,"Less than $250,000",organic social,Eastern,86,NC,1
L-05953,meta,Low Value,"$1,000,000 to $4,999,999",retargeting,Pacific,63,CA,0
L-05954,google,Low Value,"$5,000,000 to $9,999,999",cpc,,39,,0
L-05955,meta,Low Value,"Less than $250,000",prospecting,Central,21,,0
L-05956,meta,Low Value,"Less than $250,000",retargeting,Pacific,0,WA,0
L-05957,google,Low Value,"$500,000 to $999,999",organic search,Central,84,MN,0
L-05958,google,Ideal,"$10,000,000 to $24,999,999",pmax,Central,42,MO,1
L-05959,meta,High Value,"$250,000 to $499,999",retargeting,Eastern,30,OH,1
L-05960,bing,High Value,"$1,000,000 to $4,999,999",brand,Pacific,,CA,1
L-05961,tiktok,Low Value,"Less than $250,000",nonbrand,Eastern,0,,0
L-05962,google,Low Value,"Less than $250,000",pmax,Eastern,57,NY,0
L-05963,google,Low Value,"Less than $250,000",paid search,Eastern,34,MA,0
L-05964,meta,Low Value,"Less than $250,000",ppc,Pacific,28,,0
L-05965,google,Low Value,"$1,000,000 to $4,999,999",nonbrand,Eastern,93,PA,1
L-05966,bing,Low Value,"$500,000 to $999,999",paid search,Eastern,88,PA,0
L-05967,meta,Low Value,"Less than $250,000",retargeting,Hawaii,25,HI,0
L-05968,meta,Low Value,"Less than $250,000",retargeting,Eastern,0,GA,0
L-05969,meta,Low Value,"Less than $250,000",organic social,Eastern,22,NJ,0
L-05970,meta,Low Value,"Less than $250,000",prospecting,Mountain,51,UT,1
L-05971,bing,High Value,"$500,000 to $999,999",brand,Eastern,100,NY,1
L-05972,google,Ideal,"$500,000 to $999,999",nonbrand,Central,100,TX,1
L-05973,meta,Low Value,Self-Serve Signup,prospecting,Eastern,39,VA,0
L-05974,meta,Low Value,"Less than $250,000",prospecting,Pacific,0,OR,0
L-05975,tiktok,Unknown,"Less than $250,000",prospecting,Mountain,27,UT,0
L-05976,google,High Value,"$5,000,000 to $9,999,999",organic search,Central,75,TX,1
L-05977,bing,Low Value,"Less than $250,000",nonbrand,Pacific,38,OR,0
L-05978,google,Ideal,"$10,000,000 to $24,999,999",prospecting,Pacific,73,WA,1
L-05979,bing,High Value,"Less than $250,000",ppc,Eastern,38,,0
L-05980,google,Low Value,"$250,000 to $499,999",paid search,Central,42,IL,1
L-05981,tiktok,Ideal,"Less than $250,000",pmax,,83,,0
L-05982,bing,Low Value,"$250,000 to $499,999",paid search,Eastern,45,FL,0
L-05983,google,Low Value,"Less than $250,000",retargeting,Central,57,IL,0
L-05984,meta,High Value,"$1,000,000 to $4,999,999",nonbrand,Eastern,,NY,0
L-05985,tiktok,Low Value,Self-Serve Signup,organic social,Eastern,23,OH,0
L-05986,google,High Value,"Less than $250,000",cpc,Eastern,96,PA,0
L-05987,google,High Value,,cpc,Pacific,48,WA,1
L-05988,tiktok,Low Value,"$500,000 to $999,999",organic social,Central,47,MO,0
L-05989,google,High Value,"$1,000,000 to $4,999,999",nonbrand,Arizona,83,AZ,1
L-05990,tiktok,Low Value,"Less than $250,000",cpc,Eastern,53,NC,1
L-05991,meta,Low Value,"Less than $250,000",prospecting,Central,59,IL,0
L-05992,meta,Low Value,"Less than $250,000",prospecting,Eastern,23,FL,0
L-05993,meta,High Value,"$250,000 to $499,999",retargeting,Eastern,37,PA,0
L-05994,google,Low Value,Self-Serve Signup,brand,Eastern,41,NY,0
L-05995,google,Low Value,"$500,000 to $999,999",paid search,Eastern,9,GA,0
L-05996,bing,High Value,"$500,000 to $999,999",prospecting,Pacific,45,NV,0
L-05997,google,Low Value,"Less than $250,000",nonbrand,Central,0,TX,0
L-05998,google,Ideal,"$500,000 to $999,999",,Eastern,59,MI,1
L-05999,bing,High Value,,brand,Eastern,83,FL,1
L-06000,meta,High Value,"$500,000 to $999,999",retargeting,Pacific,56,CA,0
L-06001,meta,Low Value,Self-Serve Signup,retargeting,Pacific,66,CA,0
L-06002,tiktok,Low Value,"Less than $250,000",retargeting,Central,23,MN,0
L-06003,google,Ideal,"Less than $250,000",paid search,Pacific,0,NV,0
L-06004,bing,High Value,"$250,000 to $499,999",ppc,Arizona,100,AZ,0
L-06005,meta,Low Value,"Less than $250,000",retargeting,Eastern,0,PA,0
L-06006,google,High Value,"$1,000,000 to $4,999,999",cpc,--,79,WA,0
L-06007,bing,Low Value,"$5,000,000 to $9,999,999",brand,Pacific,75,CA,1
L-06008,meta,Low Value,"$1,000,000 to $4,999,999",nonbrand,Eastern,36,NY,0
L-06009,google,Low Value,"$250,000 to $499,999",brand,Pacific,7,NV,0
L-06010,google,Ideal,"$500,000 to $999,999",nonbrand,Central,30,IL,0
L-06011,google,Ideal,"$1,000,000 to $4,999,999",cpc,Eastern,79,NY,1
L-06012,bing,Unknown,"Less than $250,000",pmax,Pacific,100,CA,1
L-06013,bing,Unknown,"$250,000 to $499,999",brand,Eastern,43,MI,0
L-06014,google,Ideal,"Less than $250,000",brand,Eastern,63,OH,0
L-06015,google,Low Value,"$250,000 to $499,999",nonbrand,Central,47,MO,0
L-06016,tiktok,Low Value,"Less than $250,000",prospecting,Pacific,41,CA,0
L-06017,google,Low Value,Self-Serve Signup,cpc,Eastern,29,MA,0
L-06018,meta,Low Value,"Less than $250,000",retargeting,Central,31,TX,0
L-06019,google,High Value,"$500,000 to $999,999",ppc,Eastern,77,VA,1
L-06020,meta,Low Value,"Less than $250,000",organic social,Eastern,34,PA,0
L-06021,meta,Low Value,"Less than $250,000",prospecting,Eastern,78,PA,0
L-06022,tiktok,Low Value,"Less than $250,000",nonbrand,Central,74,TX,0
L-06023,bing,Ideal,,paid search,Pacific,84,CA,0
L-06024,meta,Low Value,"$500,000 to $999,999",retargeting,Eastern,47,FL,0
L-06025,meta,Low Value,"Less than $250,000",prospecting,Hawaii,58,HI,0
L-06026,tiktok,Low Value,"$1,000,000 to $4,999,999",prospecting,Eastern,38,GA,0
L-06027,meta,Low Value,"Less than $250,000",retargeting,Central,70,TN,0
L-06028,bing,Low Value,"$1,000,000 to $4,999,999",nonbrand,Central,42,TX,0
L-06029,tiktok,Low Value,"Less than $250,000",brand,Eastern,51,NJ,0
L-06030,google,High Value,"$10,000,000 to $24,999,999",organic search,Eastern,63,MA,1
L-06031,google,Low Value,"Less than $250,000",prospecting,Eastern,51,MA,0
L-06032,meta,Low Value,"$250,000 to $499,999",organic social,Eastern,35,FL,0
L-06033,google,Unknown,"$1,000,000 to $4,999,999",ppc,Eastern,64,NY,1
L-06034,google,Low Value,"$5,000,000 to $9,999,999",ppc,Eastern,71,NC,0
L-06035,google,High Value,"$5,000,000 to $9,999,999",paid search,Eastern,94,OH,1
L-06036,meta,Low Value,"$250,000 to $499,999",nonbrand,Central,29,TN,0
L-06037,meta,Low Value,"Less than $250,000",retargeting,Eastern,35,NY,0
L-06038,meta,Unknown,"Less than $250,000",retargeting,Eastern,39,PA,0
L-06039,meta,High Value,"Less than $250,000",brand,Central,63,TX,1
L-06040,bing,Low Value,"Less than $250,000",nonbrand,Pacific,63,WA,0
L-06041,google,Ideal,"$250,000 to $499,999",prospecting_lead_generation,Pacific,70,WA,1
L-06042,bing,Unknown,"$500,000 to $999,999",organic search,Central,21,WI,0
L-06043,tiktok,Low Value,"Less than $250,000",retargeting,Alaska,25,AK,0
L-06044,bing,High Value,"$5,000,000 to $9,999,999",brand,Arizona,100,AZ,1
L-06045,google,Ideal,"$10,000,000 to $24,999,999",brand,Eastern,27,PA,0
L-06046,meta,Low Value,"Less than $250,000",prospecting,Eastern,25,NY,0
L-06047,meta,Low Value,"Less than $250,000",prospecting,Pacific,39,NV,0
L-06048,bing,Ideal,"Less than $250,000",paid search,Pacific,77,CA,0
L-06049,meta,Ideal,"$10,000,000 to $24,999,999",prospecting,Central,7,TN,1
L-06050,meta,Ideal,"$500,000 to $999,999",retargeting,Central,56,LA,0
L-06051,google,Low Value,Self-Serve Signup,paid search,Eastern,0,FL,0
L-06052,google,Low Value,"$500,000 to $999,999",organic search,Eastern,32,OH,0
L-06053,tiktok,Low Value,"Less than $250,000",nonbrand,Pacific,89,CA,1
L-06054,meta,Low Value,Self-Serve Signup,prospecting,Eastern,0,VA,0
L-06055,bing,High Value,"$1,000,000 to $4,999,999",prospecting,Arizona,94,AZ,0
L-06056,google,Low Value,"Less than $250,000",nonbrand,Eastern,38,FL,0
L-06057,google,High Value,"Less than $250,000",pmax,Central,45,TX,0
L-06058,google,Low Value,"$1,000,000 to $4,999,999",brand,Central,46,WI,1
L-06059,google,Ideal,"$500,000 to $999,999",organic search,Eastern,85,VA,1
L-06060,google,High Value,"$500,000 to $999,999",organic search,Pacific,59,CA,0
L-06061,bing,Ideal,"Less than $250,000",nonbrand,Pacific,82,WA,1
L-06062,meta,Ideal,"Less than $250,000",organic social,Central,17,MN,0
L-06063,bing,Ideal,"$500,000 to $999,999",brand,,97,,0
L-06064,meta,Unknown,"$250,000 to $499,999",organic social,Pacific,85,OR,1
L-06065,google,Unknown,"$500,000 to $999,999",cpc,Pacific,50,,0
L-06066,meta,Unknown,"$500,000 to $999,999",organic social,Pacific,97,CA,1
L-06067,tiktok,High Value,"$10,000,000 to $24,999,999",prospecting,Eastern,87,NY,0
L-06068,meta,Low Value,"Less than $250,000",organic social,Eastern,62,NY,0
L-06069,meta,Unknown,"Less than $250,000",cpc,Mountain,52,CO,0
L-06070,google,High Value,"$1,000,000 to $4,999,999",nonbrand,Hawaii,62,HI,0
L-06071,tiktok,Low Value,"Less than $250,000",retargeting,,,,1
L-06072,meta,High Value,"Less than $250,000",retargeting,Eastern,48,FL,0
L-06073,google,Low Value,"$500,000 to $999,999",brand,Pacific,62,CA,0
L-06074,meta,Ideal,,prospecting,Central,68,TX,1
L-06075,tiktok,Ideal,"Less than $250,000",organic social,Eastern,77,,0
L-06076,google,Low Value,"$250,000 to $499,999",brand,Eastern,84,FL,1
L-06077,tiktok,Ideal,"$250,000 to $499,999",prospecting,Central,31,TX,0
L-06078,google,Ideal,"$5,000,000 to $9,999,999",prospecting,Eastern,57,GA,0
L-06079,bing,High Value,"$500,000 to $999,999",prospecting,Hawaii,81,,0
L-06080,google,Ideal,"$250,000 to $499,999",nonbrand,Pacific,46,CA,0
L-06081,meta,High Value,"Less than $250,000",retargeting,Eastern,100,MI,0
L-06082,meta,Low Value,"$250,000 to $499,999",organic social,Pacific,43,WA,0
L-06083,google,Ideal,"$250,000 to $499,999",brand,Eastern,77,FL,1
L-06084,google,Low Value,"$250,000 to $499,999",cpc,Alaska,40,AK,0
L-06085,bing,Low Value,"$250,000 to $499,999",ppc,Eastern,10,FL,0
L-06086,tiktok,Low Value,"Less than $250,000",retargeting,Arizona,24,AZ,0
L-06087,meta,Ideal,"Less than $250,000",brand,Central,48,TX,0
L-06088,google,High Value,"$1,000,000 to $4,999,999",nonbrand,Arizona,52,AZ,0
L-06089,google,High Value,"$1,000,000 to $4,999,999",nonbrand,Mountain,65,CO,0
L-06090,tiktok,Low Value,"Less than $250,000",prospecting,Central,60,TX,0
L-06091,meta,Ideal,"Less than $250,000",retargeting,Pacific,76,CA,0
L-06092,google,High Value,"$1,000,000 to $4,999,999",prospecting,Pacific,,CA,0
L-06093,google,Low Value,"$1,000,000 to $4,999,999",nonbrand,Eastern,76,NY,0
L-06094,meta,Low Value,"$250,000 to $499,999",retargeting,Central,0,LA,1
L-06095,google,Low Value,"Less than $250,000",paid search,Central,57,TX,1
L-06096,meta,Low Value,"Less than $250,000",organic social,Pacific,27,WA,0
L-06097,meta,Ideal,"$500,000 to $999,999",prospecting,Central,46,MN,0
L-06098,bing,Low Value,"Less than $250,000",brand,Eastern,61,NY,0
L-06099,google,Ideal,"Less than $250,000",brand,Eastern,33,MA,0
L-06100,google,Low Value,"$10,000,000 to $24,999,999",cpc,Pacific,60,CA,1
L-06101,meta,Low Value,"Less than $250,000",prospecting,Pacific,,CA,0
L-06102,bing,Ideal,"$500,000 to $999,999",paid search,Pacific,98,WA,1
L-06103,google,Low Value,,brand,Eastern,83,,0
L-06104,google,High Value,"$1,000,000 to $4,999,999",nonbrand,Pacific,62,OR,0
L-06105,meta,Low Value,"Less than $250,000",organic social,,41,,0
L-06106,meta,Low Value,"Less than $250,000",organic social,Eastern,45,MI,0
L-06107,google,Low Value,"Less than $250,000",pmax,Mountain,0,UT,0
L-06108,tiktok,Low Value,"$250,000 to $499,999",,Central,19,TX,0
L-06109,google,Low Value,"Less than $250,000",brand,Eastern,35,VA,1
L-06110,google,Low Value,"$1,000,000 to $4,999,999",cpc,Pacific,55,CA,1
L-06111,google,High Value,"$10,000,000 to $24,999,999",organic search,Central,,TN,1
L-06112,google,Low Value,"Less than $250,000",ppc,Central,60,IL,0
L-06113,bing,Unknown,"$500,000 to $999,999",paid search,Arizona,40,AZ,0
L-06114,meta,Low Value,"Less than $250,000",retargeting,Eastern,4,NY,0
L-06115,tiktok,Low Value,"$5,000,000 to $9,999,999",organic social,Central,56,TX,0
L-06116,bing,Low Value,"$500,000 to $999,999",brand,Central,54,MN,0
L-06117,tiktok,Unknown,"$1,000,000 to $4,999,999",prospecting,Eastern,30,NJ,0
L-06118,bing,Unknown,"$500,000 to $999,999",nonbrand,Central,59,WI,0
L-06119,bing,Ideal,"$500,000 to $999,999",cpc,Eastern,86,VA,1
L-06120,google,Ideal,"Less than $250,000",nonbrand,Mountain,69,CO,0
L-06121,google,Ideal,"$250,000 to $499,999",cpc,Eastern,71,FL,0
L-06122,tiktok,Low Value,Self-Serve Signup,cpc,Eastern,26,NY,0
L-06123,google,High Value,"$5,000,000 to $9,999,999",paid search,Eastern,71,FL,0
L-06124,meta,High Value,"$1,000,000 to $4,999,999",retargeting,Pacific,100,NV,1
L-06125,bing,Low Value,"Less than $250,000",paid search,Eastern,20,PA,0
L-06126,google,High Value,"Less than $250,000",brand,Central,,TX,0
L-06127,google,Ideal,"$250,000 to $499,999",brand,Eastern,75,NC,0
L-06128,meta,Low Value,"$500,000 to $999,999",prospecting,Eastern,78,FL,0
L-06129,google,High Value,"$1,000,000 to $4,999,999",brand,Central,100,TN,1
L-06130,google,Ideal,"Less than $250,000",paid search,Eastern,0,NY,0
L-06131,google,Ideal,"Less than $250,000",brand,Eastern,81,NC,0
L-06132,google,Low Value,"Less than $250,000",nonbrand,Pacific,34,CA,1
L-06133,tiktok,Low Value,"Less than $250,000",prospecting,Mountain,27,CO,0
L-06134,meta,Low Value,"Less than $250,000",retargeting,Central,53,TX,1
L-06135,google,High Value,"Less than $250,000",,Mountain,81,CO,0
L-06136,meta,High Value,"$1,000,000 to $4,999,999",organic social,Pacific,76,CA,1
L-06137,google,Low Value,,organic search,Central,62,MN,1
L-06138,tiktok,Low Value,"$250,000 to $499,999",organic social,Eastern,53,NY,0
L-06139,google,Low Value,"$250,000 to $499,999",cpc,Eastern,67,FL,0
L-06140,meta,High Value,"$5,000,000 to $9,999,999",organic social,Central,100,MO,1
L-06141,tiktok,Ideal,"$1,000,000 to $4,999,999",prospecting,Central,69,TX,0
L-06142,meta,Low Value,,organic social,Central,29,TX,0
L-06143,meta,High Value,"Less than $250,000",prospecting,Arizona,49,AZ,0
L-06144,meta,Low Value,"$1,000,000 to $4,999,999",organic social,Eastern,49,MI,1
L-06145,meta,Low Value,Self-Serve Signup,prospecting,Pacific,95,CA,1
L-06146,google,Ideal,"$1,000,000 to $4,999,999",brand,Pacific,100,WA,1
L-06147,meta,Low Value,"$5,000,000 to $9,999,999",retargeting,Pacific,55,OR,1
L-06148,google,Ideal,"$1,000,000 to $4,999,999",prospecting,Eastern,65,PA,0
L-06149,tiktok,Ideal,"$250,000 to $499,999",,Arizona,33,AZ,0
L-06150,meta,Low Value,"$250,000 to $499,999",prospecting,Central,55,IL,1
L-06151,bing,Low Value,Self-Serve Signup,cpc,Central,53,IL,0
L-06152,meta,Low Value,"$500,000 to $999,999",retargeting,Mountain,23,CO,0
L-06153,google,Ideal,Self-Serve Signup,paid search,Eastern,53,PA,0
L-06154,meta,Ideal,"Less than $250,000",prospecting,Central,14,TN,0
L-06155,google,High Value,"$500,000 to $999,999",brand,Pacific,31,CA,0
L-06156,google,Low Value,"Less than $250,000",nonbrand,Eastern,61,OH,0
L-06157,google,Ideal,"$5,000,000 to $9,999,999",pmax,Arizona,87,AZ,1
L-06158,tiktok,Low Value,"Less than $250,000",prospecting,,14,,0
L-06159,bing,High Value,"Less than $250,000",organic search,Central,85,TX,0
L-06160,bing,Ideal,"$250,000 to $499,999",brand,Pacific,63,CA,0
L-06161,google,Ideal,"Less than $250,000",brand,Central,75,IL,0
L-06162,meta,Unknown,"Less than $250,000",prospecting,Central,97,TX,1
L-06163,bing,Ideal,"Less than $250,000",paid search,Eastern,28,NJ,0
L-06164,bing,Low Value,Self-Serve Signup,cpc,Eastern,33,PA,0
L-06165,meta,Ideal,"Less than $250,000",retargeting,Pacific,35,CA,0
L-06166,google,Ideal,"$5,000,000 to $9,999,999",nonbrand,Eastern,,GA,0
L-06167,meta,Low Value,"Less than $250,000",prospecting,Central,20,IL,0
L-06168,meta,Low Value,"Less than $250,000",prospecting,Eastern,0,,0
L-06169,meta,Low Value,"$500,000 to $999,999",prospecting,Eastern,45,MI,0
L-06170,google,Low Value,"Less than $250,000",brand,Eastern,49,NJ,0
L-06171,tiktok,Low Value,"$250,000 to $499,999",organic social,Eastern,0,MA,0
L-06172,bing,High Value,"$500,000 to $999,999",ppc,Alaska,97,AK,1
L-06173,google,Ideal,"Less than $250,000",nonbrand,Eastern,60,NY,0
L-06174,tiktok,Low Value,"Less than $250,000",prospecting,Eastern,6,VA,0
L-06175,google,Low Value,"$250,000 to $499,999",ppc,Eastern,38,NY,0
L-06176,google,Ideal,"$250,000 to $499,999",brand,Eastern,0,MI,0
L-06177,meta,Low Value,"Less than $250,000",organic social,Mountain,35,UT,0
L-06178,tiktok,Ideal,"Less than $250,000",retargeting,,48,,0
L-06179,tiktok,Ideal,"Less than $250,000",brand,,,,0
L-06180,google,Ideal,"$5,000,000 to $9,999,999",nonbrand,Central,41,IL,0
L-06181,google,Ideal,"$5,000,000 to $9,999,999",paid search,Eastern,97,OH,0
L-06182,meta,Ideal,"$5,000,000 to $9,999,999",organic social,Pacific,0,CA,0
L-06183,google,High Value,"$1,000,000 to $4,999,999",nonbrand,Eastern,61,FL,0
L-06184,bing,High Value,,nonbrand,Mountain,47,UT,0
L-06185,bing,High Value,"$10,000,000 to $24,999,999",ppc,,60,,0
L-06186,google,Low Value,"$5,000,000 to $9,999,999",nonbrand,Eastern,41,PA,0
L-06187,meta,Low Value,,nonbrand,Eastern,30,NY,0
L-06188,tiktok,Low Value,"$500,000 to $999,999",retargeting,Eastern,54,NC,0
L-06189,meta,Low Value,"Less than $250,000",prospecting,Central,50,TX,0
L-06190,meta,High Value,"$250,000 to $499,999",paid search,Eastern,63,NJ,1
L-06191,google,High Value,"$250,000 to $499,999",ppc,Central,100,TX,0
L-06192,tiktok,High Value,"Less than $250,000",prospecting,Eastern,54,NY,0
L-06193,google,Low Value,,paid search,Eastern,66,NC,0
L-06194,google,High Value,"Less than $250,000",prospecting,Eastern,29,NJ,0
L-06195,meta,Low Value,"$500,000 to $999,999",retargeting_lead_generation,Mountain,67,CO,1
L-06196,google,Low Value,"$250,000 to $499,999",pmax,Pacific,24,CA,0
L-06197,google,Unknown,"Less than $250,000",pmax,Eastern,12,MA,0
L-06198,bing,Ideal,"$1,000,000 to $4,999,999",paid search,Pacific,29,CA,1
L-06199,google,High Value,"Less than $250,000",paid search,Eastern,93,OH,1
L-06200,google,Ideal,"$5,000,000 to $9,999,999",brand,Eastern,48,NY,0
L-06201,meta,Low Value,"$250,000 to $499,999",nonbrand,Central,28,TN,0
L-06202,meta,Low Value,"Less than $250,000",organic social,Central,54,LA,0
L-06203,bing,High Value,"Less than $250,000",brand,Eastern,76,FL,0
L-06204,tiktok,Low Value,"$5,000,000 to $9,999,999",ppc,Mountain,9,UT,0
L-06205,google,Unknown,"$5,000,000 to $9,999,999",paid search,Eastern,45,NC,1
L-06206,meta,Low Value,"$250,000 to $499,999",cpc,Eastern,47,NC,0
L-06207,google,High Value,"$250,000 to $499,999",prospecting,Eastern,65,GA,0
L-06208,meta,Low Value,"Less than $250,000",brand,Eastern,17,NY,0
L-06209,meta,Low Value,,pmax,Central,38,IL,0
L-06210,google,Low Value,"Less than $250,000",prospecting,Eastern,17,,0
L-06211,google,Low Value,"$5,000,000 to $9,999,999",brand,Eastern,76,FL,1
L-06212,google,Ideal,"$250,000 to $499,999",nonbrand,Pacific,95,CA,0
L-06213,google,High Value,"$10,000,000 to $24,999,999",brand,Eastern,73,VA,1
L-06214,meta,Ideal,"Less than $250,000",prospecting,Eastern,24,MA,0
L-06215,meta,Low Value,"Less than $250,000",brand,Central,3,TX,0
L-06216,meta,Low Value,"$500,000 to $999,999",organic social,Eastern,100,NC,0
L-06217,google,High Value,"$5,000,000 to $9,999,999",nonbrand,Eastern,100,GA,0
L-06218,google,Low Value,"$500,000 to $999,999",brand,Central,73,MO,0
L-06219,google,Ideal,"$1,000,000 to $4,999,999",nonbrand,Eastern,34,NC,0
L-06220,meta,Low Value,"$500,000 to $999,999",organic social,Eastern,6,PA,0
L-06221,tiktok,Low Value,"$250,000 to $499,999",prospecting,Mountain,9,UT,0
L-06222,google,Ideal,"$250,000 to $499,999",ppc,Central,53,WI,0
L-06223,meta,High Value,"$500,000 to $999,999",,Pacific,14,CA,0
L-06224,google,Ideal,"$1,000,000 to $4,999,999",paid search,Eastern,88,NY,1
L-06225,tiktok,Low Value,"Less than $250,000",,Eastern,42,NY,0
L-06226,google,Unknown,"Less than $250,000",brand,Eastern,11,MI,0
L-06227,google,Low Value,"$250,000 to $499,999",nonbrand,Eastern,33,NY,0
L-06228,google,High Value,"$500,000 to $999,999",paid search,Eastern,80,GA,0
L-06229,tiktok,Ideal,"$1,000,000 to $4,999,999",brand,Pacific,50,CA,0
L-06230,bing,Ideal,"Less than $250,000",cpc,Central,29,IL,0
L-06231,meta,Ideal,"$250,000 to $499,999",,Eastern,55,VA,0
L-06232,bing,Unknown,"$1,000,000 to $4,999,999",retargeting,Pacific,94,CA,1
L-06233,meta,Low Value,"$1,000,000 to $4,999,999",organic social,Eastern,72,NJ,0
L-06234,google,Low Value,"Less than $250,000",paid search,Alaska,43,AK,1
L-06235,tiktok,Low Value,"Less than $250,000",organic social,Pacific,29,WA,0
L-06236,tiktok,Ideal,"$250,000 to $499,999",prospecting,Eastern,74,PA,0
L-06237,bing,High Value,"$10,000,000 to $24,999,999",paid search,Eastern,100,OH,1
L-06238,google,Ideal,"$1,000,000 to $4,999,999",ppc,Alaska,79,AK,1
L-06239,google,High Value,"Less than $250,000",nonbrand,Eastern,34,NC,1
L-06240,tiktok,Low Value,"Less than $250,000",prospecting,Eastern,0,NY,0
L-06241,google,Unknown,"$250,000 to $499,999",paid search,Eastern,88,NY,1
L-06242,bing,Ideal,"Less than $250,000",brand,Mountain,52,UT,0
L-06243,tiktok,Low Value,"$250,000 to $499,999",prospecting,Notify Admin,0,OR,0
L-06244,meta,Low Value,"Less than $250,000",brand,Central,18,MO,0
L-06245,tiktok,Low Value,"Less than $250,000",,Eastern,70,OH,0
L-06246,meta,Low Value,"Less than $250,000",organic search,Eastern,11,PA,0
L-06247,google,Low Value,"Less than $250,000",paid search,Central,14,TX,0
L-06248,google,Ideal,"$1,000,000 to $4,999,999",cpc,,62,,0
L-06249,google,Low Value,"$5,000,000 to $9,999,999",retargeting,Mountain,42,CO,0
L-06250,google,Ideal,"$10,000,000 to $24,999,999",cpc,Pacific,59,,0
L-06251,google,High Value,"$1,000,000 to $4,999,999",brand,Eastern,100,GA,1
L-06252,google,Low Value,"$1,000,000 to $4,999,999",paid search,Pacific,59,CA,0
L-06253,tiktok,Low Value,"$250,000 to $499,999",organic social,Central,19,TX,0
L-06254,meta,Low Value,"$500,000 to $999,999",nonbrand,Central,72,TX,0
L-06255,bing,Ideal,"$5,000,000 to $9,999,999",nonbrand,Eastern,88,NC,0
L-06256,google,Low Value,"Less than $250,000",pmax,Pacific,43,CA,0
L-06257,bing,Ideal,"Less than $250,000",nonbrand,Eastern,10,NC,0
L-06258,meta,Ideal,"$1,000,000 to $4,999,999",ppc,Central,91,IL,1
L-06259,meta,Low Value,"Less than $250,000",organic social,Eastern,24,PA,1
L-06260,bing,Low Value,"Less than $250,000",paid search,Central,26,WI,1
L-06261,google,Ideal,,ppc,Pacific,62,WA,1
L-06262,meta,High Value,"Less than $250,000",,Pacific,74,OR,0
L-06263,google,Ideal,"$10,000,000 to $24,999,999",,Mountain,39,CO,0
L-06264,tiktok,Low Value,"$500,000 to $999,999",prospecting,Eastern,68,MI,0
L-06265,tiktok,Low Value,"Less than $250,000",prospecting,Central,8,IL,0
L-06266,meta,Low Value,Self-Serve Signup,brand,Central,23,IL,0
L-06267,bing,High Value,"$250,000 to $499,999",nonbrand,Eastern,57,FL,0
L-06268,tiktok,Unknown,"Less than $250,000",prospecting,Central,44,IL,0
L-06269,tiktok,High Value,"Less than $250,000",organic social,Pacific,48,CA,0
L-06270,google,Low Value,"Less than $250,000",ppc,Pacific,29,NV,0
L-06271,google,Low Value,"$500,000 to $999,999",,Eastern,77,OH,0
L-06272,meta,Low Value,"Less than $250,000",prospecting,Central,41,MN,0
L-06273,meta,Ideal,"$500,000 to $999,999",prospecting,Eastern,37,OH,0
L-06274,google,Low Value,"$10,000,000 to $24,999,999",brand,Central,62,TX,1
L-06275,meta,Low Value,"Less than $250,000",prospecting,Mountain,23,MT,0
L-06276,tiktok,Low Value,"$250,000 to $499,999",organic social,Mountain,49,CO,0
L-06277,meta,Low Value,"Less than $250,000",organic search,Pacific,,CA,0
L-06278,bing,Low Value,"Less than $250,000",brand,Eastern,8,NY,0
L-06279,google,High Value,"$1,000,000 to $4,999,999",nonbrand,Eastern,67,NY,1
L-06280,meta,Low Value,"$250,000 to $499,999",prospecting,Arizona,,AZ,0
L-06281,google,Low Value,"Less than $250,000",pmax,Central,52,IL,1
L-06282,meta,Low Value,"Less than $250,000",prospecting,Pacific,31,CA,0
L-06283,meta,Low Value,"Less than $250,000",retargeting,Central,32,TX,0
L-06284,google,Low Value,"$1,000,000 to $4,999,999",brand,Eastern,73,NY,1
L-06285,google,Ideal,"Less than $250,000",cpc,Central,42,TX,0
L-06286,google,Low Value,"Less than $250,000",brand,Pacific,43,WA,0
L-06287,meta,Low Value,"$1,000,000 to $4,999,999",retargeting,Eastern,51,PA,0
L-06288,google,High Value,"Less than $250,000",brand,Eastern,100,VA,0
L-06289,google,Ideal,"$250,000 to $499,999",prospecting,Eastern,82,FL,0
L-06290,bing,Low Value,Self-Serve Signup,cpc,Mountain,53,CO,0
L-06291,meta,Low Value,"Less than $250,000",prospecting,Mountain,0,MT,0
L-06292,meta,Ideal,"Less than $250,000",brand,Pacific,51,CA,0
L-06293,google,Low Value,"$250,000 to $499,999",pmax,Central,38,MN,0
L-06294,meta,Low Value,"$250,000 to $499,999",prospecting,Eastern,71,NY,0
L-06295,meta,High Value,"$10,000,000 to $24,999,999",organic social,Central,69,TX,0
L-06296,bing,Low Value,"$500,000 to $999,999",nonbrand,Pacific,3,CA,0
L-06297,google,High Value,"$5,000,000 to $9,999,999",nonbrand,Central,38,TX,0
L-06298,google,High Value,"$5,000,000 to $9,999,999",nonbrand,Pacific,97,CA,1
L-06299,google,Low Value,"Less than $250,000",nonbrand,Eastern,63,FL,0
L-06300,bing,Low Value,"Less than $250,000",paid search,Mountain,31,CO,1
L-06301,google,Ideal,,brand,Eastern,39,MA,0
L-06302,meta,Low Value,"$250,000 to $499,999",retargeting,Eastern,0,MA,0
L-06303,meta,Low Value,"Less than $250,000",organic search,Arizona,39,AZ,0
L-06304,meta,Ideal,"Less than $250,000",,Eastern,50,MA,0
L-06305,google,Low Value,"Less than $250,000",cpc,,74,,1
L-06306,meta,Unknown,"$250,000 to $499,999",prospecting,Pacific,46,OR,0
L-06307,bing,Low Value,"Less than $250,000",brand,Eastern,53,MA,1
L-06308,meta,Low Value,"$500,000 to $999,999",prospecting,Pacific,82,OR,1
L-06309,google,Ideal,"$250,000 to $499,999",cpc,--,69,NC,0
L-06310,tiktok,High Value,"Less than $250,000",prospecting,Central,52,IL,0
L-06311,tiktok,Unknown,"$1,000,000 to $4,999,999",nonbrand,Central,70,IL,1
L-06312,meta,Low Value,"Less than $250,000",organic social,Eastern,55,GA,0
L-06313,google,Low Value,"Less than $250,000",brand,,78,,1
L-06314,meta,Ideal,"$500,000 to $999,999",prospecting,Mountain,81,CO,0
L-06315,meta,Low Value,"Less than $250,000",cpc,Central,53,TX,0
L-06316,google,Ideal,"$250,000 to $499,999",nonbrand,Eastern,45,NJ,0
L-06317,google,Unknown,"Less than $250,000",brand,Pacific,42,CA,0
L-06318,meta,Ideal,"$500,000 to $999,999",paid search,Eastern,40,NY,0
L-06319,google,Low Value,"$250,000 to $499,999",brand,Pacific,36,CA,0
L-06320,google,Low Value,"$500,000 to $999,999",nonbrand,Eastern,46,NY,0
L-06321,meta,Low Value,"$500,000 to $999,999",brand,Eastern,36,NJ,1
L-06322,google,Ideal,"Less than $250,000",brand,Central,16,MN,0
L-06323,meta,Ideal,"$1,000,000 to $4,999,999",ppc,Central,88,IL,1
L-06324,google,Ideal,"$250,000 to $499,999",paid search,Central,71,TN,0
L-06325,google,Ideal,"$250,000 to $499,999",brand,Eastern,96,NC,1
L-06326,meta,Low Value,,prospecting,Eastern,31,NJ,0
L-06327,google,Ideal,"Less than $250,000",cpc,Pacific,70,CA,0
L-06328,google,Ideal,"$500,000 to $999,999",paid search,Central,74,MN,0
L-06329,meta,Low Value,"Less than $250,000",prospecting,Central,61,TX,0
L-06330,google,Low Value,"$500,000 to $999,999",nonbrand,Eastern,2,NJ,0
L-06331,google,Low Value,"Less than $250,000",pmax,Pacific,37,CA,0
L-06332,meta,Low Value,"Less than $250,000",retargeting,Pacific,38,NV,0
L-06333,google,Unknown,"$500,000 to $999,999",brand,Eastern,72,FL,0
L-06334,meta,Ideal,"$500,000 to $999,999",organic social,Eastern,45,OH,0
L-06335,google,Ideal,"$250,000 to $499,999",brand,Arizona,86,AZ,0
L-06336,tiktok,Low Value,"$500,000 to $999,999",prospecting,Pacific,85,WA,0
L-06337,google,High Value,"$10,000,000 to $24,999,999",pmax,Central,85,IL,1
L-06338,google,High Value,"Less than $250,000",nonbrand,Eastern,100,GA,1
L-06339,meta,Low Value,Self-Serve Signup,organic social,Central,0,WI,0
L-06340,google,High Value,"$500,000 to $999,999",paid search,Central,51,TX,1
L-06341,meta,Low Value,"Less than $250,000",prospecting,Pacific,84,CA,0
L-06342,google,Ideal,"$500,000 to $999,999",brand,Mountain,100,UT,1
L-06343,meta,Low Value,"$500,000 to $999,999",prospecting,Eastern,45,NY,0
L-06344,meta,Ideal,"$250,000 to $499,999",,Pacific,69,OR,0
L-06345,bing,High Value,"$1,000,000 to $4,999,999",brand,Pacific,63,WA,0
L-06346,meta,Ideal,"Less than $250,000",brand,Pacific,40,OR,0
L-06347,google,Unknown,,prospecting,Eastern,14,NY,0
L-06348,tiktok,Low Value,"$250,000 to $499,999",retargeting,Pacific,60,WA,0
L-06349,tiktok,Unknown,"$250,000 to $499,999",organic social,Central,96,MO,0
L-06350,meta,Ideal,"Less than $250,000",brand,Alaska,,AK,0
L-06351,bing,Ideal,"$5,000,000 to $9,999,999",expired or invalid attributer license,Alaska,92,AK,0
L-06352,tiktok,Low Value,"$250,000 to $499,999",prospecting,Pacific,73,CA,0
L-06353,google,High Value,"$250,000 to $499,999",cpc,Central,61,IL,1
L-06354,google,High Value,"$5,000,000 to $9,999,999",nonbrand,Eastern,81,NJ,0
L-06355,meta,Low Value,"Less than $250,000",prospecting,Eastern,57,NY,1
L-06356,bing,Ideal,"Less than $250,000",paid search,Pacific,57,CA,0
L-06357,meta,Ideal,"$500,000 to $999,999",retargeting,Eastern,53,PA,0
L-06358,meta,Low Value,"$500,000 to $999,999",prospecting,Eastern,73,MA,0
L-06359,bing,Low Value,"Less than $250,000",brand,Eastern,9,NJ,0
L-06360,tiktok,Low Value,"$250,000 to $499,999",retargeting,Eastern,48,OH,0
L-06361,google,Low Value,"$250,000 to $499,999",nonbrand,Central,39,MN,0
L-06362,google,Ideal,"Less than $250,000",nonbrand,Pacific,29,NV,0
L-06363,meta,Low Value,Self-Serve Signup,retargeting,Eastern,0,MI,0
L-06364,tiktok,High Value,"$500,000 to $999,999",retargeting,Eastern,41,MI,0
L-06365,meta,Low Value,"Less than $250,000",organic social,Eastern,20,VA,0
L-06366,google,High Value,"Less than $250,000",organic search,Eastern,70,NY,0
L-06367,meta,Low Value,"Less than $250,000",retargeting,Arizona,37,AZ,0
L-06368,google,Ideal,"Less than $250,000",brand,Eastern,,MA,0
L-06369,meta,Ideal,"$5,000,000 to $9,999,999",organic social,Central,37,IL,0
L-06370,google,Ideal,"$1,000,000 to $4,999,999",brand,Central,58,TX,1
L-06371,bing,Unknown,"Less than $250,000",paid search,Eastern,48,MA,0
L-06372,tiktok,Ideal,"Less than $250,000",organic social,Central,100,IL,0
L-06373,meta,High Value,"$250,000 to $499,999",organic social,Central,59,IL,0
L-06374,meta,Ideal,"Less than $250,000",prospecting,Eastern,18,VA,0
L-06375,tiktok,Low Value,"Less than $250,000",organic social,Central,86,TX,0
L-06376,meta,Low Value,"Less than $250,000",prospecting,Central,28,IL,0
L-06377,google,Low Value,"$250,000 to $499,999",brand,Central,26,,0
L-06378,tiktok,Unknown,"$250,000 to $499,999",brand,Eastern,48,PA,1
L-06379,meta,High Value,"$5,000,000 to $9,999,999",prospecting,Pacific,69,CA,0
L-06380,meta,Ideal,"$5,000,000 to $9,999,999",retargeting,Eastern,92,VA,1
L-06381,google,Low Value,"$1,000,000 to $4,999,999",brand,,58,,0
L-06382,tiktok,Low Value,"$1,000,000 to $4,999,999",brand,Eastern,55,FL,0
L-06383,meta,Low Value,"Less than $250,000",prospecting,,0,,0
L-06384,google,Low Value,"$500,000 to $999,999",paid search,Eastern,92,NY,0
L-06385,meta,Low Value,"Less than $250,000",prospecting,Eastern,28,NJ,0
L-06386,google,Low Value,"$500,000 to $999,999",prospecting,Central,50,WI,1
L-06387,meta,Unknown,"$500,000 to $999,999",retargeting,Pacific,59,CA,0
L-06388,meta,Low Value,"$5,000,000 to $9,999,999",prospecting,Eastern,82,OH,1
L-06389,google,High Value,"$1,000,000 to $4,999,999",cpc,,56,,0
L-06390,tiktok,Low Value,"$250,000 to $499,999",retargeting,Eastern,84,NY,0
L-06391,meta,Ideal,"Less than $250,000",,Pacific,0,CA,0
L-06392,google,Unknown,"$10,000,000 to $24,999,999",nonbrand,Eastern,69,NJ,0
L-06393,meta,Low Value,"$500,000 to $999,999",prospecting,Eastern,23,NC,0
L-06394,meta,High Value,"Less than $250,000",prospecting,Central,100,TN,1
L-06395,meta,Low Value,"Less than $250,000",nonbrand,Eastern,41,NY,0
L-06396,meta,Low Value,"Less than $250,000",brand,Eastern,30,,0
L-06397,tiktok,Low Value,,brand,Eastern,0,GA,0
L-06398,google,Unknown,"$500,000 to $999,999",brand,Pacific,88,CA,1
L-06399,meta,Low Value,"$250,000 to $499,999",organic social,Eastern,35,MA,0
L-06400,meta,Low Value,"Less than $250,000",organic social,Pacific,42,,0
L-06401,google,High Value,"Less than $250,000",pmax,,85,,0
L-06402,tiktok,Low Value,"Less than $250,000",organic social,Central,,TX,0
L-06403,bing,Low Value,"$250,000 to $499,999",brand,--,44,NY,0
L-06404,bing,Low Value,"$500,000 to $999,999",retargeting,Eastern,,VA,0
L-06405,tiktok,Low Value,"$250,000 to $499,999",prospecting,Eastern,12,FL,0
L-06406,google,High Value,"$250,000 to $499,999",cpc,Central,86,IL,0
L-06407,meta,High Value,"Less than $250,000",prospecting,Central,81,IL,0
L-06408,meta,Ideal,"$250,000 to $499,999",organic social,Pacific,82,CA,0
L-06409,google,High Value,"$5,000,000 to $9,999,999",brand,Central,100,WI,1
L-06410,google,High Value,"$1,000,000 to $4,999,999",prospecting,Alaska,72,AK,0
L-06411,meta,Low Value,"$500,000 to $999,999",prospecting,Pacific,56,CA,0
L-06412,bing,Low Value,"$250,000 to $499,999",paid search,Pacific,56,WA,0
L-06413,bing,Low Value,"Less than $250,000",cpc,Pacific,,CA,0
L-06414,tiktok,Ideal,"Less than $250,000",organic social,Pacific,40,CA,0
L-06415,tiktok,Unknown,"$250,000 to $499,999",organic social,Eastern,93,NY,0
L-06416,meta,Ideal,"Less than $250,000",brand,Eastern,96,FL,0
L-06417,meta,Low Value,"$1,000,000 to $4,999,999",organic social,Eastern,43,NY,1
L-06418,google,Low Value,"Less than $250,000",nonbrand,Eastern,54,FL,0
L-06419,meta,Unknown,"$250,000 to $499,999",cpc,Eastern,,GA,0
L-06420,google,High Value,"Less than $250,000",paid search,,33,,0
L-06421,google,High Value,"$5,000,000 to $9,999,999",pmax,Arizona,58,AZ,0
L-06422,bing,Ideal,"$5,000,000 to $9,999,999",retargeting,Pacific,62,CA,0
L-06423,meta,Low Value,"$5,000,000 to $9,999,999",brand,Pacific,,WA,0
L-06424,google,Low Value,"Less than $250,000",brand,Eastern,48,PA,0
L-06425,tiktok,Low Value,"$250,000 to $499,999",prospecting,Eastern,69,MA,0
L-06426,google,Unknown,"$500,000 to $999,999",nonbrand,Pacific,73,WA,0
L-06427,google,Low Value,"Less than $250,000",brand,Pacific,55,CA,1
L-06428,meta,Low Value,"$250,000 to $499,999",prospecting,Central,80,MN,1
L-06429,google,Low Value,"$500,000 to $999,999",organic search,Eastern,48,NY,0
L-06430,meta,Low Value,"Less than $250,000",,Pacific,49,CA,0
L-06431,google,Low Value,"$250,000 to $499,999",nonbrand,Eastern,46,MI,0
L-06432,bing,High Value,"$250,000 to $499,999",brand,Arizona,100,AZ,0
L-06433,tiktok,Low Value,"$1,000,000 to $4,999,999",prospecting,Central,18,TX,1
L-06434,meta,Unknown,"Less than $250,000",prospecting,Eastern,77,FL,0
L-06435,google,Unknown,"Less than $250,000",brand,Central,23,IL,0
L-06436,google,Low Value,"$500,000 to $999,999",pmax,Central,47,IL,0
L-06437,meta,Low Value,"Less than $250,000",retargeting,Central,52,MN,0
L-06438,tiktok,Unknown,"$500,000 to $999,999",prospecting,Central,81,WI,0
L-06439,meta,High Value,"$1,000,000 to $4,999,999",retargeting,Mountain,35,MT,0
L-06440,google,Ideal,"Less than $250,000",prospecting,Central,100,IL,1
L-06441,google,Unknown,"$500,000 to $999,999",cpc,Eastern,46,NY,0
L-06442,meta,Low Value,"Less than $250,000",prospecting,Central,60,MN,0
L-06443,bing,Low Value,"$250,000 to $499,999",paid search,Central,58,TX,1
L-06444,meta,Low Value,"Less than $250,000",nonbrand,Pacific,52,WA,1
L-06445,tiktok,High Value,"Less than $250,000",paid search,Central,24,TX,0
L-06446,google,Low Value,"Less than $250,000",prospecting,Eastern,65,PA,0
L-06447,google,Low Value,"$250,000 to $499,999",nonbrand,Eastern,27,NY,0
L-06448,meta,Low Value,"$250,000 to $499,999",prospecting,,5,,0
L-06449,meta,Unknown,"Less than $250,000",nonbrand,Central,60,TN,1
L-06450,meta,Low Value,"$500,000 to $999,999",brand,Central,80,TX,0
L-06451,bing,Ideal,"$250,000 to $499,999",brand,Pacific,46,CA,0
L-06452,bing,Ideal,"$1,000,000 to $4,999,999",brand,Central,27,MN,1
L-06453,meta,Ideal,"$5,000,000 to $9,999,999",organic social,Eastern,71,FL,0
L-06454,google,Low Value,"$250,000 to $499,999",pmax,Eastern,75,OH,1
L-06455,meta,Low Value,"Less than $250,000",prospecting,Central,0,IL,0
L-06456,tiktok,Low Value,"Less than $250,000",prospecting,Pacific,81,CA,1
L-06457,google,Low Value,"Less than $250,000",nonbrand,Central,74,,0
L-06458,tiktok,Low Value,"$1,000,000 to $4,999,999",organic social,Mountain,66,UT,0
L-06459,google,Ideal,"$1,000,000 to $4,999,999",brand,Eastern,81,FL,1
L-06460,google,High Value,"$5,000,000 to $9,999,999",nonbrand,Pacific,100,WA,1
L-06461,google,High Value,"Less than $250,000",ppc,Eastern,30,NY,0
L-06462,google,High Value,"$10,000,000 to $24,999,999",prospecting,Central,100,TX,0
L-06463,google,High Value,"$250,000 to $499,999",brand,Eastern,34,NY,0
L-06464,meta,Low Value,"Less than $250,000",nonbrand,Central,7,WI,0
L-06465,google,Low Value,"$1,000,000 to $4,999,999",paid search,Central,50,TX,0
L-06466,meta,Low Value,"$250,000 to $499,999",organic social,Eastern,4,FL,0
L-06467,google,Low Value,"Less than $250,000",brand,Central,53,IL,1
L-06468,bing,High Value,"$5,000,000 to $9,999,999",ppc,Central,76,,0
L-06469,google,Ideal,"$5,000,000 to $9,999,999",nonbrand,Central,45,IL,0
L-06470,google,Low Value,"$250,000 to $499,999",paid search,Pacific,50,CA,0
L-06471,google,High Value,"$250,000 to $499,999",brand,Pacific,28,OR,0
L-06472,tiktok,Low Value,Self-Serve Signup,,Eastern,23,FL,0
L-06473,google,Ideal,"Less than $250,000",brand,Central,36,TX,1
L-06474,meta,Low Value,"Less than $250,000",organic social,Pacific,20,CA,0
L-06475,meta,Low Value,"Less than $250,000",nonbrand,Eastern,34,MI,0
L-06476,bing,High Value,"$500,000 to $999,999",nonbrand,Central,42,LA,0
L-06477,google,Low Value,"Less than $250,000",brand,Eastern,,VA,0
L-06478,meta,Low Value,"Less than $250,000",organic social,Eastern,80,FL,1
L-06479,google,Low Value,"$500,000 to $999,999",nonbrand,Central,44,LA,0
L-06480,google,High Value,"$5,000,000 to $9,999,999",brand,Eastern,57,NY,0
L-06481,meta,Low Value,"$5,000,000 to $9,999,999",ppc,Pacific,74,CA,0
L-06482,google,Low Value,"$250,000 to $499,999",paid search,Eastern,55,OH,0
L-06483,google,Ideal,"$500,000 to $999,999",cpc,Pacific,90,CA,0
L-06484,google,High Value,"Less than $250,000",nonbrand,Eastern,38,OH,0
L-06485,meta,Low Value,Self-Serve Signup,organic social,Central,21,MO,0
L-06486,tiktok,High Value,"$500,000 to $999,999",organic social,Mountain,75,MT,0
L-06487,meta,Low Value,"Less than $250,000",organic social,Central,58,TX,1
L-06488,meta,Low Value,"Less than $250,000",organic social,Eastern,85,GA,1
L-06489,meta,Low Value,"Less than $250,000",prospecting,Pacific,88,OR,0
L-06490,meta,Low Value,"Less than $250,000",organic social,Pacific,18,CA,0
L-06491,meta,Ideal,"$5,000,000 to $9,999,999",organic social,Eastern,41,GA,1
L-06492,google,Low Value,"$500,000 to $999,999",organic search,Central,90,MO,0
L-06493,bing,Unknown,"Less than $250,000",nonbrand,Eastern,41,FL,1
L-06494,meta,Low Value,Self-Serve Signup,prospecting,Eastern,12,GA,0
L-06495,google,Ideal,"Less than $250,000",brand,Eastern,32,NC,0
L-06496,tiktok,High Value,"$10,000,000 to $24,999,999",organic social,Central,52,TX,0
L-06497,meta,High Value,"$500,000 to $999,999",prospecting,Eastern,70,NY,0
L-06498,meta,Ideal,"$1,000,000 to $4,999,999",,Eastern,40,NY,0
L-06499,meta,Low Value,Self-Serve Signup,organic social,Central,3,TN,0
L-06500,meta,Low Value,"Less than $250,000",prospecting,Pacific,88,WA,1
L-06501,bing,Low Value,"$500,000 to $999,999",brand,Pacific,57,OR,0
L-06502,tiktok,Low Value,"$250,000 to $499,999",prospecting,Eastern,0,PA,0
L-06503,google,Ideal,"Less than $250,000",paid search,Mountain,45,,0
L-06504,bing,Ideal,"$1,000,000 to $4,999,999",ppc,Eastern,57,NC,0
L-06505,google,Ideal,"$500,000 to $999,999",brand,Eastern,53,MA,1
L-06506,google,Ideal,"Less than $250,000",cpc,Arizona,28,AZ,0
L-06507,google,High Value,"$1,000,000 to $4,999,999",nonbrand,Central,83,MN,1
L-06508,google,Ideal,"$500,000 to $999,999",nonbrand,Pacific,85,CA,1
L-06509,meta,Low Value,"Less than $250,000",prospecting,Central,29,TX,1
L-06510,tiktok,Low Value,"$500,000 to $999,999",prospecting,Pacific,32,WA,0
L-06511,bing,Low Value,Self-Serve Signup,nonbrand,Eastern,23,PA,0
L-06512,google,High Value,"$250,000 to $499,999",brand,Central,,MN,1
L-06513,google,Low Value,"Less than $250,000",nonbrand,Central,56,TX,0
L-06514,google,High Value,"$250,000 to $499,999",organic search,Mountain,79,MT,1
L-06515,google,Low Value,"Less than $250,000",cpc,Central,36,MN,0
L-06516,google,High Value,"$10,000,000 to $24,999,999",brand,Eastern,45,VA,0
L-06517,google,High Value,"$5,000,000 to $9,999,999",cpc,Arizona,23,AZ,0
L-06518,google,High Value,"$10,000,000 to $24,999,999",nonbrand,Eastern,100,MI,0
L-06519,meta,Low Value,"Less than $250,000",organic social,Arizona,65,AZ,1
L-06520,meta,Low Value,"Less than $250,000",prospecting,Eastern,5,GA,0
L-06521,bing,High Value,"$10,000,000 to $24,999,999",brand,Pacific,57,CA,0
L-06522,google,Low Value,"$500,000 to $999,999",brand,Eastern,0,NY,0
L-06523,google,Low Value,"$500,000 to $999,999",organic search,Arizona,36,AZ,0
L-06524,tiktok,High Value,"$250,000 to $499,999",retargeting,Pacific,8,NV,0
L-06525,google,Ideal,"$500,000 to $999,999",nonbrand,Eastern,100,FL,1
L-06526,google,Ideal,"Less than $250,000",nonbrand,Eastern,28,FL,0
L-06527,google,High Value,"$1,000,000 to $4,999,999",cpc,Eastern,100,,0
L-06528,bing,Unknown,"$5,000,000 to $9,999,999",cpc,Central,46,TX,0
L-06529,bing,Low Value,"Less than $250,000",nonbrand,Pacific,59,CA,1
L-06530,tiktok,Low Value,"Less than $250,000",organic social,Eastern,35,MA,0
L-06531,meta,Low Value,"$250,000 to $499,999",,,0,,0
L-06532,google,Unknown,"$500,000 to $999,999",brand,Pacific,66,,0
L-06533,google,Ideal,"$1,000,000 to $4,999,999",nonbrand,Eastern,93,MA,1
L-06534,bing,Low Value,"$250,000 to $499,999",paid search,Pacific,55,CA,0
L-06535,google,Low Value,"$1,000,000 to $4,999,999",pmax,Eastern,70,NC,1
L-06536,meta,Low Value,"$1,000,000 to $4,999,999",retargeting,Central,30,TX,0
L-06537,meta,Low Value,"Less than $250,000",prospecting,Eastern,39,GA,0
L-06538,google,Low Value,"Less than $250,000",brand,Eastern,11,FL,0
L-06539,google,Ideal,"$500,000 to $999,999",organic search,Eastern,65,FL,1
L-06540,meta,Low Value,"$250,000 to $499,999",,Hawaii,18,HI,0
L-06541,bing,Low Value,"$5,000,000 to $9,999,999",ppc,,62,,1
L-06542,google,Ideal,"$10,000,000 to $24,999,999",prospecting,Eastern,80,NY,1
L-06543,google,Ideal,"$10,000,000 to $24,999,999",ppc,Eastern,99,MA,1
L-06544,google,Low Value,"$500,000 to $999,999",cpc,Pacific,54,CA,0
L-06545,google,Low Value,"Less than $250,000",organic search,Central,23,TN,0
L-06546,google,Ideal,"Less than $250,000",,,34,,0
L-06547,google,Low Value,"Less than $250,000",nonbrand,Eastern,53,NY,0
L-06548,meta,Low Value,"Less than $250,000",retargeting,Hawaii,28,HI,0
L-06549,google,High Value,"$250,000 to $499,999",ppc,Eastern,100,NY,0
L-06550,google,Ideal,"$10,000,000 to $24,999,999",nonbrand,Central,100,TN,1
L-06551,google,Ideal,"Less than $250,000",pmax,Central,21,MN,0
L-06552,google,Low Value,"Less than $250,000",nonbrand,Eastern,53,MA,0
L-06553,google,Low Value,Self-Serve Signup,brand,Pacific,17,WA,0
L-06554,meta,High Value,"$250,000 to $499,999",retargeting,Pacific,54,CA,0
L-06555,meta,Low Value,,prospecting,Eastern,62,NJ,1
L-06556,tiktok,Low Value,"$250,000 to $499,999",organic social,Central,93,MN,1
L-06557,google,Ideal,"$5,000,000 to $9,999,999",cpc,Mountain,100,CO,0
L-06558,meta,High Value,"$500,000 to $999,999",retargeting,Central,62,TX,0
L-06559,google,Ideal,"Less than $250,000",brand,,67,,0
L-06560,google,Low Value,"$1,000,000 to $4,999,999",brand,Eastern,64,FL,1
L-06561,google,Unknown,"$5,000,000 to $9,999,999",brand,Pacific,80,CA,0
L-06562,google,Low Value,"$1,000,000 to $4,999,999",brand,Central,40,MO,0
L-06563,meta,Low Value,"Less than $250,000",retargeting,Pacific,6,CA,0
L-06564,bing,Ideal,"$250,000 to $499,999",nonbrand,Central,41,TX,0
L-06565,bing,Low Value,"$250,000 to $499,999",cpc,Pacific,53,WA,1
L-06566,meta,Low Value,"$250,000 to $499,999",prospecting,Eastern,33,PA,0
L-06567,google,Low Value,"Less than $250,000",nonbrand,Eastern,76,VA,0
L-06568,google,Ideal,"$250,000 to $499,999",brand,Eastern,72,NY,1
L-06569,google,Ideal,"Less than $250,000",paid search,Central,41,TN,0
L-06570,meta,Low Value,"Less than $250,000",prospecting,Eastern,53,PA,1
L-06571,bing,Low Value,"$500,000 to $999,999",ppc,Eastern,19,GA,0
L-06572,meta,Low Value,"Less than $250,000",prospecting,Eastern,76,,0
L-06573,google,Low Value,"Less than $250,000",brand,Central,11,,0
L-06574,tiktok,Unknown,"$250,000 to $499,999",cpc,Eastern,67,MA,0
L-06575,google,Low Value,"$250,000 to $499,999",prospecting,Pacific,22,CA,0
L-06576,google,Low Value,"$10,000,000 to $24,999,999",nonbrand,Eastern,19,GA,1
L-06577,google,Low Value,"Less than $250,000",organic search,Eastern,29,NC,0
L-06578,meta,Low Value,"Less than $250,000",organic social,Pacific,42,CA,0
L-06579,google,Ideal,"Less than $250,000",cpc,Central,61,WI,1
L-06580,bing,Ideal,"$250,000 to $499,999",brand,Central,70,WI,0
L-06581,tiktok,Ideal,"Less than $250,000",prospecting,Eastern,51,GA,0
L-06582,google,Ideal,"Less than $250,000",paid search,Mountain,55,UT,0
L-06583,google,Ideal,"Less than $250,000",ppc,Pacific,29,CA,0
L-06584,tiktok,Ideal,"Less than $250,000",nonbrand,Eastern,35,VA,0
L-06585,google,Ideal,"$500,000 to $999,999",pmax,Eastern,59,NY,0
L-06586,meta,Low Value,"Less than $250,000",prospecting,Eastern,16,NY,0
L-06587,tiktok,Low Value,"Less than $250,000",organic social,Central,30,TX,0
L-06588,google,Low Value,"Less than $250,000",brand,Mountain,23,CO,0
L-06589,meta,Low Value,"$250,000 to $499,999",nonbrand,Pacific,43,WA,0
L-06590,meta,Low Value,Self-Serve Signup,prospecting,Eastern,54,FL,0
L-06591,google,High Value,"$500,000 to $999,999",brand,Mountain,100,CO,1
L-06592,bing,High Value,"Less than $250,000",paid search,Eastern,61,OH,0
L-06593,google,Low Value,"Less than $250,000",ppc,Central,,TN,0
L-06594,tiktok,Low Value,Self-Serve Signup,organic social,Pacific,47,NV,0
L-06595,meta,Ideal,"$5,000,000 to $9,999,999",pmax,Mountain,65,CO,0
L-06596,google,Ideal,"Less than $250,000",cpc,Eastern,85,FL,0
L-06597,google,Low Value,"Less than $250,000",pmax,Pacific,38,CA,1
L-06598,tiktok,Low Value,"$500,000 to $999,999",brand,Mountain,26,CO,0
L-06599,meta,Unknown,"Less than $250,000",retargeting,,68,,0
L-06600,bing,High Value,"Less than $250,000",cpc,Eastern,98,PA,0
L-06601,meta,Ideal,"$1,000,000 to $4,999,999",prospecting,Central,66,MN,0
L-06602,bing,Low Value,"Less than $250,000",cpc,Central,46,TX,1
L-06603,google,Low Value,"Less than $250,000",brand,Eastern,43,PA,1
L-06604,tiktok,Low Value,"$1,000,000 to $4,999,999",prospecting,Central,50,,0
L-06605,tiktok,High Value,"$250,000 to $499,999",organic search,Central,98,TX,1
L-06606,meta,Low Value,Self-Serve Signup,retargeting,Pacific,0,CA,0
L-06607,meta,Low Value,"Less than $250,000",prospecting,Pacific,42,CA,0
L-06608,meta,Low Value,"Less than $250,000",prospecting,Eastern,61,NY,0
L-06609,bing,Low Value,,paid search,Pacific,,OR,0
L-06610,google,High Value,"$250,000 to $499,999",brand,Eastern,64,PA,0
L-06611,google,Low Value,"$250,000 to $499,999",cpc,Pacific,11,NV,0
L-06612,google,High Value,"$250,000 to $499,999",nonbrand,Mountain,59,CO,0
L-06613,bing,Unknown,"$250,000 to $499,999",cpc,Eastern,52,GA,1
L-06614,google,High Value,"Less than $250,000",brand,Hawaii,100,HI,1
L-06615,google,High Value,"$1,000,000 to $4,999,999",nonbrand,Eastern,59,PA,1
L-06616,bing,Ideal,"Less than $250,000",organic search,Central,41,MN,0
L-06617,google,Ideal,"Less than $250,000",cpc,,100,,0
L-06618,google,High Value,"$1,000,000 to $4,999,999",paid search,Eastern,72,FL,1
L-06619,google,High Value,"$1,000,000 to $4,999,999",brand,Central,90,IL,1
L-06620,bing,Low Value,"$250,000 to $499,999",ppc,,48,,0
L-06621,meta,Low Value,"Less than $250,000",retargeting,,18,,0
L-06622,google,High Value,"$250,000 to $499,999",brand,Pacific,82,CA,0
L-06623,bing,Low Value,"Less than $250,000",ppc,Eastern,12,NY,0
L-06624,google,Low Value,"Less than $250,000",ppc,Mountain,22,CO,1
L-06625,google,Low Value,"$5,000,000 to $9,999,999",nonbrand,Central,67,TX,1
L-06626,meta,Ideal,"Less than $250,000",retargeting,Eastern,82,NC,0
L-06627,meta,Low Value,"$250,000 to $499,999",prospecting,Pacific,61,NV,0
L-06628,meta,Ideal,"Less than $250,000",retargeting,Mountain,18,UT,0
L-06629,tiktok,Low Value,"Less than $250,000",prospecting,Central,64,TX,0
L-06630,bing,Low Value,"$1,000,000 to $4,999,999",brand,Eastern,38,GA,0
L-06631,google,Low Value,"$1,000,000 to $4,999,999",pmax,Eastern,25,OH,0
L-06632,bing,Low Value,"Less than $250,000",paid search,Central,65,IL,1
L-06633,tiktok,Low Value,"Less than $250,000",organic social,,0,,0
L-06634,meta,Ideal,"$250,000 to $499,999",organic social,Pacific,62,NV,1
L-06635,meta,Low Value,"$5,000,000 to $9,999,999",organic social,,63,,0
L-06636,meta,High Value,"$1,000,000 to $4,999,999",prospecting,Central,,LA,1
L-06637,meta,Ideal,"$250,000 to $499,999",prospecting,Central,81,IL,1
L-06638,google,High Value,"$1,000,000 to $4,999,999",retargeting,Eastern,100,NJ,1
L-06639,google,Ideal,"$1,000,000 to $4,999,999",brand,Eastern,65,NJ,1
L-06640,google,High Value,"$1,000,000 to $4,999,999",brand,Pacific,81,OR,1
L-06641,meta,Ideal,"Less than $250,000",retargeting,Pacific,39,CA,0
L-06642,meta,Low Value,"$500,000 to $999,999",prospecting,Eastern,24,NY,1
L-06643,google,Low Value,"Less than $250,000",pmax,Eastern,20,MI,0
L-06644,tiktok,High Value,"$1,000,000 to $4,999,999",organic social,Eastern,70,MI,0
L-06645,google,Ideal,"$5,000,000 to $9,999,999",organic search,Eastern,,MA,1
L-06646,meta,Low Value,Self-Serve Signup,organic social,Central,25,WI,0
L-06647,bing,Low Value,"Less than $250,000",paid search,Eastern,13,FL,0
L-06648,google,Ideal,"$250,000 to $499,999",nonbrand,,86,,0
L-06649,meta,Low Value,"Less than $250,000",organic social,Eastern,0,MA,0
L-06650,meta,Low Value,"Less than $250,000",expired or invalid attributer license,Pacific,36,CA,0
L-06651,tiktok,Unknown,"$250,000 to $499,999",prospecting,Pacific,100,CA,0
L-06652,meta,Low Value,"Less than $250,000",prospecting,Eastern,76,MA,0
L-06653,tiktok,Low Value,"$250,000 to $499,999",prospecting,Pacific,65,CA,0
L-06654,google,Low Value,,nonbrand,Eastern,60,NC,1
L-06655,google,Ideal,"$250,000 to $499,999",brand,Eastern,71,NY,1
L-06656,meta,Low Value,"Less than $250,000",pmax,Eastern,81,NY,0
L-06657,meta,Low Value,"Less than $250,000",retargeting,Central,59,TX,0
L-06658,meta,Ideal,"$10,000,000 to $24,999,999",retargeting,Central,34,MO,1
L-06659,google,Low Value,"Less than $250,000",nonbrand,Eastern,32,NY,0
L-06660,bing,Unknown,"$250,000 to $499,999",nonbrand,Pacific,74,CA,0
L-06661,meta,Low Value,"Less than $250,000",retargeting,Eastern,35,,0
L-06662,tiktok,Low Value,"$1,000,000 to $4,999,999",retargeting,Eastern,69,NJ,0
L-06663,google,High Value,"$10,000,000 to $24,999,999",cpc,Eastern,100,NY,0
L-06664,google,Low Value,"$500,000 to $999,999",nonbrand,Eastern,29,FL,0
L-06665,google,High Value,"$500,000 to $999,999",ppc,Eastern,61,NY,0
L-06666,meta,Low Value,"$500,000 to $999,999",nonbrand,Central,0,MN,1
L-06667,google,Ideal,"Less than $250,000",cpc,Pacific,0,WA,1
L-06668,google,Ideal,"Less than $250,000",organic search,Central,81,TX,0
L-06669,google,Low Value,"$5,000,000 to $9,999,999",pmax,Central,26,WI,0
L-06670,meta,Unknown,"$500,000 to $999,999",prospecting,,84,,0
L-06671,google,Ideal,"Less than $250,000",nonbrand,,69,,0
L-06672,bing,Low Value,"Less than $250,000",organic search,Pacific,48,OR,1
L-06673,google,Ideal,"$1,000,000 to $4,999,999",pmax,Central,79,TX,1
L-06674,bing,Ideal,"$5,000,000 to $9,999,999",paid search,Eastern,88,NY,0
L-06675,google,Low Value,"$500,000 to $999,999",pmax,Central,57,TX,0
L-06676,google,Ideal,"$5,000,000 to $9,999,999",pmax,Pacific,98,CA,1
L-06677,tiktok,Ideal,"$500,000 to $999,999",,Central,58,TX,1
L-06678,google,Low Value,"Less than $250,000",nonbrand,Eastern,55,VA,0
L-06679,google,Ideal,"Less than $250,000",cpc,Arizona,7,AZ,0
L-06680,bing,Low Value,"$250,000 to $499,999",nonbrand,Eastern,55,FL,0
L-06681,bing,Low Value,"$250,000 to $499,999",ppc,Central,46,MO,0
L-06682,bing,High Value,"$1,000,000 to $4,999,999",nonbrand,Mountain,37,MT,0
L-06683,meta,Low Value,"$250,000 to $499,999",organic social,Pacific,59,CA,0
L-06684,meta,Low Value,"Less than $250,000",prospecting,Central,22,MO,0
L-06685,meta,Low Value,"Less than $250,000",retargeting,Eastern,42,NC,0
L-06686,meta,Low Value,"Less than $250,000",prospecting,Eastern,89,VA,0
L-06687,google,High Value,"$250,000 to $499,999",ppc,Eastern,45,OH,0
L-06688,bing,High Value,"$1,000,000 to $4,999,999",paid search,Pacific,100,CA,1
L-06689,google,Low Value,"$250,000 to $499,999",retargeting,Eastern,34,NY,1
L-06690,meta,Low Value,"$250,000 to $499,999",prospecting,Pacific,35,OR,0
L-06691,meta,Low Value,,brand,Eastern,88,NY,1
L-06692,meta,Low Value,"Less than $250,000",prospecting,Central,0,TX,0
L-06693,google,High Value,"$250,000 to $499,999",nonbrand,,56,,0
L-06694,meta,Ideal,"$250,000 to $499,999",cpc,Pacific,67,CA,1
L-06695,meta,Ideal,"$250,000 to $499,999",prospecting,Eastern,0,MI,0
L-06696,google,Low Value,"Less than $250,000",nonbrand,Arizona,80,AZ,1
L-06697,google,Low Value,"$250,000 to $499,999",cpc,Central,39,TX,1
L-06698,bing,Ideal,"$1,000,000 to $4,999,999",nonbrand,Pacific,78,CA,1
L-06699,meta,Low Value,"Less than $250,000",prospecting,Pacific,0,WA,0
L-06700,google,High Value,"$1,000,000 to $4,999,999",organic search,Eastern,70,VA,1
L-06701,tiktok,Ideal,"$250,000 to $499,999",prospecting,Central,95,MN,0
L-06702,meta,Ideal,"$500,000 to $999,999",,Eastern,20,MI,0
L-06703,google,Low Value,"$250,000 to $499,999",nonbrand,Pacific,72,WA,1
L-06704,google,Low Value,"$1,000,000 to $4,999,999",cpc,Eastern,60,,0
L-06705,google,Low Value,"Less than $250,000",ppc,Pacific,65,WA,0
L-06706,google,Low Value,"Less than $250,000",paid search,Eastern,85,NC,0
L-06707,bing,High Value,"$5,000,000 to $9,999,999",paid search,Pacific,85,NV,1
L-06708,google,Ideal,"$500,000 to $999,999",pmax,Central,83,TX,0
L-06709,google,Low Value,"Less than $250,000",brand,Eastern,17,MI,0
L-06710,bing,Low Value,"Less than $250,000",nonbrand,Central,60,TX,0
L-06711,meta,Low Value,"Less than $250,000",nonbrand,Eastern,88,NC,0
L-06712,google,Ideal,"$250,000 to $499,999",organic search,Eastern,51,OH,0
L-06713,meta,Low Value,"Less than $250,000",retargeting,Eastern,34,GA,0
L-06714,bing,High Value,"$250,000 to $499,999",brand,Eastern,78,FL,0
L-06715,meta,Low Value,"Less than $250,000",,Central,66,TX,0
L-06716,google,Low Value,"$500,000 to $999,999",paid search,Arizona,,AZ,0
L-06717,google,Low Value,"$500,000 to $999,999",cpc,Eastern,81,NC,1
L-06718,google,Low Value,"Less than $250,000",brand,Eastern,55,OH,0
L-06719,meta,Low Value,"$250,000 to $499,999",prospecting,Eastern,64,VA,0
L-06720,bing,Low Value,"$250,000 to $499,999",paid search,Eastern,28,FL,0
L-06721,google,High Value,"Less than $250,000",brand,Hawaii,43,HI,0
L-06722,tiktok,High Value,"$1,000,000 to $4,999,999",retargeting,Eastern,78,NY,0
L-06723,google,Ideal,"$500,000 to $999,999",nonbrand,,33,,0
L-06724,google,High Value,"Less than $250,000",pmax,Hawaii,27,HI,0
L-06725,meta,High Value,"$1,000,000 to $4,999,999",prospecting,Arizona,97,AZ,1
L-06726,google,Low Value,"$250,000 to $499,999",,Eastern,40,NC,0
L-06727,bing,Low Value,"$250,000 to $499,999",paid search,Central,34,TX,0
L-06728,meta,Low Value,"$250,000 to $499,999",organic social,Central,8,TX,0
L-06729,meta,Low Value,"$5,000,000 to $9,999,999",prospecting,Pacific,39,NV,0
L-06730,meta,High Value,"$1,000,000 to $4,999,999",prospecting,Central,81,IL,0
L-06731,bing,Low Value,"Less than $250,000",paid search,Mountain,28,CO,0
L-06732,bing,Ideal,"$5,000,000 to $9,999,999",brand,Eastern,100,GA,0
L-06733,google,High Value,"$5,000,000 to $9,999,999",prospecting,Eastern,17,GA,0
L-06734,bing,Unknown,"$250,000 to $499,999",,Eastern,24,NJ,0
L-06735,tiktok,Low Value,"$250,000 to $499,999",prospecting,Central,16,TX,0
L-06736,tiktok,Low Value,"Less than $250,000",retargeting,Eastern,16,FL,0
L-06737,tiktok,Low Value,"Less than $250,000",retargeting,Pacific,62,CA,0
L-06738,meta,Low Value,"Less than $250,000",organic social,Arizona,50,AZ,0
L-06739,tiktok,Low Value,"$1,000,000 to $4,999,999",prospecting,Eastern,21,NY,0
L-06740,google,Ideal,"$250,000 to $499,999",,Eastern,65,PA,0
L-06741,meta,Low Value,"Less than $250,000",prospecting,Central,67,MO,0
L-06742,google,High Value,"$250,000 to $499,999",nonbrand,Eastern,78,GA,0
L-06743,meta,Low Value,"Less than $250,000",organic social,Eastern,69,FL,0
L-06744,meta,Low Value,"$250,000 to $499,999",brand,Eastern,27,NC,0
L-06745,meta,Low Value,"Less than $250,000",prospecting,Central,83,IL,0
L-06746,google,Low Value,"$250,000 to $499,999",nonbrand,Central,34,TX,0
L-06747,google,High Value,"$5,000,000 to $9,999,999",organic search,Eastern,58,NY,1
L-06748,google,Low Value,"$500,000 to $999,999",pmax,Arizona,31,AZ,0
L-06749,meta,Low Value,"$250,000 to $499,999",nonbrand,Central,46,MN,0
L-06750,google,Ideal,"$5,000,000 to $9,999,999",nonbrand,Mountain,100,CO,1
L-06751,meta,Unknown,"$1,000,000 to $4,999,999",organic social,Central,70,TX,1
L-06752,google,Low Value,"$5,000,000 to $9,999,999",,Eastern,57,GA,1
L-06753,bing,Ideal,"Less than $250,000",nonbrand,Eastern,4,FL,0
L-06754,meta,High Value,"$1,000,000 to $4,999,999",organic social,Eastern,51,VA,1
L-06755,meta,Ideal,"Less than $250,000",retargeting,Eastern,2,NY,0
L-06756,google,Ideal,"$500,000 to $999,999",brand,Eastern,100,OH,0
L-06757,google,Ideal,"$5,000,000 to $9,999,999",cpc,Central,,TX,0
L-06758,bing,Unknown,"$250,000 to $499,999",paid search,Mountain,64,CO,0
L-06759,meta,Unknown,"$500,000 to $999,999",prospecting,Pacific,40,NV,0
L-06760,bing,High Value,"$250,000 to $499,999",nonbrand,Central,53,MO,0
L-06761,meta,Ideal,"$500,000 to $999,999",prospecting,Eastern,15,NY,0
L-06762,google,High Value,"$500,000 to $999,999",retargeting,Pacific,100,WA,1
L-06763,google,High Value,"$5,000,000 to $9,999,999",ppc,Mountain,66,CO,1
L-06764,tiktok,Low Value,"Less than $250,000",prospecting,Pacific,54,OR,0
L-06765,google,Low Value,"$500,000 to $999,999",ppc,Arizona,,AZ,0
L-06766,bing,Low Value,"$500,000 to $999,999",nonbrand,Pacific,67,CA,0
L-06767,google,Low Value,"Less than $250,000",brand,Eastern,64,PA,1
L-06768,google,High Value,,brand,Pacific,55,OR,0
L-06769,meta,Ideal,"$10,000,000 to $24,999,999",prospecting,Eastern,83,NY,1
L-06770,google,Low Value,"$500,000 to $999,999",pmax,Eastern,10,NY,0
L-06771,google,High Value,"$250,000 to $499,999",pmax,Central,51,IL,0
L-06772,bing,Ideal,"Less than $250,000",nonbrand,,65,,0
L-06773,google,Ideal,"$5,000,000 to $9,999,999",pmax,Eastern,71,VA,0
L-06774,bing,High Value,,nonbrand,Pacific,,CA,1
L-06775,meta,Low Value,"Less than $250,000",ppc,Central,71,WI,0
L-06776,bing,High Value,"Less than $250,000",nonbrand,Central,67,TX,1
L-06777,meta,Low Value,"Less than $250,000",organic social,Central,0,TN,0
L-06778,tiktok,Low Value,"Less than $250,000",nonbrand,Eastern,35,NY,0
L-06779,tiktok,Low Value,"Less than $250,000",retargeting,Eastern,35,OH,0
L-06780,meta,Ideal,,organic social,Central,44,TX,0
L-06781,tiktok,Low Value,"Less than $250,000",prospecting,Arizona,25,AZ,0
L-06782,google,High Value,"$250,000 to $499,999",brand,Eastern,92,GA,1
L-06783,google,Ideal,"$1,000,000 to $4,999,999",paid search,Pacific,100,,0
L-06784,tiktok,Low Value,"Less than $250,000",retargeting,Eastern,37,VA,0
L-06785,google,Low Value,"Less than $250,000",,Pacific,35,NV,0
L-06786,meta,High Value,"Less than $250,000",prospecting,Eastern,100,NJ,1
L-06787,tiktok,High Value,,prospecting,Pacific,,CA,0
L-06788,meta,Low Value,"Less than $250,000",retargeting,Eastern,0,VA,0
L-06789,google,High Value,"$10,000,000 to $24,999,999",nonbrand,Central,68,TX,0
L-06790,meta,Low Value,"Less than $250,000",organic search,,19,,0
L-06791,bing,Low Value,"Less than $250,000",brand,Eastern,0,OH,0
L-06792,meta,Ideal,"$1,000,000 to $4,999,999",retargeting,Central,95,MO,1
L-06793,google,Low Value,"$250,000 to $499,999",nonbrand,Central,10,LA,0
L-06794,google,Unknown,"$5,000,000 to $9,999,999",prospecting,Mountain,100,CO,0
L-06795,google,Low Value,,nonbrand,Pacific,70,CA,1
L-06796,google,Low Value,"$1,000,000 to $4,999,999",pmax,Mountain,100,CO,1
L-06797,google,Ideal,"Less than $250,000",brand,Eastern,76,NY,0
L-06798,meta,Low Value,Self-Serve Signup,prospecting,Pacific,57,CA,1
L-06799,google,High Value,"$5,000,000 to $9,999,999",brand,Central,100,LA,1
L-06800,bing,High Value,"$10,000,000 to $24,999,999",retargeting,,57,,0
L-06801,bing,High Value,"Less than $250,000",brand,Pacific,100,CA,0
L-06802,google,Unknown,"$250,000 to $499,999",organic search,Pacific,47,CA,0
L-06803,meta,Low Value,"$250,000 to $499,999",organic search,Eastern,20,NY,0
L-06804,bing,High Value,"$5,000,000 to $9,999,999",nonbrand,Pacific,84,NV,0
L-06805,google,Low Value,"$500,000 to $999,999",organic search,Eastern,21,FL,0
L-06806,meta,Low Value,"Less than $250,000",,Mountain,0,UT,0
L-06807,google,Low Value,"Less than $250,000",ppc,Pacific,44,WA,0
L-06808,meta,Ideal,"$500,000 to $999,999",organic social,Central,46,IL,0
L-06809,google,Low Value,"$1,000,000 to $4,999,999",retargeting_lead_generation,Pacific,49,NV,0
L-06810,meta,Low Value,"Less than $250,000",prospecting,Pacific,56,WA,0
L-06811,meta,Low Value,,organic social,Central,100,IL,0
L-06812,meta,High Value,"$500,000 to $999,999",prospecting,Central,31,IL,0
L-06813,google,Ideal,"Less than $250,000",cpc,Eastern,54,MA,1
L-06814,google,Unknown,"Less than $250,000",organic search,Central,66,IL,1
L-06815,bing,High Value,"$500,000 to $999,999",brand,Eastern,24,MI,0
L-06816,google,Ideal,"Less than $250,000",brand,Pacific,0,CA,0
L-06817,bing,High Value,"$5,000,000 to $9,999,999",ppc,Central,,TX,0
L-06818,bing,Unknown,"$250,000 to $499,999",,Pacific,29,CA,0
L-06819,meta,Unknown,"$250,000 to $499,999",retargeting,Eastern,64,FL,0
L-06820,google,Low Value,"$1,000,000 to $4,999,999",paid search,Arizona,60,AZ,1
L-06821,meta,Low Value,,nonbrand,Eastern,35,NJ,0
L-06822,tiktok,High Value,"$250,000 to $499,999",prospecting,Eastern,53,FL,0
L-06823,bing,High Value,"$1,000,000 to $4,999,999",retargeting,Eastern,66,MI,0
L-06824,tiktok,Low Value,"$250,000 to $499,999",prospecting,Eastern,69,NC,1
L-06825,bing,Ideal,"Less than $250,000",organic search,Pacific,39,OR,0
L-06826,meta,Low Value,"Less than $250,000",organic social,Eastern,,GA,0
L-06827,google,Low Value,"Less than $250,000",organic search,Arizona,51,AZ,1
L-06828,google,High Value,"$500,000 to $999,999",pmax,Pacific,54,CA,0
L-06829,google,High Value,"$250,000 to $499,999",brand,Pacific,73,CA,0
L-06830,google,High Value,"$5,000,000 to $9,999,999",paid search,Central,38,TX,1
L-06831,meta,Ideal,"$250,000 to $499,999",nonbrand,Pacific,8,CA,0
L-06832,google,High Value,"$250,000 to $499,999",nonbrand,Pacific,14,CA,0
L-06833,meta,Low Value,"$250,000 to $499,999",retargeting,Eastern,93,NY,1
L-06834,meta,Low Value,Self-Serve Signup,retargeting,Eastern,22,FL,0
L-06835,google,Ideal,"$500,000 to $999,999",nonbrand,Eastern,62,NY,1
L-06836,google,Ideal,"Less than $250,000",cpc,Eastern,60,MA,0
L-06837,google,Low Value,"Less than $250,000",paid search,Alaska,33,AK,0
L-06838,meta,Low Value,"Less than $250,000",ppc,Alaska,16,AK,0
L-06839,meta,Ideal,"$250,000 to $499,999",prospecting,Central,36,TX,0
L-06840,bing,Low Value,"$500,000 to $999,999",brand,Eastern,0,FL,0
L-06841,bing,Ideal,"Less than $250,000",brand,Central,23,TX,1
L-06842,meta,Low Value,"Less than $250,000",retargeting,Arizona,64,AZ,0
L-06843,meta,Ideal,Self-Serve Signup,prospecting,Central,31,TX,0
L-06844,google,Ideal,"Less than $250,000",nonbrand,Central,54,WI,0
L-06845,google,Low Value,"Less than $250,000",nonbrand,Pacific,34,OR,0
L-06846,google,Ideal,"$1,000,000 to $4,999,999",brand,Central,55,TX,1
L-06847,meta,Ideal,"Less than $250,000",retargeting,Hawaii,74,,0
L-06848,bing,Ideal,"$250,000 to $499,999",paid search,Pacific,51,CA,0
L-06849,tiktok,High Value,"$5,000,000 to $9,999,999",,Eastern,100,FL,1
L-06850,meta,Low Value,"Less than $250,000",nonbrand,Pacific,83,CA,1
L-06851,google,High Value,"$500,000 to $999,999",brand,Central,73,TX,0
L-06852,meta,Low Value,"$1,000,000 to $4,999,999",retargeting,Eastern,,FL,0
L-06853,tiktok,Low Value,"Less than $250,000",nonbrand,Pacific,53,OR,1
L-06854,bing,Ideal,"$10,000,000 to $24,999,999",cpc,Central,54,TX,0
L-06855,meta,Ideal,"$250,000 to $499,999",retargeting,Eastern,14,OH,0
L-06856,google,Unknown,"$500,000 to $999,999",paid search,Eastern,52,NY,0
L-06857,meta,Low Value,"Less than $250,000",prospecting,Pacific,43,OR,0
L-06858,meta,Low Value,"Less than $250,000",organic social,Eastern,33,VA,0
L-06859,tiktok,Ideal,"$250,000 to $499,999",organic social,Eastern,43,NY,0
L-06860,meta,High Value,"Less than $250,000",brand,Eastern,70,FL,0
L-06861,google,High Value,"Less than $250,000",brand,Pacific,20,CA,1
L-06862,meta,Ideal,"Less than $250,000",prospecting,Alaska,22,AK,0
L-06863,bing,Low Value,"Less than $250,000",organic search,Central,31,TN,1
L-06864,google,Ideal,"$1,000,000 to $4,999,999",paid search,Pacific,73,WA,0
L-06865,meta,High Value,,prospecting,Pacific,100,CA,1
L-06866,tiktok,Ideal,"Less than $250,000",organic social,Eastern,54,FL,0
L-06867,google,Ideal,"Less than $250,000",brand,Eastern,22,VA,0
L-06868,meta,Ideal,"$500,000 to $999,999",prospecting,Central,44,LA,0
L-06869,bing,Ideal,"$500,000 to $999,999",nonbrand,Central,78,TX,0
L-06870,meta,Low Value,"$250,000 to $499,999",prospecting,Eastern,7,OH,0
L-06871,google,Low Value,"$250,000 to $499,999",nonbrand,Central,,TX,1
L-06872,tiktok,Low Value,"Less than $250,000",retargeting,Pacific,0,CA,0
L-06873,meta,Low Value,"Less than $250,000",brand,Pacific,53,CA,0
L-06874,google,Low Value,"$250,000 to $499,999",nonbrand,Pacific,26,CA,0
L-06875,tiktok,Low Value,"Less than $250,000",organic social,Arizona,41,AZ,0
L-06876,meta,Ideal,"$250,000 to $499,999",cpc,Eastern,18,NJ,0
L-06877,bing,Low Value,"Less than $250,000",brand,Central,43,WI,1
L-06878,google,Low Value,"$500,000 to $999,999",brand,Pacific,20,CA,0
L-06879,meta,Low Value,,prospecting,Pacific,89,WA,1
L-06880,meta,Low Value,"$250,000 to $499,999",cpc,Pacific,17,CA,1
L-06881,bing,High Value,"$5,000,000 to $9,999,999",nonbrand,Eastern,63,OH,0
L-06882,meta,Low Value,"$250,000 to $499,999",prospecting,Eastern,44,FL,0
L-06883,meta,High Value,"$10,000,000 to $24,999,999",retargeting,Central,100,TX,1
L-06884,google,High Value,"$10,000,000 to $24,999,999",organic search,Central,69,TX,0
L-06885,meta,Ideal,"Less than $250,000",prospecting,Eastern,81,MA,1
L-06886,tiktok,Low Value,"Less than $250,000",organic social,Eastern,18,FL,0
L-06887,google,Low Value,"Less than $250,000",ppc,Eastern,25,OH,0
L-06888,meta,Ideal,"Less than $250,000",retargeting,Eastern,79,PA,0
L-06889,google,High Value,"$1,000,000 to $4,999,999",paid search,Eastern,66,PA,0
L-06890,meta,Ideal,"$250,000 to $499,999",brand,Central,4,TX,0
L-06891,google,Low Value,"Less than $250,000",nonbrand,Pacific,50,OR,0
L-06892,tiktok,Low Value,"Less than $250,000",retargeting,Pacific,,WA,0
L-06893,bing,High Value,"$1,000,000 to $4,999,999",cpc,Eastern,41,OH,0
L-06894,meta,Low Value,"Less than $250,000",prospecting,Pacific,,CA,0
L-06895,google,Ideal,"Less than $250,000",paid search,Central,13,IL,0
L-06896,bing,High Value,"$250,000 to $499,999",cpc,Pacific,17,CA,0
L-06897,tiktok,Low Value,"Less than $250,000",prospecting,Central,0,MO,0
L-06898,meta,Low Value,"Less than $250,000",prospecting,Central,43,TX,0
L-06899,meta,Ideal,"Less than $250,000",brand,Central,26,WI,0
L-06900,google,High Value,"$10,000,000 to $24,999,999",brand,Eastern,100,NJ,1
L-06901,meta,Low Value,Self-Serve Signup,ppc,Eastern,83,OH,0
L-06902,google,High Value,"$1,000,000 to $4,999,999",brand,Eastern,49,FL,0
L-06903,meta,Ideal,"$500,000 to $999,999",organic social,Central,31,TX,0
L-06904,tiktok,Low Value,"Less than $250,000",retargeting,Pacific,74,CA,0
L-06905,meta,Ideal,"Less than $250,000",organic social,Central,34,IL,1
L-06906,google,Unknown,"$500,000 to $999,999",,Central,60,IL,0
L-06907,meta,Low Value,"Less than $250,000",brand,Central,46,MN,0
L-06908,meta,Ideal,"$250,000 to $499,999",prospecting,Eastern,41,NJ,1
L-06909,google,Low Value,"Less than $250,000",nonbrand,Eastern,11,FL,0
L-06910,google,Low Value,"$250,000 to $499,999",nonbrand,Mountain,66,CO,1
L-06911,google,High Value,"$500,000 to $999,999",nonbrand,Central,73,TX,0
L-06912,tiktok,Low Value,"$250,000 to $499,999",prospecting,Mountain,0,CO,0
L-06913,tiktok,Ideal,"Less than $250,000",organic social,Central,36,LA,0
L-06914,tiktok,Low Value,"$250,000 to $499,999",prospecting,Central,48,MO,0
L-06915,meta,Unknown,"Less than $250,000",retargeting,Eastern,55,NY,0
L-06916,google,Low Value,"$500,000 to $999,999",paid search,Eastern,58,PA,1
L-06917,google,Ideal,"$250,000 to $499,999",ppc,Mountain,71,MT,1
L-06918,meta,Ideal,"Less than $250,000",prospecting,,7,,0
L-06919,tiktok,Low Value,"$250,000 to $499,999",paid search,Central,,TX,1
L-06920,tiktok,Low Value,Self-Serve Signup,organic social,Pacific,26,WA,0
L-06921,google,Ideal,"$5,000,000 to $9,999,999",,Central,62,TN,1
L-06922,tiktok,High Value,"$250,000 to $499,999",prospecting,Central,40,TX,0
L-06923,meta,Low Value,"$250,000 to $499,999",brand,Arizona,0,AZ,0
L-06924,bing,Low Value,"$1,000,000 to $4,999,999",brand,Pacific,11,CA,1
L-06925,bing,Low Value,"$250,000 to $499,999",brand,Eastern,32,NY,0
L-06926,google,Ideal,"Less than $250,000",brand,Pacific,35,CA,0
L-06927,meta,Ideal,Self-Serve Signup,,Arizona,12,AZ,0
L-06928,meta,Unknown,"Less than $250,000",organic social,Central,10,TN,0
L-06929,tiktok,Low Value,"Less than $250,000",prospecting,Mountain,73,CO,0
L-06930,google,Ideal,"$500,000 to $999,999",brand,Eastern,,NY,0
L-06931,google,Low Value,"Less than $250,000",paid search,Pacific,43,WA,0
L-06932,meta,Low Value,,nonbrand,Pacific,,OR,0
L-06933,google,Low Value,"Less than $250,000",cpc,Eastern,32,FL,0
L-06934,tiktok,Low Value,Self-Serve Signup,organic social,,16,,0
L-06935,google,Ideal,"Less than $250,000",other campaigns,Central,100,TN,1
L-06936,tiktok,Ideal,Self-Serve Signup,retargeting,Eastern,41,GA,0
L-06937,google,Low Value,"$1,000,000 to $4,999,999",pmax,Central,55,IL,0
L-06938,bing,High Value,"$1,000,000 to $4,999,999",organic search,Mountain,50,CO,1
L-06939,google,Low Value,"Less than $250,000",brand,Eastern,0,FL,0
L-06940,google,Ideal,"$500,000 to $999,999",ppc,Eastern,28,FL,0
L-06941,google,Low Value,"$250,000 to $499,999",nonbrand,Central,36,IL,1
L-06942,meta,Low Value,"$250,000 to $499,999",retargeting,Eastern,52,NY,0
L-06943,meta,High Value,"Less than $250,000",nonbrand,Central,77,TX,0
L-06944,google,High Value,"$1,000,000 to $4,999,999",cpc,Eastern,27,VA,0
L-06945,google,High Value,"$1,000,000 to $4,999,999",pmax,Pacific,100,CA,1
L-06946,bing,Low Value,"$500,000 to $999,999",pmax,Alaska,71,AK,1
L-06947,tiktok,Low Value,"Less than $250,000",organic social,Eastern,89,NJ,0
L-06948,meta,Low Value,"Less than $250,000",prospecting,Central,88,WI,0
L-06949,google,Ideal,"$250,000 to $499,999",ppc,Eastern,65,MA,0
L-06950,google,Ideal,"Less than $250,000",retargeting,Eastern,90,FL,1
L-06951,meta,Low Value,"Less than $250,000",paid search,Mountain,36,UT,0
L-06952,meta,Low Value,Self-Serve Signup,brand,Eastern,37,MI,0
L-06953,google,Ideal,"Less than $250,000",nonbrand,Pacific,18,CA,1
L-06954,tiktok,Low Value,"$250,000 to $499,999",prospecting,Eastern,17,NJ,0
L-06955,google,Ideal,"$1,000,000 to $4,999,999",brand,Pacific,98,NV,1
L-06956,meta,Ideal,"$250,000 to $499,999",retargeting,,10,,0
L-06957,google,Unknown,"Less than $250,000",brand,Pacific,50,WA,1
L-06958,google,High Value,"$250,000 to $499,999",paid search,Eastern,76,GA,0
L-06959,google,High Value,"$500,000 to $999,999",brand,Mountain,82,UT,1
L-06960,tiktok,Ideal,"Less than $250,000",prospecting,Pacific,35,CA,0
L-06961,meta,Low Value,"Less than $250,000",organic social,Pacific,33,CA,0
L-06962,google,Low Value,"Less than $250,000",brand,Mountain,16,UT,1
L-06963,meta,Ideal,"$1,000,000 to $4,999,999",brand,Central,43,WI,1
L-06964,bing,High Value,"Less than $250,000",organic search,Pacific,64,OR,0
L-06965,google,Ideal,"$1,000,000 to $4,999,999",nonbrand,Eastern,76,NY,1
L-06966,meta,Low Value,"Less than $250,000",retargeting,Arizona,,AZ,0
L-06967,tiktok,Low Value,"Less than $250,000",retargeting,Central,43,TN,0
L-06968,google,High Value,"$1,000,000 to $4,999,999",organic search,Eastern,100,FL,1
L-06969,google,Ideal,Self-Serve Signup,paid search,Central,0,TX,0
L-06970,tiktok,Low Value,"Less than $250,000",organic social,,68,,0
L-06971,bing,Low Value,"$250,000 to $499,999",cpc,Pacific,28,CA,0
L-06972,meta,Unknown,"Less than $250,000",prospecting,Arizona,42,AZ,1
L-06973,google,Ideal,"$10,000,000 to $24,999,999",pmax,Pacific,93,CA,1
L-06974,bing,Low Value,"$250,000 to $499,999",paid search,Eastern,100,NC,0
L-06975,google,Unknown,"$1,000,000 to $4,999,999",cpc,Central,61,TX,0
L-06976,google,Ideal,"Less than $250,000",pmax,Arizona,67,AZ,0
L-06977,google,Low Value,"Less than $250,000",brand,Pacific,58,CA,1
L-06978,meta,Low Value,"Less than $250,000",paid search,Mountain,66,CO,0
L-06979,meta,Ideal,"Less than $250,000",brand,Eastern,63,NY,1
L-06980,google,Ideal,"$250,000 to $499,999",cpc,Pacific,77,CA,0
L-06981,google,Unknown,"Less than $250,000",brand,Eastern,64,MA,0
L-06982,google,Low Value,"$250,000 to $499,999",,Pacific,54,WA,0
L-06983,meta,Low Value,"$250,000 to $499,999",prospecting,Central,44,TN,0
L-06984,google,High Value,"$250,000 to $499,999",paid search,Eastern,100,VA,1
L-06985,google,Low Value,"Less than $250,000",brand,Arizona,21,AZ,0
L-06986,google,High Value,"$250,000 to $499,999",cpc,Central,,TX,0
L-06987,tiktok,Low Value,"Less than $250,000",organic social,Mountain,30,MT,0
L-06988,google,Low Value,"Less than $250,000",pmax,Eastern,38,GA,0
L-06989,google,Ideal,"$500,000 to $999,999",paid search,Pacific,24,CA,0
L-06990,google,High Value,"$1,000,000 to $4,999,999",cpc,Central,62,MO,0
L-06991,meta,Low Value,"Less than $250,000",organic social,Pacific,25,CA,0
L-06992,meta,Low Value,"Less than $250,000",brand,Arizona,47,AZ,0
L-06993,meta,Ideal,"Less than $250,000",organic social,Central,35,MO,1
L-06994,google,Ideal,"Less than $250,000",paid search,Eastern,34,MA,0
L-06995,google,Low Value,"$250,000 to $499,999",brand,Central,53,IL,0
L-06996,meta,High Value,"Less than $250,000",organic social,Pacific,7,CA,0
L-06997,meta,Low Value,Self-Serve Signup,prospecting,Eastern,31,PA,0
L-06998,meta,Low Value,"$1,000,000 to $4,999,999",prospecting,Central,39,TN,1
L-06999,meta,Unknown,"Less than $250,000",prospecting,Eastern,79,MA,1
L-07000,meta,Ideal,"$1,000,000 to $4,999,999",prospecting,Central,51,TX,1
L-07001,tiktok,Low Value,"Less than $250,000",,Pacific,26,WA,0
L-07002,meta,Low Value,"Less than $250,000",organic social,Eastern,45,NY,0
L-07003,tiktok,Low Value,"$500,000 to $999,999",retargeting,Central,100,MN,1
L-07004,tiktok,Low Value,"Less than $250,000",prospecting,Mountain,49,CO,0
L-07005,bing,Low Value,"$250,000 to $499,999",nonbrand,Eastern,27,FL,0
L-07006,bing,High Value,"$250,000 to $499,999",paid search,Central,36,IL,0
L-07007,google,Low Value,"Less than $250,000",paid search,Central,36,WI,0
L-07008,bing,Ideal,"$500,000 to $999,999",paid search,Eastern,28,FL,0
L-07009,meta,Low Value,"$500,000 to $999,999",organic social,Eastern,85,NJ,1
L-07010,google,Low Value,,paid search,Arizona,37,AZ,0
L-07011,meta,Low Value,"Less than $250,000",prospecting,Pacific,20,CA,0
L-07012,bing,High Value,"Less than $250,000",cpc,Eastern,77,VA,0
L-07013,google,Low Value,"Less than $250,000",paid search,Central,55,MO,1
L-07014,google,Low Value,"$500,000 to $999,999",cpc,Central,42,TX,0
L-07015,google,Ideal,"Less than $250,000",prospecting,Eastern,82,NY,0
L-07016,bing,Low Value,"Less than $250,000",organic search,Central,59,TX,0
L-07017,meta,High Value,"$250,000 to $499,999",cpc,Eastern,77,MA,1
L-07018,meta,Ideal,Self-Serve Signup,organic social,Eastern,53,MA,0
L-07019,meta,Low Value,"Less than $250,000",retargeting,Eastern,61,OH,0
L-07020,google,High Value,"$250,000 to $499,999",brand,Pacific,80,WA,1
L-07021,tiktok,Low Value,"$250,000 to $499,999",prospecting,Pacific,61,CA,1
L-07022,google,Low Value,"$250,000 to $499,999",nonbrand,Central,80,TX,1
L-07023,google,Low Value,"$250,000 to $499,999",ppc,Eastern,56,FL,1
L-07024,meta,High Value,"$5,000,000 to $9,999,999",prospecting,Pacific,39,WA,1
L-07025,tiktok,Low Value,"$500,000 to $999,999",retargeting,Eastern,61,FL,0
L-07026,meta,Low Value,,prospecting,Central,54,TN,0
L-07027,meta,Low Value,"$250,000 to $499,999",organic social,Mountain,81,MT,0
L-07028,bing,High Value,"Less than $250,000",brand,Eastern,88,PA,1
L-07029,google,Low Value,"Less than $250,000",nonbrand,Mountain,0,CO,0
L-07030,meta,Ideal,"$1,000,000 to $4,999,999",prospecting,Pacific,36,OR,0
L-07031,google,Ideal,"$10,000,000 to $24,999,999",brand,Pacific,81,CA,0
L-07032,meta,Low Value,"$500,000 to $999,999",organic social,Pacific,23,WA,0
L-07033,tiktok,Low Value,"$500,000 to $999,999",organic social,Central,61,IL,0
L-07034,google,High Value,"$500,000 to $999,999",brand,Eastern,40,VA,1
L-07035,google,Low Value,"Less than $250,000",brand,Central,68,TX,1
L-07036,google,High Value,"$10,000,000 to $24,999,999",pmax,Eastern,90,NY,0
L-07037,meta,Low Value,"Less than $250,000",prospecting,Eastern,36,FL,0
L-07038,google,Ideal,"Less than $250,000",ppc,Eastern,26,FL,0
L-07039,bing,High Value,Self-Serve Signup,brand,Mountain,24,CO,0
L-07040,google,Low Value,"$1,000,000 to $4,999,999",organic search,Eastern,65,NC,0
L-07041,google,Ideal,"Less than $250,000",nonbrand,Eastern,95,PA,0
L-07042,google,Low Value,"$500,000 to $999,999",brand,Central,10,TN,0
L-07043,meta,Low Value,"Less than $250,000",organic social,Eastern,56,VA,0
L-07044,tiktok,Low Value,"$500,000 to $999,999",prospecting,,86,,0
L-07045,bing,High Value,"$10,000,000 to $24,999,999",paid search,Central,100,TX,1
L-07046,google,High Value,"$1,000,000 to $4,999,999",cpc,Central,46,TX,0
L-07047,meta,Low Value,"Less than $250,000",organic social,Eastern,45,MA,0
L-07048,meta,Low Value,"Less than $250,000",retargeting,Eastern,19,NC,0
L-07049,bing,Low Value,"$250,000 to $499,999",,Pacific,72,WA,0
L-07050,bing,Ideal,"$500,000 to $999,999",cpc,Mountain,48,UT,0
L-07051,google,Low Value,,,Central,48,TX,0
L-07052,google,Ideal,"Less than $250,000",brand,Central,85,LA,1
L-07053,meta,Low Value,Self-Serve Signup,retargeting,Central,44,TN,0
L-07054,google,Ideal,,brand,Pacific,56,NV,0
L-07055,tiktok,Low Value,"Less than $250,000",ppc,Eastern,,NY,1
L-07056,tiktok,Low Value,"$250,000 to $499,999",prospecting,Eastern,56,FL,0
L-07057,google,Ideal,"Less than $250,000",nonbrand,Central,27,MO,0
L-07058,tiktok,Ideal,"$250,000 to $499,999",organic social,Central,48,TX,0
L-07059,google,Low Value,"$1,000,000 to $4,999,999",nonbrand,Eastern,34,NC,0
L-07060,google,High Value,"Less than $250,000",retargeting,Eastern,25,FL,0
L-07061,meta,Low Value,Self-Serve Signup,organic social,Eastern,0,FL,0
L-07062,tiktok,Low Value,"Less than $250,000",retargeting,Central,29,IL,0
L-07063,tiktok,Ideal,"$250,000 to $499,999",brand,,79,,0
L-07064,meta,Low Value,"Less than $250,000",retargeting,Arizona,72,AZ,0
L-07065,google,Ideal,"Less than $250,000",cpc,Central,0,IL,1
L-07066,meta,Ideal,"$500,000 to $999,999",cpc,Arizona,30,AZ,0
L-07067,bing,Ideal,"Less than $250,000",ppc,Eastern,84,NC,1
L-07068,google,Low Value,"$250,000 to $499,999",pmax,Pacific,19,WA,0
L-07069,google,Ideal,"$500,000 to $999,999",pmax,Eastern,51,NY,1
L-07070,google,Low Value,"$250,000 to $499,999",pmax,Eastern,52,NJ,0
L-07071,meta,Low Value,"Less than $250,000",retargeting,Central,0,MN,1
L-07072,bing,Ideal,"Less than $250,000",organic search,Central,65,MN,1
L-07073,meta,Low Value,"Less than $250,000",prospecting,,47,,0
L-07074,tiktok,Low Value,"Less than $250,000",prospecting,,49,,0
L-07075,tiktok,Ideal,"Less than $250,000",organic social,Eastern,39,VA,0
L-07076,google,Low Value,"$250,000 to $499,999",prospecting,Hawaii,24,HI,0
L-07077,meta,Low Value,"Less than $250,000",brand,Eastern,36,PA,0
L-07078,google,Ideal,"Less than $250,000",nonbrand,Pacific,84,CA,1
L-07079,bing,Low Value,Self-Serve Signup,nonbrand,Pacific,44,CA,0
L-07080,google,High Value,"$10,000,000 to $24,999,999",brand,Pacific,67,CA,0
L-07081,meta,Low Value,"Less than $250,000",retargeting,Pacific,44,CA,0
L-07082,meta,Low Value,"Less than $250,000",nonbrand,Mountain,53,CO,1
L-07083,google,High Value,"$250,000 to $499,999",nonbrand,Eastern,56,FL,0
L-07084,tiktok,Low Value,"Less than $250,000",organic social,Eastern,16,GA,0
L-07085,google,Ideal,"$500,000 to $999,999",pmax,Central,54,IL,0
L-07086,google,Ideal,,nonbrand,Mountain,87,UT,1
L-07087,bing,Ideal,"$5,000,000 to $9,999,999",brand,Central,22,IL,1
L-07088,meta,Unknown,"Less than $250,000",,Eastern,24,NY,0
L-07089,meta,Low Value,"$250,000 to $499,999",brand,Notify Admin,96,TN,1
L-07090,bing,Ideal,"Less than $250,000",brand,Alaska,44,AK,0
L-07091,meta,Low Value,"$1,000,000 to $4,999,999",prospecting,Eastern,100,PA,0
L-07092,meta,Low Value,"$1,000,000 to $4,999,999",retargeting,Eastern,,GA,1
L-07093,google,High Value,"$10,000,000 to $24,999,999",cpc,Central,100,MO,1
L-07094,google,Low Value,"Less than $250,000",paid search,Eastern,31,VA,0
L-07095,meta,Ideal,"Less than $250,000",retargeting,Eastern,72,PA,0
L-07096,google,High Value,"$500,000 to $999,999",brand,Pacific,38,CA,0
L-07097,google,Ideal,"$500,000 to $999,999",paid search,Alaska,100,AK,0
L-07098,meta,Ideal,Self-Serve Signup,prospecting,Pacific,71,CA,0
L-07099,google,Low Value,"Less than $250,000",brand,Eastern,37,NY,0
L-07100,google,Ideal,"$1,000,000 to $4,999,999",paid search,Eastern,94,GA,1
L-07101,google,Low Value,"Less than $250,000",prospecting,Eastern,12,FL,0
L-07102,google,Ideal,"$500,000 to $999,999",brand,Pacific,93,WA,0
L-07103,google,Ideal,"$1,000,000 to $4,999,999",pmax,Pacific,68,CA,1
L-07104,tiktok,Low Value,"Less than $250,000",organic social,Pacific,13,NV,0
L-07105,bing,High Value,"$250,000 to $499,999",paid search,Pacific,63,WA,0
L-07106,meta,Low Value,"$500,000 to $999,999",prospecting,Central,54,TN,1
L-07107,meta,Low Value,"$1,000,000 to $4,999,999",cpc,Eastern,65,OH,0
L-07108,meta,Low Value,"Less than $250,000",organic social,Pacific,70,CA,0
L-07109,meta,Low Value,"Less than $250,000",prospecting,Eastern,34,MI,0
L-07110,meta,Ideal,"Less than $250,000",cpc,Eastern,18,VA,1
L-07111,bing,Low Value,"Less than $250,000",paid search,Central,70,WI,0
L-07112,google,Ideal,"Less than $250,000",paid search,Eastern,52,OH,0
L-07113,google,High Value,,brand,Eastern,49,GA,1
L-07114,tiktok,Low Value,"$500,000 to $999,999",organic social,,62,,0
L-07115,meta,Low Value,"$500,000 to $999,999",nonbrand,Eastern,69,GA,0
L-07116,meta,Low Value,"Less than $250,000",organic social,Eastern,32,NJ,0
L-07117,tiktok,Low Value,"Less than $250,000",prospecting,Eastern,31,PA,0
L-07118,tiktok,High Value,"Less than $250,000",retargeting,Central,66,MN,1
L-07119,meta,Low Value,"$1,000,000 to $4,999,999",retargeting,Central,97,MO,0
L-07120,google,Ideal,,nonbrand,Eastern,48,NY,0
L-07121,meta,Low Value,"Less than $250,000",retargeting,Pacific,68,CA,0
L-07122,bing,Low Value,"$500,000 to $999,999",nonbrand,Central,58,TN,0
L-07123,google,Unknown,"Less than $250,000",nonbrand,Eastern,32,,1
L-07124,bing,Low Value,"$10,000,000 to $24,999,999",nonbrand,Pacific,38,WA,0
L-07125,meta,Low Value,"Less than $250,000",prospecting,Pacific,49,WA,0
L-07126,bing,Ideal,"$1,000,000 to $4,999,999",paid search,Eastern,37,MA,1
L-07127,google,Low Value,"Less than $250,000",paid search,Pacific,58,CA,0
L-07128,google,Unknown,"$1,000,000 to $4,999,999",cpc,Arizona,59,AZ,0
L-07129,google,Ideal,"$1,000,000 to $4,999,999",paid search,Eastern,60,FL,0
L-07130,google,Ideal,"Less than $250,000",brand,Pacific,73,WA,0
L-07131,google,High Value,"$500,000 to $999,999",paid search,Pacific,84,WA,1
L-07132,google,Unknown,"Less than $250,000",brand,Pacific,52,CA,0
L-07133,bing,High Value,"$10,000,000 to $24,999,999",paid search,Central,92,TX,0
L-07134,meta,Low Value,"Less than $250,000",prospecting,Eastern,21,OH,0
L-07135,google,Low Value,"Less than $250,000",,Pacific,50,CA,0
L-07136,google,Ideal,"Less than $250,000",cpc,Central,56,MO,0
L-07137,meta,High Value,"$250,000 to $499,999",brand,Eastern,41,GA,0
L-07138,tiktok,Ideal,"$250,000 to $499,999",ppc,Eastern,49,PA,0
L-07139,bing,Ideal,"$500,000 to $999,999",paid search,Eastern,68,OH,0
L-07140,meta,High Value,"$500,000 to $999,999",prospecting,Central,65,TX,1
L-07141,meta,Low Value,Self-Serve Signup,prospecting,Eastern,,NY,0
L-07142,tiktok,High Value,"Less than $250,000",prospecting,Central,71,IL,0
L-07143,meta,Unknown,"Less than $250,000",prospecting,Eastern,30,NJ,0
L-07144,bing,Low Value,"$500,000 to $999,999",paid search,Pacific,48,WA,1
L-07145,google,Ideal,"$500,000 to $999,999",brand,Central,51,IL,0
L-07146,meta,Low Value,"Less than $250,000",organic social,Eastern,0,NJ,0
L-07147,google,High Value,"Less than $250,000",paid search,Pacific,100,CA,1
L-07148,google,High Value,"$10,000,000 to $24,999,999",pmax,Alaska,35,AK,0
L-07149,meta,Low Value,"Less than $250,000",prospecting,Central,5,,0
L-07150,meta,Low Value,"Less than $250,000",prospecting,Eastern,44,MA,1
L-07151,google,Ideal,"$10,000,000 to $24,999,999",paid search,Arizona,100,AZ,1
L-07152,bing,High Value,"$1,000,000 to $4,999,999",cpc,Eastern,46,MA,0
L-07153,google,Low Value,"$1,000,000 to $4,999,999",brand,Central,48,TX,1
L-07154,tiktok,Low Value,"Less than $250,000",,Pacific,18,CA,0
L-07155,google,Low Value,"$5,000,000 to $9,999,999",nonbrand,Eastern,51,FL,0
L-07156,bing,High Value,"$10,000,000 to $24,999,999",cpc,Pacific,80,CA,0
L-07157,google,Ideal,,cpc,Eastern,100,NJ,0
L-07158,tiktok,Low Value,"Less than $250,000",retargeting_lead_generation,Pacific,32,WA,0
L-07159,bing,Low Value,"Less than $250,000",nonbrand,Pacific,34,OR,0
L-07160,google,High Value,"$10,000,000 to $24,999,999",paid search,Pacific,100,OR,1
L-07161,google,Low Value,"$5,000,000 to $9,999,999",pmax,Eastern,89,NY,1
L-07162,google,Low Value,"Less than $250,000",pmax,Eastern,23,PA,0
L-07163,google,High Value,"$1,000,000 to $4,999,999",organic search,Eastern,92,FL,0
L-07164,tiktok,Low Value,,prospecting,Arizona,43,AZ,0
L-07165,tiktok,Low Value,"Less than $250,000",organic social,Pacific,47,CA,0
L-07166,google,Low Value,"$1,000,000 to $4,999,999",cpc,Eastern,2,PA,1
L-07167,google,Ideal,"$10,000,000 to $24,999,999",nonbrand,Pacific,45,WA,0
L-07168,meta,Low Value,"Less than $250,000",prospecting,Eastern,,MA,0
L-07169,meta,Ideal,"Less than $250,000",organic social,Central,44,TX,0
L-07170,google,Ideal,"$500,000 to $999,999",ppc,Mountain,77,CO,0
L-07171,google,High Value,"$5,000,000 to $9,999,999",ppc,Central,93,IL,0
L-07172,google,High Value,"$1,000,000 to $4,999,999",nonbrand,Arizona,22,AZ,0
L-07173,bing,High Value,"Less than $250,000",cpc,Central,74,MN,0
L-07174,google,High Value,"$500,000 to $999,999",prospecting,Central,86,TX,1
L-07175,meta,Unknown,,,Eastern,77,PA,0
L-07176,tiktok,Ideal,"Less than $250,000",retargeting,Eastern,89,GA,1
L-07177,meta,Low Value,"$1,000,000 to $4,999,999",retargeting,Central,91,TN,0
L-07178,meta,Low Value,"$1,000,000 to $4,999,999",prospecting,Eastern,38,PA,0
L-07179,google,Low Value,"$250,000 to $499,999",paid search,Central,98,TX,0
L-07180,google,Low Value,"Less than $250,000",paid search,Arizona,0,AZ,0
L-07181,tiktok,Low Value,"Less than $250,000",retargeting,Eastern,39,NJ,0
L-07182,tiktok,Low Value,"$250,000 to $499,999",retargeting,Central,49,TX,0
L-07183,meta,Low Value,"Less than $250,000",prospecting,Eastern,7,PA,0
L-07184,google,Low Value,Self-Serve Signup,pmax,Eastern,52,NC,1
L-07185,bing,Ideal,"Less than $250,000",ppc,Eastern,100,VA,0
L-07186,google,Ideal,"$500,000 to $999,999",brand,Eastern,100,MI,1
L-07187,google,High Value,"$1,000,000 to $4,999,999",organic search,Eastern,85,VA,1
L-07188,google,Ideal,"Less than $250,000",brand,Eastern,57,NJ,0
L-07189,bing,Unknown,"$1,000,000 to $4,999,999",cpc,Eastern,79,OH,1
L-07190,meta,Low Value,"$1,000,000 to $4,999,999",prospecting,Pacific,100,CA,1
L-07191,meta,Ideal,"Less than $250,000",retargeting,Eastern,38,GA,0
L-07192,meta,Low Value,"Less than $250,000",prospecting,Hawaii,62,HI,0
L-07193,google,Ideal,"$250,000 to $499,999",brand,Eastern,85,NJ,1
L-07194,google,Low Value,,brand,Eastern,100,FL,1
L-07195,tiktok,Low Value,Self-Serve Signup,retargeting,Eastern,38,NY,0
L-07196,google,Ideal,"$5,000,000 to $9,999,999",pmax,Alaska,90,AK,1
L-07197,bing,Low Value,"Less than $250,000",,Central,61,TN,0
L-07198,meta,High Value,"$10,000,000 to $24,999,999",ppc,Eastern,55,FL,0
L-07199,bing,Low Value,"Less than $250,000",cpc,Pacific,8,CA,0
L-07200,tiktok,Unknown,"$250,000 to $499,999",organic social,Central,23,MN,0
L-07201,google,High Value,"$250,000 to $499,999",paid search,Eastern,,MI,0
L-07202,tiktok,Ideal,"Less than $250,000",prospecting,Pacific,24,CA,0
L-07203,meta,Low Value,"Less than $250,000",retargeting,Central,22,MN,0
L-07204,google,Low Value,"Less than $250,000",nonbrand,Eastern,6,NY,0
L-07205,google,Low Value,"Less than $250,000",brand,Central,21,TX,0
L-07206,google,Low Value,"$250,000 to $499,999",organic search,Eastern,,NY,0
L-07207,bing,High Value,"Less than $250,000",nonbrand,Central,52,IL,0
L-07208,google,High Value,"$250,000 to $499,999",cpc,Eastern,73,MI,0
L-07209,meta,Low Value,"Less than $250,000",prospecting,Mountain,31,MT,0
L-07210,bing,Low Value,"$250,000 to $499,999",organic search,Central,22,IL,0
L-07211,google,Low Value,"Less than $250,000",,Central,47,TX,0
L-07212,meta,Low Value,"$10,000,000 to $24,999,999",prospecting,Central,63,TX,1
L-07213,google,Ideal,"$250,000 to $499,999",ppc,Eastern,54,NJ,0
L-07214,google,Unknown,"Less than $250,000",cpc,Pacific,69,WA,0
L-07215,google,Low Value,"Less than $250,000",nonbrand,Pacific,42,CA,0
L-07216,google,Ideal,"$500,000 to $999,999",paid search,Alaska,55,AK,1
L-07217,bing,Ideal,"$500,000 to $999,999",brand,Pacific,72,NV,1
L-07218,google,Unknown,"$500,000 to $999,999",cpc,Mountain,11,,0
L-07219,google,Unknown,"Less than $250,000",brand,Pacific,24,CA,0
L-07220,google,Ideal,"Less than $250,000",brand,Eastern,36,PA,0
L-07221,meta,Ideal,"Less than $250,000",retargeting,Pacific,50,CA,1
L-07222,meta,Low Value,"Less than $250,000",prospecting,Eastern,45,NY,0
L-07223,tiktok,Low Value,"$250,000 to $499,999",prospecting,,51,,0
L-07224,meta,Low Value,"Less than $250,000",organic social,Arizona,,AZ,0
L-07225,bing,Low Value,"Less than $250,000",retargeting_lead_generation,Central,3,MO,0
L-07226,google,Low Value,"$250,000 to $499,999",ppc,Mountain,51,CO,0
L-07227,google,High Value,"$1,000,000 to $4,999,999",brand,Mountain,72,CO,0
L-07228,google,Unknown,"$250,000 to $499,999",brand,Eastern,87,NC,0
L-07229,meta,Low Value,"Less than $250,000",retargeting,,,,0
L-07230,meta,Low Value,"$250,000 to $499,999",pmax,Pacific,35,CA,0
L-07231,google,High Value,,,Eastern,59,MI,1
L-07232,google,Low Value,"Less than $250,000",pmax,Central,0,TX,0
L-07233,meta,Low Value,"Less than $250,000",organic social,Mountain,35,UT,0
L-07234,google,Low Value,"$1,000,000 to $4,999,999",ppc,Pacific,73,WA,1
L-07235,meta,Ideal,"$500,000 to $999,999",prospecting,Central,23,TX,1
L-07236,google,Low Value,"Less than $250,000",ppc,Eastern,38,NY,0
L-07237,bing,High Value,"$1,000,000 to $4,999,999",rd,Eastern,76,GA,0
L-07238,google,High Value,"$250,000 to $499,999",ppc,Eastern,100,NY,0
L-07239,google,High Value,"$10,000,000 to $24,999,999",nonbrand,Pacific,100,WA,1
L-07240,tiktok,Low Value,"Less than $250,000",prospecting,Hawaii,63,HI,0
L-07241,bing,Ideal,"$250,000 to $499,999",organic search,Eastern,61,PA,1
L-07242,bing,Ideal,"$500,000 to $999,999",retargeting,Pacific,71,OR,0
L-07243,google,Low Value,"Less than $250,000",organic search,Eastern,45,GA,0
L-07244,meta,Unknown,"Less than $250,000",organic search,Eastern,56,FL,0
L-07245,meta,Unknown,"Less than $250,000",retargeting,,50,,1
L-07246,meta,Low Value,"Less than $250,000",prospecting,Eastern,29,FL,1
L-07247,meta,Low Value,"Less than $250,000",prospecting,Eastern,47,NC,0
L-07248,google,High Value,"$250,000 to $499,999",nonbrand,Pacific,44,WA,0
L-07249,bing,High Value,"$5,000,000 to $9,999,999",organic search,Eastern,25,NC,0
L-07250,tiktok,Low Value,Self-Serve Signup,organic social,Pacific,27,OR,0
L-07251,meta,Low Value,"$250,000 to $499,999",prospecting,Eastern,73,NY,0
L-07252,google,Low Value,"Less than $250,000",nonbrand,Pacific,61,CA,0
L-07253,meta,Ideal,"$1,000,000 to $4,999,999",prospecting,Mountain,68,UT,0
L-07254,google,Low Value,"$500,000 to $999,999",brand,Central,15,LA,0
L-07255,meta,Ideal,"$500,000 to $999,999",retargeting,Central,17,TX,0
L-07256,bing,Low Value,"$1,000,000 to $4,999,999",nonbrand,Eastern,66,NJ,0
L-07257,tiktok,Low Value,"$250,000 to $499,999",prospecting,Arizona,49,AZ,0
L-07258,google,Unknown,"$500,000 to $999,999",organic search,Pacific,68,WA,0
L-07259,meta,High Value,"$250,000 to $499,999",prospecting,Central,61,TX,0
L-07260,google,Ideal,,nonbrand,Pacific,71,CA,0
L-07261,meta,Low Value,"Less than $250,000",retargeting,Eastern,63,NY,0
L-07262,meta,Low Value,"Less than $250,000",ppc,Eastern,33,NY,0
L-07263,google,High Value,"Less than $250,000",brand,Eastern,59,MI,0
L-07264,google,High Value,"$250,000 to $499,999",organic search,Eastern,21,NJ,0
L-07265,meta,Unknown,"Less than $250,000",organic social,,72,,1
L-07266,tiktok,Low Value,"$500,000 to $999,999",retargeting_lead_generation,Pacific,66,CA,1
L-07267,google,High Value,"$1,000,000 to $4,999,999",brand,Pacific,35,CA,0
L-07268,meta,Low Value,"Less than $250,000",prospecting,Eastern,74,GA,0
L-07269,meta,Low Value,"Less than $250,000",organic social,Eastern,0,MA,0
L-07270,tiktok,Ideal,"$250,000 to $499,999",retargeting,Pacific,54,WA,0
L-07271,bing,Low Value,"Less than $250,000",cpc,Central,74,MN,1
L-07272,meta,Low Value,"Less than $250,000",prospecting,Central,71,TN,0
L-07273,meta,Ideal,"Less than $250,000",prospecting,Pacific,75,CA,0
L-07274,meta,Ideal,"$1,000,000 to $4,999,999",retargeting,Central,48,TX,1
L-07275,meta,Ideal,"$500,000 to $999,999",prospecting,Pacific,47,CA,0
L-07276,tiktok,Unknown,"$250,000 to $499,999",organic social,Central,100,WI,0
L-07277,bing,Low Value,"$5,000,000 to $9,999,999",paid search,Pacific,40,WA,1
L-07278,meta,Unknown,"Less than $250,000",prospecting,Eastern,34,FL,0
L-07279,tiktok,Low Value,,organic social,Pacific,42,CA,0
L-07280,meta,Low Value,"$1,000,000 to $4,999,999",retargeting,Pacific,100,CA,1
L-07281,bing,High Value,"$250,000 to $499,999",retargeting,Eastern,85,FL,1
L-07282,tiktok,Ideal,"Less than $250,000",retargeting,Eastern,35,FL,0
L-07283,meta,High Value,"Less than $250,000",prospecting,Mountain,89,CO,0
L-07284,meta,Low Value,"$500,000 to $999,999",prospecting,,53,,0
L-07285,meta,Low Value,"Less than $250,000",cpc,Eastern,48,NC,0
L-07286,google,High Value,"$500,000 to $999,999",prospecting,Central,100,TX,0
L-07287,meta,Ideal,"Less than $250,000",prospecting,Mountain,,MT,0
L-07288,meta,Low Value,"$250,000 to $499,999",retargeting,Mountain,41,CO,0
L-07289,google,Unknown,"Less than $250,000",brand,,89,,0
L-07290,google,High Value,"$250,000 to $499,999",brand,Pacific,100,WA,1
L-07291,tiktok,Low Value,"$250,000 to $499,999",prospecting,Eastern,37,PA,0
L-07292,google,High Value,"$10,000,000 to $24,999,999",cpc,Eastern,28,VA,0
L-07293,google,High Value,"$10,000,000 to $24,999,999",prospecting,Mountain,100,CO,0
L-07294,tiktok,Low Value,"Less than $250,000",prospecting,Mountain,42,UT,0
L-07295,meta,Low Value,"Less than $250,000",prospecting,Central,41,TX,0
L-07296,meta,Ideal,"Less than $250,000",prospecting,Pacific,18,,0
L-07297,google,Unknown,"$10,000,000 to $24,999,999",nonbrand,Eastern,,NY,0
L-07298,google,Low Value,"$250,000 to $499,999",brand,Eastern,64,NJ,1
L-07299,tiktok,Ideal,Self-Serve Signup,organic social,Eastern,,OH,0
L-07300,meta,Low Value,"$1,000,000 to $4,999,999",retargeting,Pacific,11,CA,0
L-07301,google,Unknown,"$250,000 to $499,999",organic search,Eastern,100,NY,0
L-07302,meta,Unknown,"Less than $250,000",prospecting,Eastern,49,NC,0
L-07303,google,High Value,Self-Serve Signup,nonbrand,Eastern,69,PA,0
L-07304,google,Low Value,"Less than $250,000",ppc,Pacific,55,CA,1
L-07305,google,Low Value,"$250,000 to $499,999",pmax,Central,71,IL,0
L-07306,meta,Ideal,"Less than $250,000",prospecting,Eastern,51,PA,0
L-07307,google,High Value,"Less than $250,000",pmax,Eastern,0,PA,0
L-07308,meta,High Value,,prospecting,Notify Admin,13,GA,0
L-07309,google,Unknown,"$250,000 to $499,999",cpc,Arizona,69,AZ,0
L-07310,tiktok,Low Value,"$250,000 to $499,999",organic social,Central,53,TX,0
L-07311,google,Ideal,"$5,000,000 to $9,999,999",paid search,Pacific,36,,0
L-07312,google,High Value,"$10,000,000 to $24,999,999",cpc,Central,89,IL,0
L-07313,bing,Ideal,"Less than $250,000",nonbrand,Mountain,,MT,0
L-07314,google,High Value,"$250,000 to $499,999",organic search,Eastern,74,MA,1
L-07315,meta,Low Value,"Less than $250,000",prospecting,Eastern,20,PA,0
L-07316,meta,Low Value,"Less than $250,000",prospecting,Eastern,10,FL,0
L-07317,tiktok,Low Value,"Less than $250,000",prospecting,Central,25,TX,0
L-07318,meta,Low Value,"$5,000,000 to $9,999,999",organic social,Eastern,80,PA,1
L-07319,bing,Low Value,"Less than $250,000",,Eastern,37,OH,1
L-07320,google,Low Value,"$500,000 to $999,999",retargeting,Central,42,MO,0
L-07321,tiktok,Low Value,Self-Serve Signup,,Pacific,0,CA,0
L-07322,google,Low Value,"$5,000,000 to $9,999,999",brand,Eastern,29,NY,1
L-07323,meta,Ideal,"$1,000,000 to $4,999,999",prospecting,Eastern,41,NJ,1
L-07324,meta,Low Value,"$250,000 to $499,999",,Pacific,6,CA,0
L-07325,bing,Low Value,"Less than $250,000",cpc,Eastern,45,MA,0
L-07326,tiktok,Ideal,"$250,000 to $499,999",prospecting,Arizona,69,AZ,0
L-07327,google,Ideal,"Less than $250,000",nonbrand,Pacific,34,CA,0
L-07328,google,Low Value,"$250,000 to $499,999",brand,,44,,0
L-07329,bing,Ideal,"Less than $250,000",brand,Eastern,15,GA,0
L-07330,meta,Low Value,"$250,000 to $499,999",organic social,Mountain,56,CO,0
L-07331,google,High Value,"Less than $250,000",paid search,Eastern,59,NC,0
L-07332,meta,Ideal,"Less than $250,000",prospecting,Arizona,19,AZ,0
L-07333,bing,Unknown,"$1,000,000 to $4,999,999",cpc,Eastern,63,NY,1
L-07334,meta,Low Value,"Less than $250,000",retargeting,Central,23,TX,0
L-07335,bing,Low Value,"Less than $250,000",nonbrand,Eastern,41,NY,0
L-07336,google,High Value,"$10,000,000 to $24,999,999",organic search,Pacific,99,CA,1
L-07337,google,High Value,"$1,000,000 to $4,999,999",brand,Arizona,96,AZ,0
L-07338,bing,High Value,"$5,000,000 to $9,999,999",ppc,Central,89,TX,0
L-07339,meta,High Value,"Less than $250,000",organic social,Central,43,TX,0
L-07340,meta,Ideal,"Less than $250,000",retargeting,Eastern,13,PA,1
L-07341,tiktok,High Value,"$250,000 to $499,999",prospecting,Eastern,0,FL,0
L-07342,google,High Value,"$250,000 to $499,999",cpc,Eastern,40,NC,0
L-07343,tiktok,Unknown,"Less than $250,000",prospecting,,14,,0
L-07344,meta,High Value,"$250,000 to $499,999",organic social,Eastern,98,NY,0
L-07345,google,High Value,"Less than $250,000",nonbrand,,22,,0
L-07346,tiktok,Low Value,"Less than $250,000",cpc,Eastern,14,MA,0
L-07347,google,High Value,"$500,000 to $999,999",brand,Eastern,62,VA,1
L-07348,meta,Low Value,"Less than $250,000",retargeting,Eastern,28,PA,0
L-07349,meta,Low Value,"Less than $250,000",organic social,Central,0,IL,0
L-07350,google,High Value,"$500,000 to $999,999",,Eastern,42,NC,0
L-07351,meta,Low Value,"Less than $250,000",prospecting,Hawaii,51,HI,0
L-07352,google,Low Value,,nonbrand,Eastern,22,NJ,1
L-07353,bing,Unknown,Self-Serve Signup,paid search,Central,37,,1
L-07354,google,Low Value,"Less than $250,000",pmax,Eastern,78,GA,0
L-07355,google,Ideal,"$1,000,000 to $4,999,999",,Arizona,51,AZ,0
L-07356,tiktok,Low Value,"Less than $250,000",,Eastern,45,GA,0
L-07357,meta,Ideal,"$250,000 to $499,999",prospecting,Eastern,69,GA,0
L-07358,meta,Ideal,"$1,000,000 to $4,999,999",organic social,Pacific,15,CA,0
L-07359,meta,Low Value,"Less than $250,000",prospecting,Eastern,32,,1
L-07360,google,High Value,"$500,000 to $999,999",ppc,Mountain,100,CO,1
L-07361,google,Low Value,"Less than $250,000",nonbrand,Mountain,37,CO,0
L-07362,bing,High Value,"$5,000,000 to $9,999,999",nonbrand,Pacific,100,CA,1
L-07363,google,Ideal,"$1,000,000 to $4,999,999",paid search,Arizona,100,AZ,0
L-07364,google,Low Value,"$500,000 to $999,999",paid search,Pacific,31,CA,0
L-07365,tiktok,Low Value,"$500,000 to $999,999",retargeting,Pacific,52,WA,0
L-07366,meta,Ideal,"Less than $250,000",prospecting,Arizona,3,AZ,0
L-07367,google,Unknown,"$1,000,000 to $4,999,999",paid search,Eastern,52,VA,0
L-07368,google,Ideal,"Less than $250,000",nonbrand,Central,100,LA,0
L-07369,meta,Low Value,"Less than $250,000",retargeting,Pacific,33,WA,0
L-07370,meta,Ideal,"Less than $250,000",organic social,Eastern,23,FL,1
L-07371,meta,Low Value,"$250,000 to $499,999",organic social,Eastern,37,GA,0
L-07372,meta,Low Value,"Less than $250,000",brand,Pacific,23,CA,0
L-07373,tiktok,Low Value,"Less than $250,000",cpc,Eastern,45,NY,0
L-07374,google,Low Value,,prospecting,Central,62,TN,0
L-07375,meta,Low Value,"$250,000 to $499,999",prospecting,,65,,0
L-07376,google,Unknown,"$500,000 to $999,999",nonbrand,Pacific,67,CA,1
L-07377,meta,Low Value,"Less than $250,000",prospecting,Pacific,72,OR,0
L-07378,bing,Low Value,"$500,000 to $999,999",prospecting,Central,25,MO,0
L-07379,tiktok,Low Value,"$250,000 to $499,999",brand,Eastern,68,NC,0
L-07380,meta,Low Value,"Less than $250,000",prospecting,Central,78,TX,0
L-07381,meta,Low Value,"$250,000 to $499,999",organic social,Central,81,TX,0
L-07382,meta,Low Value,"$250,000 to $499,999",prospecting,Eastern,45,PA,0
L-07383,bing,Low Value,"$250,000 to $499,999",cpc,Mountain,58,CO,0
L-07384,meta,Low Value,"Less than $250,000",organic social,Central,8,MN,0
L-07385,google,Ideal,"$500,000 to $999,999",paid search,Central,83,IL,1
L-07386,meta,Low Value,"Less than $250,000",prospecting,Eastern,34,PA,0
L-07387,bing,Ideal,"$1,000,000 to $4,999,999",brand,Central,65,TX,1
L-07388,meta,Low Value,"Less than $250,000",retargeting,Central,69,TX,0
L-07389,meta,Low Value,"$250,000 to $499,999",brand,,47,,0
L-07390,google,Ideal,"Less than $250,000",cpc,Eastern,64,VA,0
L-07391,google,Low Value,"$1,000,000 to $4,999,999",,,55,,0
L-07392,tiktok,Low Value,"Less than $250,000",pmax,Eastern,78,NY,1
L-07393,google,Ideal,"$1,000,000 to $4,999,999",brand,Eastern,,VA,1
L-07394,tiktok,Unknown,"$500,000 to $999,999",prospecting,Eastern,43,NJ,1
L-07395,google,Ideal,"Less than $250,000",retargeting,Eastern,28,NC,0
L-07396,meta,Low Value,"Less than $250,000",prospecting,Central,21,TX,0
L-07397,bing,High Value,"$250,000 to $499,999",brand,Eastern,100,GA,0
L-07398,bing,High Value,"$500,000 to $999,999",brand,Eastern,81,NY,0
L-07399,meta,Low Value,"$250,000 to $499,999",prospecting,Central,0,TX,0
L-07400,meta,Ideal,"$250,000 to $499,999",nonbrand,Central,61,WI,0
L-07401,meta,Low Value,"Less than $250,000",retargeting,Central,52,LA,1
L-07402,tiktok,Ideal,"$250,000 to $499,999",prospecting,Eastern,31,MA,0
L-07403,bing,Low Value,"Less than $250,000",nonbrand,Eastern,78,VA,0
L-07404,google,Ideal,"$500,000 to $999,999",ppc,Central,92,TX,1
L-07405,google,Unknown,"$500,000 to $999,999",organic search,Central,38,TN,0
L-07406,meta,Unknown,"Less than $250,000",retargeting,Central,18,,0
L-07407,tiktok,Low Value,"Less than $250,000",organic social,Mountain,0,CO,0
L-07408,google,Low Value,"Less than $250,000",paid search,Central,,WI,0
L-07409,tiktok,Low Value,,prospecting,Pacific,14,CA,0
L-07410,meta,Ideal,"$500,000 to $999,999",retargeting,Central,58,TX,1
L-07411,google,Ideal,"Less than $250,000",nonbrand,Eastern,49,MA,1
L-07412,meta,Low Value,,retargeting,,71,,0
L-07413,google,High Value,"$250,000 to $499,999",organic search,Eastern,75,NC,0
L-07414,google,High Value,"$500,000 to $999,999",paid search,Pacific,62,OR,1
L-07415,google,Unknown,"Less than $250,000",paid search,Central,30,IL,0
L-07416,meta,Unknown,"$250,000 to $499,999",organic search,Central,60,IL,0
L-07417,meta,High Value,"$1,000,000 to $4,999,999",ppc,Eastern,53,MA,0
L-07418,bing,High Value,"$5,000,000 to $9,999,999",brand,Eastern,99,NY,1
L-07419,tiktok,Low Value,"$500,000 to $999,999",prospecting,Pacific,22,CA,0
L-07420,meta,Low Value,"$250,000 to $499,999",prospecting,Eastern,45,MI,1
L-07421,bing,Ideal,"Less than $250,000",brand,Eastern,49,NC,1
L-07422,google,Ideal,"Less than $250,000",organic search,Pacific,100,CA,0
L-07423,google,High Value,"$1,000,000 to $4,999,999",nonbrand,Eastern,35,NY,0
L-07424,meta,Ideal,"Less than $250,000",,Eastern,0,VA,1
L-07425,meta,Ideal,"Less than $250,000",retargeting,Eastern,23,NY,0
L-07426,bing,Ideal,"$1,000,000 to $4,999,999",paid search,Central,100,,1
L-07427,google,High Value,"$1,000,000 to $4,999,999",nonbrand,,81,,0
L-07428,bing,Unknown,"Less than $250,000",nonbrand,,48,,0
L-07429,meta,Low Value,"$1,000,000 to $4,999,999",retargeting,Central,36,TX,0
L-07430,google,Low Value,"Less than $250,000",nonbrand,Mountain,0,UT,0
L-07431,google,Low Value,"$500,000 to $999,999",organic search,Eastern,,GA,0
L-07432,bing,Ideal,"Less than $250,000",brand,Eastern,57,NY,0
L-07433,google,Low Value,,pmax,Central,58,TN,0
L-07434,google,Low Value,"Less than $250,000",brand,Central,19,MO,0
L-07435,tiktok,Low Value,"$500,000 to $999,999",prospecting,Eastern,18,PA,1
L-07436,bing,Low Value,"$500,000 to $999,999",paid search,Eastern,67,GA,1
L-07437,meta,High Value,"$250,000 to $499,999",prospecting,Eastern,58,OH,0
L-07438,google,Low Value,"Less than $250,000",ppc,Eastern,0,NY,0
L-07439,bing,Low Value,"Less than $250,000",ppc,,64,,0
L-07440,google,Low Value,"$1,000,000 to $4,999,999",pmax,Eastern,,FL,0
L-07441,meta,Ideal,"Less than $250,000",organic social,,43,,0
L-07442,google,High Value,"$250,000 to $499,999",brand,Eastern,42,NY,0
L-07443,meta,Unknown,"Less than $250,000",brand,Central,61,TN,0
L-07444,google,Low Value,"$500,000 to $999,999",cpc,Pacific,48,CA,0
L-07445,google,High Value,"$1,000,000 to $4,999,999",brand,Pacific,50,OR,0
L-07446,meta,Ideal,"$500,000 to $999,999",prospecting,Eastern,4,FL,0
L-07447,google,Low Value,"$5,000,000 to $9,999,999",nonbrand,Eastern,56,NY,1
L-07448,bing,High Value,"$250,000 to $499,999",paid search,,17,,0
L-07449,meta,Unknown,"Less than $250,000",cpc,Central,49,TX,0
L-07450,meta,Ideal,"$250,000 to $499,999",prospecting,Eastern,29,NY,0
L-07451,tiktok,Ideal,Self-Serve Signup,organic social,Pacific,38,CA,0
L-07452,tiktok,Ideal,"$500,000 to $999,999",brand,Pacific,77,NV,0
L-07453,meta,Low Value,Self-Serve Signup,retargeting,Eastern,8,FL,0
L-07454,meta,High Value,"$1,000,000 to $4,999,999",cpc,Eastern,80,NY,1
L-07455,tiktok,Ideal,"Less than $250,000",cpc,Pacific,79,OR,1
L-07456,bing,High Value,"$1,000,000 to $4,999,999",paid search,Central,85,MN,1
L-07457,google,Ideal,"$250,000 to $499,999",paid search,Eastern,23,VA,0
L-07458,meta,Ideal,Self-Serve Signup,organic social,,13,,0
L-07459,google,Low Value,"$500,000 to $999,999",paid search,Pacific,89,CA,0
L-07460,google,Ideal,"$250,000 to $499,999",brand,Eastern,92,MA,0
L-07461,tiktok,Ideal,"$250,000 to $499,999",retargeting,Pacific,36,OR,0
L-07462,meta,Low Value,"$1,000,000 to $4,999,999",prospecting,Eastern,70,NY,0
L-07463,meta,Low Value,"Less than $250,000",,Central,0,MO,0
L-07464,google,Ideal,"Less than $250,000",retargeting,Pacific,56,CA,0
L-07465,tiktok,Ideal,"Less than $250,000",prospecting,Eastern,22,FL,0
L-07466,tiktok,Low Value,"Less than $250,000",organic social,Eastern,61,NY,0
L-07467,google,Low Value,"Less than $250,000",nonbrand,Central,85,WI,0
L-07468,meta,Low Value,"$500,000 to $999,999",retargeting,Eastern,68,OH,1
L-07469,meta,Low Value,"$500,000 to $999,999",organic social,--,62,MI,0
L-07470,bing,Low Value,"$1,000,000 to $4,999,999",brand,Eastern,56,MI,0
L-07471,google,High Value,"Less than $250,000",brand,Central,89,IL,1
L-07472,google,Ideal,"$1,000,000 to $4,999,999",organic search,Central,25,TX,0
L-07473,meta,Low Value,"Less than $250,000",retargeting,--,69,CA,0
L-07474,bing,High Value,,nonbrand,Central,47,IL,1
L-07475,google,Low Value,"Less than $250,000",retargeting,Pacific,31,CA,0
L-07476,google,Low Value,"Less than $250,000",cpc,Eastern,0,FL,0
L-07477,google,Low Value,"Less than $250,000",brand,Eastern,34,PA,0
L-07478,meta,Low Value,"Less than $250,000",organic social,Eastern,0,NY,0
L-07479,google,Ideal,"$250,000 to $499,999",paid search,,54,,0
L-07480,meta,High Value,"$1,000,000 to $4,999,999",prospecting,Eastern,46,MA,0
L-07481,bing,Low Value,"Less than $250,000",nonbrand,,36,,0
L-07482,meta,Low Value,"$500,000 to $999,999",prospecting,Eastern,30,NJ,0
L-07483,google,Low Value,"Less than $250,000",brand,Eastern,46,GA,0
L-07484,tiktok,Low Value,Self-Serve Signup,prospecting,Eastern,18,MA,0
L-07485,google,Low Value,"$250,000 to $499,999",paid search,Pacific,51,NV,0
L-07486,meta,Ideal,,brand,Mountain,46,CO,0
L-07487,meta,High Value,"Less than $250,000",prospecting,Pacific,100,CA,0
L-07488,tiktok,Ideal,"$250,000 to $499,999",,Eastern,48,NC,0
L-07489,tiktok,Low Value,"$250,000 to $499,999",prospecting,Arizona,52,,0
L-07490,tiktok,Unknown,"Less than $250,000",prospecting,Mountain,56,CO,0
L-07491,google,Ideal,"Less than $250,000",brand,Eastern,47,PA,1
L-07492,bing,Ideal,"$250,000 to $499,999",brand,Pacific,37,NV,0
L-07493,meta,Low Value,"Less than $250,000",prospecting,Central,,MN,0
L-07494,meta,Ideal,"$250,000 to $499,999",retargeting,Pacific,71,CA,0
L-07495,meta,Low Value,Self-Serve Signup,prospecting,Pacific,42,,0
L-07496,google,Ideal,"Less than $250,000",brand,Eastern,53,FL,0
L-07497,tiktok,Low Value,"Less than $250,000",nonbrand,Eastern,29,PA,0
L-07498,google,Low Value,"Less than $250,000",ppc,Central,9,MN,0
L-07499,google,High Value,"$10,000,000 to $24,999,999",paid search,Central,34,IL,0
L-07500,tiktok,High Value,"$500,000 to $999,999",retargeting,Pacific,77,OR,0
L-07501,google,Ideal,"$250,000 to $499,999",cpc,Eastern,66,GA,0
L-07502,bing,Ideal,"$250,000 to $499,999",paid search,Central,25,MN,0
L-07503,google,Ideal,"Less than $250,000",cpc,Arizona,9,AZ,0
L-07504,bing,Low Value,Self-Serve Signup,nonbrand,Central,1,MN,0
L-07505,tiktok,Low Value,"Less than $250,000",retargeting,Eastern,47,MI,0
L-07506,google,Low Value,"$1,000,000 to $4,999,999",ppc,Pacific,58,CA,1
L-07507,google,Ideal,"$250,000 to $499,999",pmax,Eastern,64,FL,0
L-07508,meta,Low Value,"Less than $250,000",retargeting,Eastern,,NY,0
L-07509,tiktok,Ideal,"$1,000,000 to $4,999,999",prospecting,Eastern,36,OH,0
L-07510,google,Unknown,"$500,000 to $999,999",nonbrand,Eastern,61,VA,1
L-07511,google,Ideal,"$10,000,000 to $24,999,999",brand,Central,100,TX,1
L-07512,meta,Ideal,"$250,000 to $499,999",,Central,74,,0
L-07513,tiktok,Ideal,"Less than $250,000",retargeting,Eastern,24,NJ,1
L-07514,google,Ideal,"$250,000 to $499,999",retargeting,Pacific,21,WA,0
L-07515,meta,Ideal,"$5,000,000 to $9,999,999",prospecting,Eastern,50,NY,0
L-07516,tiktok,Low Value,"Less than $250,000",brand,Pacific,46,WA,0
L-07517,google,Ideal,"$10,000,000 to $24,999,999",cpc,Eastern,57,NJ,0
L-07518,google,Low Value,"Less than $250,000",pmax,Pacific,55,CA,0
L-07519,bing,High Value,"$10,000,000 to $24,999,999",cpc,,100,,0
L-07520,google,High Value,"Less than $250,000",brand,Eastern,70,MA,0
L-07521,google,High Value,"$1,000,000 to $4,999,999",organic search,Eastern,91,GA,0
L-07522,meta,Ideal,"Less than $250,000",organic social,Central,64,LA,0
L-07523,meta,High Value,,cpc,Mountain,76,MT,1
L-07524,meta,Unknown,"$500,000 to $999,999",brand,Eastern,77,FL,0
L-07525,google,Low Value,"Less than $250,000",brand,Eastern,83,GA,0
L-07526,tiktok,High Value,"Less than $250,000",organic social,Central,26,IL,0
L-07527,meta,Unknown,"$250,000 to $499,999",prospecting,Pacific,17,CA,0
L-07528,google,Low Value,"$500,000 to $999,999",brand,Central,45,IL,1
L-07529,google,Ideal,"Less than $250,000",brand,Eastern,35,VA,1
L-07530,meta,Ideal,"Less than $250,000",organic social,Eastern,47,,0
L-07531,google,High Value,"$5,000,000 to $9,999,999",nonbrand,Eastern,,NY,0
L-07532,google,Unknown,"$5,000,000 to $9,999,999",brand,Arizona,69,AZ,1
L-07533,bing,Ideal,"$250,000 to $499,999",cpc,Pacific,45,WA,1
L-07534,meta,Low Value,,organic social,Pacific,2,NV,0
L-07535,google,Ideal,"Less than $250,000",nonbrand,Central,38,IL,0
L-07536,meta,Low Value,Self-Serve Signup,retargeting,Pacific,56,CA,1
L-07537,google,Unknown,"$1,000,000 to $4,999,999",nonbrand,Mountain,61,CO,0
L-07538,google,Low Value,"Less than $250,000",pmax,Central,25,TX,0
L-07539,bing,Ideal,"Less than $250,000",nonbrand,Eastern,23,NY,1
L-07540,meta,High Value,"$250,000 to $499,999",prospecting,Eastern,39,NC,0
L-07541,meta,High Value,"Less than $250,000",organic social,Eastern,67,NJ,0
L-07542,meta,High Value,"$5,000,000 to $9,999,999",prospecting,,100,,0
L-07543,bing,Ideal,,brand,Pacific,75,OR,0
L-07544,tiktok,Low Value,"$250,000 to $499,999",organic social,Eastern,37,GA,0
L-07545,meta,Ideal,"Less than $250,000",prospecting,Pacific,28,CA,0
L-07546,bing,Ideal,"Less than $250,000",nonbrand,Pacific,39,CA,1
L-07547,tiktok,Low Value,"Less than $250,000",organic social,Pacific,0,CA,0
L-07548,google,Ideal,"$1,000,000 to $4,999,999",paid search,Central,95,TX,1
L-07549,meta,Low Value,"$5,000,000 to $9,999,999",cpc,Eastern,79,NC,0
L-07550,google,Low Value,"Less than $250,000",paid search,Eastern,50,NJ,0
L-07551,google,Unknown,"$1,000,000 to $4,999,999",nonbrand,Central,63,WI,1
L-07552,meta,Low Value,"Less than $250,000",retargeting,Central,0,TX,0
L-07553,meta,High Value,"Less than $250,000",prospecting,Central,60,IL,0
L-07554,bing,High Value,"$500,000 to $999,999",nonbrand,Eastern,60,NY,1
L-07555,bing,Low Value,"$500,000 to $999,999",ppc,Mountain,100,,1
L-07556,google,Ideal,"Less than $250,000",brand,Central,100,IL,1
L-07557,meta,Ideal,"Less than $250,000",prospecting,Pacific,68,WA,1
L-07558,meta,Low Value,"$1,000,000 to $4,999,999",prospecting,Central,67,TN,0
L-07559,google,Ideal,"$500,000 to $999,999",nonbrand,Eastern,97,FL,0
L-07560,meta,High Value,"$250,000 to $499,999",prospecting,Central,5,TX,0
L-07561,google,Low Value,,nonbrand,Pacific,33,CA,0
L-07562,meta,Ideal,"$250,000 to $499,999",retargeting,Eastern,36,PA,0
L-07563,tiktok,High Value,"$250,000 to $499,999",brand,Mountain,38,UT,0
L-07564,meta,Unknown,"Less than $250,000",organic social,Eastern,40,NY,0
L-07565,google,Low Value,"$500,000 to $999,999",pmax,Central,30,TX,0
L-07566,google,Ideal,"$1,000,000 to $4,999,999",organic search,Central,38,TX,0
L-07567,google,Low Value,"$1,000,000 to $4,999,999",brand,Pacific,67,CA,0
L-07568,bing,Unknown,,cpc,Eastern,95,GA,0
L-07569,meta,Low Value,"$500,000 to $999,999",retargeting,Pacific,53,CA,1
L-07570,google,Low Value,"Less than $250,000",paid search,Central,60,TX,1
L-07571,google,Ideal,"$10,000,000 to $24,999,999",paid search,Eastern,59,NC,1
L-07572,meta,Low Value,"$250,000 to $499,999",organic social,Eastern,2,NY,0
L-07573,meta,High Value,"$500,000 to $999,999",prospecting,Arizona,94,AZ,1
L-07574,google,Ideal,"$500,000 to $999,999",nonbrand,Eastern,43,NC,1
L-07575,google,Low Value,"$1,000,000 to $4,999,999",organic search,Pacific,49,OR,0
L-07576,google,Low Value,"$500,000 to $999,999",nonbrand,Pacific,47,CA,0
L-07577,meta,Ideal,"$250,000 to $499,999",cpc,Pacific,62,WA,0
L-07578,google,Ideal,"$500,000 to $999,999",brand,Eastern,53,GA,1
L-07579,meta,Low Value,"$250,000 to $499,999",retargeting,Pacific,33,CA,0
L-07580,tiktok,Low Value,"Less than $250,000",brand,Eastern,29,FL,0
L-07581,tiktok,Low Value,"Less than $250,000",retargeting,Central,3,TX,0
L-07582,google,Unknown,"Less than $250,000",brand,Eastern,14,FL,1
L-07583,google,Ideal,"$250,000 to $499,999",brand,,99,,0
L-07584,meta,Ideal,"$500,000 to $999,999",organic social,Eastern,37,NJ,0
L-07585,meta,Unknown,"Less than $250,000",organic social,Central,50,TX,0
L-07586,bing,Low Value,"$250,000 to $499,999",nonbrand,Arizona,85,AZ,1
L-07587,meta,Low Value,"Less than $250,000",prospecting,Eastern,21,OH,0
L-07588,meta,Low Value,"Less than $250,000",prospecting,Eastern,45,GA,0
L-07589,meta,Low Value,"$1,000,000 to $4,999,999",prospecting,Eastern,76,PA,0
L-07590,tiktok,Ideal,"$250,000 to $499,999",retargeting,Eastern,0,NY,0
L-07591,meta,Low Value,"Less than $250,000",retargeting,Central,29,TX,0
L-07592,bing,Ideal,"$1,000,000 to $4,999,999",brand,Central,20,WI,0
L-07593,bing,High Value,"$500,000 to $999,999",brand,Pacific,100,NV,1
L-07594,meta,Ideal,"$5,000,000 to $9,999,999",organic social,Eastern,52,NY,1
L-07595,bing,Ideal,"$250,000 to $499,999",nonbrand,Mountain,44,CO,0
L-07596,bing,High Value,"$10,000,000 to $24,999,999",nonbrand,Eastern,67,FL,1
L-07597,bing,Low Value,"Less than $250,000",paid search,,30,,0
L-07598,google,Unknown,"$500,000 to $999,999",ppc,,100,,1
L-07599,meta,Low Value,"$250,000 to $499,999",prospecting,Eastern,53,OH,0
L-07600,google,Low Value,"Less than $250,000",cpc,Central,98,IL,1
L-07601,meta,Ideal,"Less than $250,000",prospecting,Eastern,6,PA,0
L-07602,meta,Ideal,"$250,000 to $499,999",retargeting,Eastern,71,NC,1
L-07603,google,Low Value,"Less than $250,000",nonbrand,Eastern,52,NY,0
L-07604,meta,Low Value,"Less than $250,000",organic social,Eastern,35,FL,0
L-07605,meta,Low Value,Self-Serve Signup,prospecting,Pacific,14,NV,0
L-07606,google,Ideal,"$1,000,000 to $4,999,999",nonbrand,Eastern,46,NC,1
L-07607,google,Ideal,,nonbrand,,100,,1
L-07608,tiktok,Low Value,"$250,000 to $499,999",prospecting,Central,26,IL,0
L-07609,google,Low Value,"Less than $250,000",nonbrand,Eastern,72,FL,0
L-07610,google,Ideal,"$250,000 to $499,999",nonbrand,Pacific,,WA,0
L-07611,meta,Low Value,"Less than $250,000",retargeting,Mountain,28,CO,0
L-07612,bing,Low Value,"$250,000 to $499,999",brand,Mountain,100,CO,0
L-07613,tiktok,Low Value,"Less than $250,000",prospecting,Eastern,96,,0
L-07614,google,Low Value,"Less than $250,000",pmax,Pacific,64,NV,0
L-07615,tiktok,Low Value,"$250,000 to $499,999",prospecting,Eastern,0,GA,0
L-07616,meta,Ideal,Self-Serve Signup,organic social,Central,62,LA,0
L-07617,google,Ideal,"$5,000,000 to $9,999,999",nonbrand,Central,72,TN,0
L-07618,google,Low Value,"$250,000 to $499,999",paid search,Eastern,32,FL,0
L-07619,google,Low Value,"Less than $250,000",nonbrand,Eastern,54,NY,0
L-07620,meta,Low Value,"Less than $250,000",prospecting,Eastern,100,PA,0
L-07621,google,High Value,"Less than $250,000",brand,Mountain,,CO,1
L-07622,google,Low Value,"$500,000 to $999,999",nonbrand,Arizona,60,AZ,1
L-07623,tiktok,Low Value,"$250,000 to $499,999",prospecting,Central,27,TX,0
L-07624,meta,Low Value,"Less than $250,000",prospecting,Eastern,13,OH,0
L-07625,google,Ideal,"$250,000 to $499,999",organic search,Pacific,70,CA,1
L-07626,bing,Low Value,"$1,000,000 to $4,999,999",brand,Arizona,83,AZ,1
L-07627,google,Unknown,"Less than $250,000",ppc,Eastern,34,VA,0
L-07628,google,Ideal,"$250,000 to $499,999",paid search,Pacific,40,CA,1
L-07629,meta,Ideal,"Less than $250,000",ppc,Pacific,,NV,0
L-07630,tiktok,Low Value,"Less than $250,000",retargeting,Eastern,21,GA,0
L-07631,google,Unknown,"Less than $250,000",cpc,Eastern,28,GA,1
L-07632,google,Low Value,"$500,000 to $999,999",brand,Eastern,34,MI,1
L-07633,meta,Low Value,,nonbrand,Eastern,38,GA,0
L-07634,google,Low Value,"$500,000 to $999,999",nonbrand,Eastern,63,FL,0
L-07635,meta,Ideal,"$1,000,000 to $4,999,999",retargeting,Eastern,62,OH,1
L-07636,tiktok,Ideal,"$500,000 to $999,999",prospecting,Eastern,82,OH,1
L-07637,google,High Value,"$10,000,000 to $24,999,999",organic search,Pacific,82,OR,1
L-07638,meta,Low Value,"Less than $250,000",prospecting,Arizona,69,AZ,1
L-07639,google,Ideal,"$1,000,000 to $4,999,999",pmax,Pacific,92,CA,1
L-07640,bing,Low Value,"$250,000 to $499,999",organic search,Eastern,27,NC,0
L-07641,google,Low Value,"$1,000,000 to $4,999,999",paid search,Mountain,56,MT,1
L-07642,google,High Value,"$5,000,000 to $9,999,999",brand,Mountain,100,CO,1
L-07643,meta,Low Value,"Less than $250,000",retargeting,Central,50,IL,0
L-07644,meta,High Value,"Less than $250,000",retargeting,Central,84,IL,0
L-07645,bing,Low Value,"$500,000 to $999,999",ppc,Central,43,WI,0
L-07646,meta,Low Value,Self-Serve Signup,retargeting,Eastern,3,MA,0
L-07647,google,Low Value,"$500,000 to $999,999",retargeting,Mountain,74,CO,0
L-07648,tiktok,Low Value,"Less than $250,000",brand,Central,64,TN,1
L-07649,meta,Low Value,Self-Serve Signup,prospecting,Central,67,TX,0
L-07650,google,Low Value,"Less than $250,000",nonbrand,Eastern,24,PA,1
L-07651,google,Low Value,"$5,000,000 to $9,999,999",brand,Eastern,72,GA,0
L-07652,meta,Ideal,"Less than $250,000",other campaigns,Pacific,100,CA,0
L-07653,google,Low Value,"$250,000 to $499,999",nonbrand,Eastern,46,GA,0
L-07654,meta,Low Value,"$500,000 to $999,999",retargeting,Eastern,37,NC,1
L-07655,google,Low Value,"$1,000,000 to $4,999,999",brand,Pacific,21,CA,0
L-07656,google,High Value,"$250,000 to $499,999",organic search,Pacific,47,CA,0
L-07657,bing,Ideal,"$250,000 to $499,999",brand,Central,41,TX,0
L-07658,google,Unknown,"Less than $250,000",cpc,Mountain,89,UT,1
L-07659,meta,Low Value,"$250,000 to $499,999",prospecting,Alaska,,AK,1
L-07660,meta,Low Value,"Less than $250,000",prospecting,Pacific,41,WA,0
L-07661,google,Unknown,"$1,000,000 to $4,999,999",nonbrand,Pacific,44,CA,1
L-07662,google,Low Value,"Less than $250,000",brand,Eastern,62,FL,1
L-07663,google,High Value,"$1,000,000 to $4,999,999",brand,Pacific,71,CA,0
L-07664,meta,Low Value,"$250,000 to $499,999",organic social,Central,0,MN,0
L-07665,meta,High Value,"$1,000,000 to $4,999,999",organic social,Eastern,61,GA,1
L-07666,google,Low Value,"Less than $250,000",ppc,Eastern,,FL,0
L-07667,google,Ideal,"Less than $250,000",pmax,Central,60,MO,0
L-07668,google,High Value,"$250,000 to $499,999",nonbrand,Eastern,55,MA,1
L-07669,meta,Low Value,"Less than $250,000",organic social,Eastern,16,NJ,0
L-07670,meta,Unknown,"$1,000,000 to $4,999,999",organic social,Central,60,TX,1
L-07671,bing,Unknown,"$1,000,000 to $4,999,999",nonbrand,Eastern,60,OH,1
L-07672,meta,Ideal,"Less than $250,000",nonbrand,Central,,MN,0
L-07673,bing,Low Value,"$500,000 to $999,999",brand,Hawaii,,HI,0
L-07674,tiktok,High Value,"$500,000 to $999,999",retargeting,Eastern,22,FL,1
L-07675,google,Low Value,"$500,000 to $999,999",organic search,Mountain,100,,0
L-07676,meta,Ideal,Self-Serve Signup,retargeting,Eastern,41,MA,0
L-07677,google,Low Value,"$250,000 to $499,999",brand,Pacific,45,WA,1
L-07678,meta,Ideal,"$1,000,000 to $4,999,999",nonbrand,Eastern,94,FL,1
L-07679,bing,Low Value,"$1,000,000 to $4,999,999",brand,Central,12,TX,0
L-07680,meta,Low Value,"$500,000 to $999,999",prospecting,Pacific,47,OR,0
L-07681,meta,High Value,"$250,000 to $499,999",prospecting,Pacific,74,WA,1
L-07682,bing,Low Value,"$500,000 to $999,999",ppc,Eastern,45,NY,0
L-07683,google,High Value,"$250,000 to $499,999",brand,Eastern,56,PA,0
L-07684,google,Low Value,Self-Serve Signup,paid search,Central,55,MN,0
L-07685,google,High Value,"$250,000 to $499,999",brand,Eastern,17,NC,0
L-07686,google,Unknown,"Less than $250,000",brand,Alaska,100,AK,1
L-07687,meta,Low Value,"$5,000,000 to $9,999,999",organic search,Eastern,63,GA,0
L-07688,google,Low Value,"Less than $250,000",nonbrand,Eastern,28,NY,0
L-07689,bing,High Value,"$250,000 to $499,999",brand,Central,74,TX,1
L-07690,google,Low Value,"$500,000 to $999,999",cpc,Central,29,MO,0
L-07691,tiktok,Ideal,"Less than $250,000",nonbrand,Eastern,45,FL,0
L-07692,google,High Value,"$5,000,000 to $9,999,999",ppc,Eastern,96,VA,1
L-07693,google,Low Value,"$250,000 to $499,999",cpc,Eastern,39,FL,1
L-07694,meta,Unknown,"Less than $250,000",prospecting,Central,82,IL,0
L-07695,tiktok,Low Value,"$500,000 to $999,999",prospecting,Eastern,47,FL,0
L-07696,google,Ideal,"$1,000,000 to $4,999,999",paid search,Eastern,60,VA,0
L-07697,google,Low Value,"$1,000,000 to $4,999,999",cpc,Pacific,60,CA,1
L-07698,google,Ideal,"$250,000 to $499,999",nonbrand,Mountain,85,CO,1
L-07699,meta,High Value,"$1,000,000 to $4,999,999",brand,Eastern,60,NY,1
L-07700,google,High Value,"Less than $250,000",cpc,Pacific,51,CA,0
L-07701,tiktok,Low Value,"Less than $250,000",organic social,Eastern,76,OH,0
L-07702,tiktok,Low Value,Self-Serve Signup,organic social,Eastern,0,PA,0
L-07703,google,Ideal,"Less than $250,000",retargeting,Eastern,60,MA,0
L-07704,meta,High Value,"Less than $250,000",prospecting,Central,71,TX,0
L-07705,google,Low Value,"$1,000,000 to $4,999,999",paid search,Pacific,85,CA,0
L-07706,meta,Ideal,"$250,000 to $499,999",prospecting,Pacific,71,WA,0
L-07707,google,Ideal,"$1,000,000 to $4,999,999",pmax,Central,54,TX,0
L-07708,meta,Ideal,"$500,000 to $999,999",prospecting,Pacific,84,NV,1
L-07709,google,High Value,"$5,000,000 to $9,999,999",nonbrand,Central,49,TX,0
L-07710,bing,Ideal,"Less than $250,000",nonbrand,Pacific,73,NV,1
L-07711,tiktok,High Value,"$1,000,000 to $4,999,999",prospecting,Arizona,68,AZ,0
L-07712,google,Low Value,"Less than $250,000",brand,Central,28,TX,1
L-07713,bing,Low Value,"$1,000,000 to $4,999,999",nonbrand,Eastern,76,GA,0
L-07714,meta,Unknown,"Less than $250,000",organic social,Eastern,85,MA,0
L-07715,meta,High Value,"$250,000 to $499,999",nonbrand,Pacific,49,WA,0
L-07716,meta,Low Value,"Less than $250,000",organic search,Eastern,21,GA,0
L-07717,meta,Low Value,"Less than $250,000",prospecting,Pacific,33,WA,0
L-07718,tiktok,Low Value,"Less than $250,000",nonbrand,Pacific,44,CA,0
L-07719,google,Low Value,,nonbrand,Eastern,57,PA,1
L-07720,google,Unknown,"$1,000,000 to $4,999,999",pmax,Central,33,WI,0
L-07721,meta,Low Value,"Less than $250,000",cpc,Alaska,25,AK,0
L-07722,tiktok,High Value,"$5,000,000 to $9,999,999",organic social,Central,38,TN,1
L-07723,google,Ideal,"$250,000 to $499,999",brand,Pacific,100,CA,1
L-07724,meta,Low Value,Self-Serve Signup,prospecting,Eastern,31,NC,0
L-07725,google,High Value,"$10,000,000 to $24,999,999",nonbrand,Eastern,58,OH,1
L-07726,google,Low Value,"Less than $250,000",paid search,Central,43,TX,0
L-07727,tiktok,Low Value,"Less than $250,000",nonbrand,Pacific,9,CA,0
L-07728,meta,Low Value,"Less than $250,000",nonbrand,Central,36,IL,0
L-07729,google,Ideal,"Less than $250,000",brand,Central,50,TX,0
L-07730,meta,Low Value,"Less than $250,000",retargeting,Hawaii,63,HI,0
L-07731,meta,Low Value,"$500,000 to $999,999",retargeting,Pacific,,NV,0
L-07732,google,High Value,"Less than $250,000",pmax,Eastern,51,OH,0
L-07733,meta,Low Value,"Less than $250,000",retargeting,Pacific,50,CA,0
L-07734,meta,Low Value,"Less than $250,000",organic social,Eastern,15,PA,0
L-07735,google,Ideal,"$250,000 to $499,999",brand,Eastern,37,FL,0
L-07736,tiktok,High Value,"$250,000 to $499,999",prospecting,,95,,0
L-07737,bing,Ideal,"Less than $250,000",paid search,Eastern,75,FL,0
L-07738,bing,High Value,"$1,000,000 to $4,999,999",nonbrand,Eastern,26,NY,0
L-07739,google,Ideal,"$500,000 to $999,999",pmax,Eastern,55,VA,0
L-07740,tiktok,Low Value,"Less than $250,000",retargeting,Pacific,73,CA,0
L-07741,google,Low Value,"$1,000,000 to $4,999,999",nonbrand,Pacific,52,,0
L-07742,google,High Value,"$250,000 to $499,999",nonbrand,Mountain,62,CO,1
L-07743,tiktok,High Value,"$500,000 to $999,999",organic social,Eastern,59,PA,0
L-07744,meta,High Value,"$1,000,000 to $4,999,999",prospecting,Mountain,92,UT,1
L-07745,bing,Ideal,"$500,000 to $999,999",paid search,Arizona,26,AZ,0
L-07746,bing,Ideal,"Less than $250,000",brand,,57,,0
L-07747,google,Unknown,"$250,000 to $499,999",prospecting,Central,67,TX,0
L-07748,google,Low Value,"$10,000,000 to $24,999,999",prospecting,Eastern,13,PA,0
L-07749,meta,Low Value,"Less than $250,000",brand,Eastern,34,NY,0
L-07750,tiktok,Low Value,"$1,000,000 to $4,999,999",,Alaska,0,AK,0
L-07751,google,Ideal,"$1,000,000 to $4,999,999",cpc,Eastern,82,OH,1
L-07752,google,Low Value,"Less than $250,000",organic search,Central,5,TX,0
L-07753,google,High Value,"$1,000,000 to $4,999,999",pmax,Eastern,100,FL,0
L-07754,tiktok,Ideal,"$500,000 to $999,999",cpc,,55,,0
L-07755,meta,Ideal,"$250,000 to $499,999",prospecting,Eastern,41,PA,0
L-07756,google,Unknown,"Less than $250,000",brand,Eastern,75,MA,0
L-07757,google,Low Value,"Less than $250,000",brand,Pacific,30,CA,1
L-07758,google,Low Value,,nonbrand,Pacific,56,CA,1
L-07759,google,Low Value,"Less than $250,000",cpc,Eastern,96,GA,1
L-07760,google,Ideal,"$250,000 to $499,999",prospecting,Eastern,51,NY,0
L-07761,google,Ideal,"Less than $250,000",brand,Eastern,91,MI,0
L-07762,google,High Value,"Less than $250,000",brand,Pacific,75,WA,0
L-07763,google,High Value,"$5,000,000 to $9,999,999",cpc,Eastern,81,PA,1
L-07764,tiktok,Low Value,"Less than $250,000",prospecting,Eastern,71,NY,0
L-07765,meta,Unknown,"Less than $250,000",ppc,Arizona,35,AZ,1
L-07766,google,Ideal,"$500,000 to $999,999",brand,,49,,0
L-07767,google,High Value,"Less than $250,000",pmax,Eastern,,MA,0
L-07768,bing,Low Value,"$1,000,000 to $4,999,999",cpc,Mountain,70,CO,0
L-07769,meta,High Value,"Less than $250,000",prospecting_lead_generation,Eastern,52,NY,1
L-07770,meta,Low Value,"Less than $250,000",organic social,Eastern,70,MI,0
L-07771,bing,Ideal,"Less than $250,000",cpc,Pacific,64,CA,0
L-07772,meta,Low Value,"Less than $250,000",brand,Eastern,0,NY,0
L-07773,meta,Low Value,"$250,000 to $499,999",prospecting,Hawaii,7,HI,0
L-07774,meta,Ideal,"Less than $250,000",prospecting,Pacific,45,WA,0
L-07775,meta,Ideal,"Less than $250,000",ppc,Eastern,49,NJ,0
L-07776,google,Ideal,"$500,000 to $999,999",cpc,Pacific,95,NV,0
L-07777,meta,Unknown,"Less than $250,000",prospecting,Central,31,IL,0
L-07778,google,High Value,"Less than $250,000",brand,Eastern,77,NY,1
L-07779,meta,Low Value,"Less than $250,000",nonbrand,Pacific,18,CA,0
L-07780,google,Low Value,Self-Serve Signup,brand,Pacific,27,CA,0
L-07781,tiktok,Low Value,"$250,000 to $499,999",organic social,Hawaii,100,HI,1
L-07782,tiktok,Ideal,,prospecting,Arizona,70,AZ,0
L-07783,tiktok,Ideal,"Less than $250,000",organic social,Eastern,98,OH,1
L-07784,google,Unknown,"Less than $250,000",paid search,Hawaii,54,HI,0
L-07785,meta,Low Value,"Less than $250,000",prospecting,Pacific,65,WA,0
L-07786,bing,Unknown,"Less than $250,000",,Eastern,28,FL,0
L-07787,meta,Low Value,Self-Serve Signup,retargeting,Eastern,7,FL,0
L-07788,meta,Unknown,"Less than $250,000",prospecting,Eastern,79,MA,0
L-07789,google,Low Value,"$5,000,000 to $9,999,999",cpc,Eastern,35,FL,0
L-07790,google,Ideal,"$500,000 to $999,999",prospecting_lead_generation,Eastern,58,PA,0
L-07791,tiktok,Low Value,"Less than $250,000",prospecting,Mountain,39,CO,0
L-07792,meta,Low Value,"Less than $250,000",organic social,Central,11,TN,0
L-07793,google,High Value,"Less than $250,000",,Eastern,15,PA,0
L-07794,meta,Low Value,,cpc,Eastern,37,VA,0
L-07795,meta,Ideal,"Less than $250,000",retargeting,Central,66,TX,0
L-07796,meta,Ideal,"$5,000,000 to $9,999,999",prospecting,Eastern,74,OH,0
L-07797,google,High Value,"$1,000,000 to $4,999,999",organic search,Eastern,55,MA,1
L-07798,google,High Value,"Less than $250,000",paid search,Eastern,63,MI,0
L-07799,tiktok,Ideal,"$1,000,000 to $4,999,999",prospecting,Eastern,30,GA,1
L-07800,meta,Low Value,"$250,000 to $499,999",organic social,Central,,TX,0
L-07801,meta,Ideal,"$5,000,000 to $9,999,999",retargeting,Pacific,50,WA,0
L-07802,tiktok,Low Value,"Less than $250,000",prospecting,Eastern,76,GA,0
L-07803,meta,Ideal,"$1,000,000 to $4,999,999",ppc,Mountain,79,CO,0
L-07804,google,Low Value,"Less than $250,000",pmax,Central,29,MN,0
L-07805,meta,Ideal,"Less than $250,000",prospecting,Mountain,42,CO,0
L-07806,meta,Ideal,"Less than $250,000",retargeting,Eastern,25,OH,0
L-07807,google,Ideal,"Less than $250,000",nonbrand,Eastern,39,NC,0
L-07808,google,Low Value,"Less than $250,000",nonbrand,Central,32,LA,0
L-07809,meta,Low Value,"Less than $250,000",prospecting,Eastern,58,NC,0
L-07810,tiktok,Low Value,"$500,000 to $999,999",prospecting,Central,46,IL,0
L-07811,bing,Ideal,"$250,000 to $499,999",cpc,Pacific,43,NV,0
L-07812,meta,Low Value,"$250,000 to $499,999",paid search,Central,46,TX,1
L-07813,google,Ideal,"$1,000,000 to $4,999,999",cpc,Eastern,88,NY,1
L-07814,google,Low Value,"$5,000,000 to $9,999,999",pmax,Pacific,100,CA,1
L-07815,tiktok,High Value,Self-Serve Signup,retargeting,Eastern,35,GA,0
L-07816,meta,Ideal,"$250,000 to $499,999",organic social,Central,60,MO,1
L-07817,meta,Low Value,"Less than $250,000",organic search,Central,51,TX,0
L-07818,tiktok,Unknown,"$250,000 to $499,999",retargeting,Eastern,61,GA,0
L-07819,bing,Ideal,"$500,000 to $999,999",paid search,Pacific,87,CA,0
L-07820,meta,Low Value,"$250,000 to $499,999",organic social,Eastern,22,GA,0
L-07821,meta,Low Value,"Less than $250,000",prospecting,Eastern,41,FL,0
L-07822,meta,Unknown,"Less than $250,000",prospecting,Eastern,0,NJ,0
L-07823,meta,Low Value,"Less than $250,000",prospecting,Central,22,TX,0
L-07824,meta,Low Value,Self-Serve Signup,nonbrand,Eastern,0,FL,0
L-07825,meta,Ideal,"Less than $250,000",prospecting,Hawaii,46,HI,0
L-07826,meta,Ideal,"$500,000 to $999,999",prospecting,Mountain,29,CO,1
L-07827,bing,Ideal,"$250,000 to $499,999",brand,Central,22,IL,0
L-07828,google,Low Value,"Less than $250,000",nonbrand,Pacific,78,CA,0
L-07829,meta,Low Value,"Less than $250,000",retargeting,Pacific,,CA,0
L-07830,google,Ideal,,nonbrand,Eastern,29,NY,0
L-07831,tiktok,High Value,"Less than $250,000",organic search,Eastern,35,FL,0
L-07832,meta,Unknown,"$250,000 to $499,999",nonbrand,Central,18,IL,0
L-07833,meta,Ideal,"Less than $250,000",retargeting,Pacific,0,WA,0
L-07834,meta,Low Value,"$250,000 to $499,999",brand,Central,57,TX,1
L-07835,google,Ideal,"Less than $250,000",pmax,Eastern,88,MI,0
L-07836,google,Ideal,"Less than $250,000",nonbrand,Eastern,48,MA,0
L-07837,meta,Low Value,"Less than $250,000",organic social,Eastern,28,NY,0
L-07838,google,Low Value,"$500,000 to $999,999",paid search,Central,53,IL,0
L-07839,google,Low Value,Self-Serve Signup,nonbrand,,18,,0
L-07840,google,Low Value,"$1,000,000 to $4,999,999",cpc,Pacific,67,NV,0
L-07841,tiktok,Low Value,"Less than $250,000",prospecting,Mountain,32,CO,0
L-07842,meta,Low Value,Self-Serve Signup,retargeting,Pacific,0,WA,0
L-07843,meta,Low Value,"Less than $250,000",prospecting,Eastern,56,VA,0
L-07844,meta,Low Value,Self-Serve Signup,prospecting,Pacific,30,CA,0
L-07845,bing,Low Value,"$250,000 to $499,999",organic search,Pacific,54,OR,0
L-07846,google,High Value,"Less than $250,000",organic search,Eastern,0,PA,0
L-07847,meta,Ideal,"Less than $250,000",retargeting,Mountain,0,UT,0
L-07848,google,Low Value,"Less than $250,000",brand,Pacific,56,OR,0
L-07849,meta,High Value,"$10,000,000 to $24,999,999",ppc,Arizona,31,AZ,0
L-07850,google,Low Value,"$1,000,000 to $4,999,999",nonbrand,Central,51,WI,1
L-07851,tiktok,Ideal,"$10,000,000 to $24,999,999",retargeting,Mountain,,CO,0
L-07852,meta,Ideal,"$500,000 to $999,999",prospecting,Central,45,TN,0
L-07853,google,Low Value,"$1,000,000 to $4,999,999",brand,Central,54,MO,1
L-07854,meta,Unknown,"Less than $250,000",organic social,Pacific,29,CA,0
L-07855,google,High Value,"$250,000 to $499,999",brand,Eastern,27,VA,0
L-07856,google,Ideal,"$5,000,000 to $9,999,999",nonbrand,Pacific,51,CA,1
L-07857,meta,Low Value,"Less than $250,000",prospecting,Eastern,53,VA,0
L-07858,google,Low Value,"Less than $250,000",nonbrand,Eastern,78,PA,0
L-07859,google,Low Value,"$5,000,000 to $9,999,999",,Mountain,81,CO,0
L-07860,meta,Ideal,"Less than $250,000",cpc,Pacific,3,CA,0
L-07861,meta,Low Value,"Less than $250,000",retargeting,Eastern,25,GA,0
L-07862,google,Low Value,"$250,000 to $499,999",paid search,Pacific,53,WA,0
L-07863,meta,Ideal,"Less than $250,000",cpc,Pacific,92,OR,0
L-07864,meta,Low Value,"$250,000 to $499,999",organic social,Eastern,74,MI,1
L-07865,google,Low Value,"Less than $250,000",pmax,Eastern,56,NY,0
L-07866,bing,Low Value,"$1,000,000 to $4,999,999",brand,Pacific,70,OR,1
L-07867,bing,High Value,"Less than $250,000",paid search,Central,1,TN,0
L-07868,tiktok,Low Value,"Less than $250,000",retargeting,Eastern,,FL,0
L-07869,meta,Low Value,"Less than $250,000",retargeting,Pacific,18,WA,0
L-07870,meta,Low Value,"Less than $250,000",prospecting,Central,64,IL,0
L-07871,meta,Low Value,"$250,000 to $499,999",organic social,Eastern,29,FL,0
L-07872,tiktok,Low Value,"$250,000 to $499,999",prospecting,Central,78,TX,0
L-07873,meta,Low Value,"$10,000,000 to $24,999,999",prospecting,Central,29,IL,0
L-07874,meta,Ideal,"Less than $250,000",organic social,Pacific,0,WA,0
L-07875,google,Ideal,"$500,000 to $999,999",nonbrand,Eastern,17,GA,0
L-07876,meta,High Value,"$1,000,000 to $4,999,999",cpc,Central,67,IL,0
L-07877,google,Low Value,"$500,000 to $999,999",paid search,Central,76,TX,1
L-07878,google,High Value,"$250,000 to $499,999",pmax,,100,,0
L-07879,bing,Ideal,"$250,000 to $499,999",retargeting,Eastern,57,MI,0
L-07880,meta,Low Value,"$1,000,000 to $4,999,999",brand,Mountain,35,CO,1
L-07881,tiktok,Ideal,"Less than $250,000",organic social,Arizona,0,AZ,0
L-07882,tiktok,High Value,,organic social,Eastern,78,NY,0
L-07883,google,High Value,"$250,000 to $499,999",brand,Eastern,100,FL,0
L-07884,meta,Low Value,"Less than $250,000",prospecting,Pacific,0,CA,0
L-07885,google,Ideal,"$500,000 to $999,999",ppc,Mountain,59,CO,0
L-07886,meta,Low Value,"$500,000 to $999,999",prospecting,Pacific,58,WA,0
L-07887,google,Low Value,"Less than $250,000",organic search,Eastern,,OH,0
L-07888,google,High Value,"$250,000 to $499,999",,Eastern,77,FL,0
L-07889,tiktok,Unknown,"Less than $250,000",brand,Eastern,72,PA,0
L-07890,meta,Unknown,"$250,000 to $499,999",prospecting,Eastern,100,OH,1
L-07891,meta,Ideal,"Less than $250,000",retargeting,Eastern,92,FL,0
L-07892,meta,Low Value,"Less than $250,000",prospecting,Eastern,80,MA,0
L-07893,tiktok,Low Value,"Less than $250,000",organic social,Eastern,44,MI,0
L-07894,meta,Unknown,"$500,000 to $999,999",prospecting,Eastern,48,NY,1
L-07895,meta,Ideal,"$250,000 to $499,999",organic social,Eastern,59,OH,0
L-07896,meta,High Value,"$10,000,000 to $24,999,999",retargeting,Pacific,0,CA,0
L-07897,meta,Low Value,"$1,000,000 to $4,999,999",prospecting,Eastern,18,NC,0
L-07898,google,Low Value,"Less than $250,000",brand,Central,93,TN,1
L-07899,meta,High Value,"Less than $250,000",retargeting,Eastern,72,NJ,0
L-07900,google,Low Value,"$500,000 to $999,999",pmax,,58,,0
L-07901,bing,Ideal,"$500,000 to $999,999",paid search,Central,56,MO,0
L-07902,bing,Low Value,"$250,000 to $499,999",nonbrand,Pacific,73,CA,0
L-07903,meta,Low Value,"Less than $250,000",retargeting,Pacific,41,CA,0
L-07904,bing,High Value,"$500,000 to $999,999",nonbrand,Arizona,32,AZ,0
L-07905,meta,High Value,"$500,000 to $999,999",organic social,Eastern,41,NC,0
L-07906,meta,Low Value,Self-Serve Signup,brand,Eastern,,PA,0
L-07907,google,High Value,"$1,000,000 to $4,999,999",ppc,Eastern,87,NC,1
L-07908,meta,Unknown,"$250,000 to $499,999",cpc,Mountain,32,CO,0
L-07909,tiktok,Low Value,"Less than $250,000",retargeting,Eastern,0,NJ,0
L-07910,meta,Low Value,"Less than $250,000",organic social,Arizona,43,AZ,1
L-07911,google,Ideal,"Less than $250,000",nonbrand,Eastern,93,,0
L-07912,google,High Value,"$250,000 to $499,999",organic search,,95,,1
L-07913,meta,High Value,"Less than $250,000",prospecting,Eastern,58,NY,0
L-07914,google,Ideal,"$250,000 to $499,999",cpc,Eastern,86,MI,0
L-07915,tiktok,Low Value,"$250,000 to $499,999",ppc,Eastern,36,OH,0
L-07916,tiktok,Low Value,"$500,000 to $999,999",prospecting,Central,22,TX,0
L-07917,google,Low Value,"Less than $250,000",cpc,Pacific,93,NV,0
L-07918,google,High Value,"$250,000 to $499,999",prospecting,Arizona,0,AZ,0
L-07919,meta,Ideal,"$5,000,000 to $9,999,999",organic social,Eastern,74,VA,0
L-07920,google,Ideal,"$250,000 to $499,999",brand,Eastern,55,NY,1
L-07921,google,Low Value,"$500,000 to $999,999",prospecting,Eastern,85,MA,0
L-07922,google,Ideal,"Less than $250,000",brand,Central,18,TX,0
L-07923,tiktok,Low Value,"$250,000 to $499,999",brand,Pacific,27,OR,0
L-07924,google,High Value,"$1,000,000 to $4,999,999",organic search,Eastern,51,NY,1
L-07925,google,Ideal,"$500,000 to $999,999",nonbrand,Central,65,TN,0
L-07926,meta,Low Value,"Less than $250,000",prospecting,Mountain,34,MT,0
L-07927,meta,Ideal,"$250,000 to $499,999",cpc,Eastern,23,NY,0
L-07928,google,Unknown,"Less than $250,000",organic search,Pacific,45,WA,0
L-07929,tiktok,Low Value,"Less than $250,000",retargeting,Eastern,60,,0
L-07930,meta,Low Value,"$500,000 to $999,999",organic social,Central,41,TX,1
L-07931,meta,Ideal,"Less than $250,000",organic social,Pacific,27,WA,0
L-07932,google,Low Value,Self-Serve Signup,pmax,Pacific,78,OR,1
L-07933,google,Low Value,"Less than $250,000",organic search,Eastern,40,VA,0
L-07934,google,Unknown,"$500,000 to $999,999",nonbrand,Eastern,100,NJ,0
L-07935,meta,Ideal,"$250,000 to $499,999",retargeting,Pacific,72,CA,1
L-07936,google,Unknown,"$1,000,000 to $4,999,999",cpc,Eastern,77,VA,0
L-07937,meta,Low Value,"Less than $250,000",nonbrand,Eastern,12,NY,0
L-07938,google,High Value,"Less than $250,000",pmax,Central,56,IL,1
L-07939,tiktok,High Value,"$5,000,000 to $9,999,999",retargeting,Pacific,92,OR,0
L-07940,bing,Low Value,"Less than $250,000",brand,Central,42,TX,0
L-07941,google,High Value,"Less than $250,000",nonbrand,Eastern,56,NC,0
L-07942,google,Ideal,"$500,000 to $999,999",brand,Mountain,42,MT,1
L-07943,meta,Ideal,"$250,000 to $499,999",retargeting,Mountain,41,CO,1
L-07944,google,Low Value,"$10,000,000 to $24,999,999",nonbrand,Mountain,41,UT,0
L-07945,google,High Value,"$5,000,000 to $9,999,999",brand,Pacific,100,CA,1
L-07946,tiktok,Low Value,"Less than $250,000",organic social,Eastern,73,FL,0
L-07947,meta,Low Value,"$500,000 to $999,999",prospecting,Pacific,55,CA,0
L-07948,google,High Value,"$5,000,000 to $9,999,999",pmax,Central,100,TX,1
L-07949,tiktok,Low Value,"Less than $250,000",retargeting,Eastern,10,FL,0
L-07950,meta,Low Value,"$250,000 to $499,999",organic search,Mountain,65,UT,0
L-07951,google,Unknown,"Less than $250,000",prospecting,Eastern,58,FL,0
L-07952,google,Low Value,"Less than $250,000",brand,Central,37,IL,0
L-07953,google,Low Value,"Less than $250,000",pmax,Eastern,66,NY,0
L-07954,meta,Low Value,"Less than $250,000",brand,Central,33,TN,0
L-07955,tiktok,Unknown,"Less than $250,000",brand,Eastern,0,NY,0
L-07956,google,Low Value,"Less than $250,000",paid search,Eastern,35,PA,0
L-07957,google,High Value,"$5,000,000 to $9,999,999",nonbrand,Pacific,96,WA,1
L-07958,meta,Low Value,"$250,000 to $499,999",prospecting,Central,0,TX,0
L-07959,google,High Value,"Less than $250,000",nonbrand,Pacific,80,OR,1
L-07960,meta,Low Value,"Less than $250,000",retargeting,Central,0,IL,0
L-07961,google,Ideal,"Less than $250,000",ppc,Eastern,47,NY,0
L-07962,google,Low Value,"$500,000 to $999,999",pmax,Central,96,TX,0
L-07963,google,Low Value,"Less than $250,000",nonbrand,Eastern,83,PA,0
L-07964,tiktok,Low Value,Self-Serve Signup,cpc,Pacific,14,CA,0
L-07965,tiktok,Low Value,"Less than $250,000",brand,Central,22,TX,0
L-07966,google,High Value,"$1,000,000 to $4,999,999",cpc,Pacific,52,WA,0
L-07967,meta,Low Value,"Less than $250,000",nonbrand,Eastern,10,VA,1
L-07968,bing,Low Value,"$500,000 to $999,999",ppc,Pacific,43,NV,0
L-07969,tiktok,Low Value,"Less than $250,000",prospecting,Eastern,,NY,0
L-07970,tiktok,Low Value,"$250,000 to $499,999",prospecting,Eastern,25,OH,0
L-07971,google,Low Value,"$1,000,000 to $4,999,999",organic search,Eastern,48,OH,0
L-07972,tiktok,Low Value,"$250,000 to $499,999",organic social,Pacific,49,CA,0
L-07973,meta,Low Value,"Less than $250,000",prospecting,Mountain,66,UT,0
L-07974,bing,High Value,"$10,000,000 to $24,999,999",nonbrand,Central,100,TX,1
L-07975,google,Low Value,"$500,000 to $999,999",prospecting,Eastern,94,OH,0
L-07976,meta,Ideal,"Less than $250,000",retargeting,Pacific,4,CA,0
L-07977,tiktok,Low Value,"Less than $250,000",brand,Eastern,20,GA,0
L-07978,meta,High Value,"$500,000 to $999,999",retargeting,Central,100,IL,1
L-07979,tiktok,Low Value,Self-Serve Signup,prospecting,Central,50,TX,0
L-07980,google,High Value,"$1,000,000 to $4,999,999",paid search,Central,70,WI,0
L-07981,tiktok,Low Value,"$250,000 to $499,999",prospecting,Pacific,53,CA,0
L-07982,meta,Ideal,"$250,000 to $499,999",prospecting,Central,43,TN,0
L-07983,meta,Low Value,"$250,000 to $499,999",retargeting,Pacific,39,WA,0
L-07984,google,Ideal,"$250,000 to $499,999",,Pacific,68,WA,1
L-07985,meta,Ideal,"Less than $250,000",organic search,Pacific,77,NV,1
L-07986,google,Ideal,"$1,000,000 to $4,999,999",brand,Central,73,MN,1
L-07987,meta,Unknown,"$1,000,000 to $4,999,999",organic social,Eastern,74,VA,0
L-07988,google,High Value,"$250,000 to $499,999",pmax,Pacific,99,CA,0
L-07989,google,High Value,"$1,000,000 to $4,999,999",organic search,Eastern,61,PA,0
L-07990,meta,Ideal,"Less than $250,000",,Pacific,10,WA,1
L-07991,meta,Low Value,"$250,000 to $499,999",brand,Eastern,37,MA,0
L-07992,meta,Low Value,"Less than $250,000",prospecting,,40,,0
L-07993,meta,Low Value,"$1,000,000 to $4,999,999",brand,Central,52,TX,1
L-07994,google,Ideal,"$1,000,000 to $4,999,999",organic search,Alaska,52,AK,1
L-07995,bing,Low Value,"$500,000 to $999,999",paid search,Central,,TX,1
L-07996,google,Low Value,"$5,000,000 to $9,999,999",brand,Pacific,32,WA,0
L-07997,tiktok,Unknown,"Less than $250,000",prospecting,Pacific,61,CA,0
L-07998,google,High Value,"$250,000 to $499,999",pmax,Arizona,68,AZ,0
L-07999,bing,Low Value,"Less than $250,000",brand,Eastern,57,PA,0
L-08000,meta,High Value,"Less than $250,000",prospecting,Eastern,27,OH,1
L-08001,meta,Low Value,Self-Serve Signup,retargeting,Eastern,0,NY,0
L-08002,bing,Low Value,"Less than $250,000",paid search,Eastern,45,VA,0
L-08003,tiktok,Ideal,Self-Serve Signup,brand,Central,27,IL,0
L-08004,google,Low Value,"$5,000,000 to $9,999,999",,Eastern,35,FL,0
L-08005,meta,Unknown,"$500,000 to $999,999",organic social,Pacific,28,CA,0
L-08006,tiktok,Ideal,"$250,000 to $499,999",organic social,Pacific,93,CA,1
L-08007,meta,Low Value,Self-Serve Signup,prospecting,,28,,0
L-08008,google,Low Value,"$250,000 to $499,999",paid search,Pacific,30,CA,1
L-08009,meta,Low Value,"Less than $250,000",prospecting,Eastern,14,NY,0
L-08010,tiktok,Ideal,"Less than $250,000",prospecting,Central,2,TN,0
L-08011,meta,Low Value,"Less than $250,000",organic social,Central,13,MO,0
L-08012,meta,Unknown,"Less than $250,000",,Pacific,36,WA,0
L-08013,google,Low Value,,nonbrand,Mountain,53,CO,1
L-08014,bing,Unknown,"$250,000 to $499,999",brand,Central,46,IL,0
L-08015,tiktok,High Value,"$500,000 to $999,999",brand,Central,30,IL,0
L-08016,tiktok,Ideal,"Less than $250,000",,Eastern,82,NJ,0
L-08017,meta,Ideal,"$1,000,000 to $4,999,999",prospecting,Eastern,51,GA,0
L-08018,meta,Low Value,"$250,000 to $499,999",prospecting,Central,44,TN,0
L-08019,bing,Low Value,Self-Serve Signup,,Eastern,0,FL,0
L-08020,tiktok,Ideal,"$500,000 to $999,999",organic social,Arizona,41,AZ,0
L-08021,google,Low Value,Self-Serve Signup,pmax,Central,56,MO,0
L-08022,bing,Low Value,"Less than $250,000",nonbrand,Eastern,82,NY,1
L-08023,google,Unknown,"Less than $250,000",nonbrand,Eastern,67,FL,0
L-08024,meta,Low Value,"Less than $250,000",prospecting,Central,61,WI,0
L-08025,meta,Low Value,"$250,000 to $499,999",prospecting,Pacific,38,WA,0
L-08026,google,Ideal,"$1,000,000 to $4,999,999",ppc,Eastern,100,FL,0
L-08027,google,Low Value,"$500,000 to $999,999",organic search,Eastern,72,NY,1
L-08028,meta,Low Value,"Less than $250,000",cpc,Central,,MO,0
L-08029,tiktok,Low Value,"Less than $250,000",organic social,Eastern,29,FL,0
L-08030,meta,Low Value,Self-Serve Signup,organic search,Mountain,0,CO,0
L-08031,google,Unknown,,brand,Central,,MO,0
L-08032,google,Ideal,"$1,000,000 to $4,999,999",nonbrand,Pacific,57,WA,0
L-08033,google,Low Value,"Less than $250,000",nonbrand,Pacific,67,CA,0
L-08034,google,Ideal,"$1,000,000 to $4,999,999",brand,Central,40,TN,0
L-08035,google,Low Value,"Less than $250,000",paid search,Central,0,TN,0
L-08036,tiktok,Low Value,"$5,000,000 to $9,999,999",prospecting,Pacific,70,NV,0
L-08037,google,Unknown,,brand,Eastern,73,FL,0
L-08038,bing,Ideal,"$500,000 to $999,999",brand,Mountain,68,MT,0
L-08039,google,High Value,"$10,000,000 to $24,999,999",pmax,Central,91,,0
L-08040,google,Low Value,"$500,000 to $999,999",brand,Eastern,97,OH,1
L-08041,tiktok,Ideal,"$1,000,000 to $4,999,999",nonbrand,Mountain,40,CO,0
L-08042,google,Ideal,"$1,000,000 to $4,999,999",paid search,Central,100,TX,1
L-08043,google,Ideal,"$500,000 to $999,999",nonbrand,Central,51,TX,1
L-08044,google,Unknown,"Less than $250,000",paid search,Eastern,69,NC,0
L-08045,google,High Value,,brand,Central,41,IL,0
L-08046,tiktok,Unknown,"$250,000 to $499,999",prospecting,,77,,0
L-08047,meta,Low Value,"Less than $250,000",nonbrand,Arizona,46,AZ,1
L-08048,google,Ideal,"$10,000,000 to $24,999,999",paid search,Eastern,76,NC,0
L-08049,tiktok,Ideal,"$500,000 to $999,999",prospecting,Central,20,TN,0
L-08050,tiktok,Ideal,"Less than $250,000",prospecting,Pacific,58,CA,0
L-08051,google,Low Value,Self-Serve Signup,nonbrand,Central,34,TN,0
L-08052,bing,Low Value,"$1,000,000 to $4,999,999",nonbrand,Eastern,88,PA,1
L-08053,meta,Ideal,"$1,000,000 to $4,999,999",organic search,Pacific,43,CA,0
L-08054,meta,Low Value,Self-Serve Signup,prospecting,Central,15,MN,0
L-08055,tiktok,Low Value,"Less than $250,000",brand,Eastern,9,PA,0
L-08056,bing,High Value,"$250,000 to $499,999",nonbrand,Central,68,TN,1
L-08057,bing,Low Value,"$1,000,000 to $4,999,999",ppc,Eastern,53,FL,0
L-08058,tiktok,Ideal,"Less than $250,000",retargeting,Pacific,32,CA,0
L-08059,google,High Value,"$10,000,000 to $24,999,999",nonbrand,Eastern,83,PA,1
L-08060,meta,High Value,"Less than $250,000",prospecting,Eastern,62,NC,1
L-08061,meta,Low Value,"Less than $250,000",prospecting,Pacific,43,OR,0
L-08062,google,Low Value,"Less than $250,000",nonbrand,Pacific,63,WA,0
L-08063,google,Unknown,,brand,Pacific,38,CA,1
L-08064,google,Low Value,"$500,000 to $999,999",brand,Central,79,TX,0
L-08065,meta,Low Value,"$250,000 to $499,999",retargeting,Eastern,28,PA,0
L-08066,google,Ideal,"$10,000,000 to $24,999,999",paid search,Eastern,100,MA,0
L-08067,google,Low Value,"$5,000,000 to $9,999,999",organic search,Eastern,0,OH,0
L-08068,bing,Low Value,"$1,000,000 to $4,999,999",organic search,Central,70,TN,0
L-08069,meta,Ideal,,organic social,Central,63,TN,0
L-08070,tiktok,Low Value,"$500,000 to $999,999",prospecting,Pacific,74,CA,0
L-08071,google,Ideal,"$1,000,000 to $4,999,999",brand,Pacific,83,CA,0
L-08072,meta,Ideal,"$500,000 to $999,999",organic social,Eastern,87,MA,0
L-08073,tiktok,Unknown,"$500,000 to $999,999",nonbrand,Eastern,62,MA,0
L-08074,bing,Low Value,"Less than $250,000",brand,Mountain,36,UT,0
L-08075,meta,High Value,"$250,000 to $499,999",brand,Mountain,,UT,1
L-08076,google,High Value,"$10,000,000 to $24,999,999",pmax,Pacific,55,CA,0
L-08077,meta,Low Value,"$5,000,000 to $9,999,999",prospecting,Eastern,,NC,1
L-08078,google,Low Value,"$500,000 to $999,999",cpc,Central,40,IL,0
L-08079,tiktok,Ideal,"Less than $250,000",organic search,Central,55,TN,0
L-08080,bing,Low Value,"Less than $250,000",ppc,Central,18,WI,0
L-08081,google,Ideal,"Less than $250,000",,Eastern,50,GA,0
L-08082,bing,High Value,"$500,000 to $999,999",pmax,Eastern,72,,0
L-08083,google,Ideal,"Less than $250,000",nonbrand,Pacific,27,OR,0
L-08084,meta,Low Value,"$250,000 to $499,999",prospecting,,35,,0
L-08085,tiktok,High Value,"Less than $250,000",prospecting,Mountain,55,MT,0
L-08086,bing,Ideal,"$250,000 to $499,999",,Pacific,51,NV,1
L-08087,google,Low Value,"$250,000 to $499,999",brand,Eastern,73,FL,0
L-08088,bing,High Value,"$250,000 to $499,999",cpc,Central,94,TX,1
L-08089,google,High Value,"$5,000,000 to $9,999,999",organic search,Eastern,100,MA,0
L-08090,bing,High Value,"Less than $250,000",cpc,Pacific,79,CA,1
L-08091,meta,Low Value,"Less than $250,000",prospecting,Central,5,MO,0
L-08092,meta,Low Value,"Less than $250,000",nonbrand,Eastern,40,FL,1
L-08093,google,Ideal,"$500,000 to $999,999",nonbrand,Pacific,28,CA,0
L-08094,meta,Low Value,"$250,000 to $499,999",organic social,Eastern,9,MA,0
L-08095,meta,Unknown,"Less than $250,000",,Pacific,37,CA,0
L-08096,google,Ideal,"$250,000 to $499,999",nonbrand,Eastern,53,MA,0
L-08097,google,Low Value,"$500,000 to $999,999",ppc,Mountain,98,MT,0
L-08098,google,Ideal,"Less than $250,000",nonbrand,Eastern,58,MI,1
L-08099,google,Unknown,"$250,000 to $499,999",organic search,Eastern,82,NY,0
L-08100,google,Ideal,"$500,000 to $999,999",cpc,Eastern,21,VA,1
L-08101,meta,Low Value,"Less than $250,000",ppc,Eastern,100,NY,0
L-08102,meta,Low Value,"Less than $250,000",organic social,Eastern,64,MI,0
L-08103,google,High Value,"$1,000,000 to $4,999,999",brand,Pacific,90,CA,1
L-08104,meta,High Value,"Less than $250,000",organic social,Eastern,100,NY,1
L-08105,bing,Ideal,"Less than $250,000",nonbrand,Central,58,TN,0
L-08106,google,High Value,"Less than $250,000",brand,Central,96,IL,1
L-08107,meta,High Value,"$1,000,000 to $4,999,999",,Central,49,IL,0
L-08108,google,High Value,"Less than $250,000",nonbrand,Mountain,63,UT,0
L-08109,meta,Low Value,"Less than $250,000",retargeting,Eastern,52,NC,0
L-08110,meta,Low Value,"Less than $250,000",organic social,,64,,1
L-08111,google,High Value,"$1,000,000 to $4,999,999",brand,Pacific,71,WA,0
L-08112,tiktok,Ideal,"Less than $250,000",organic social,Eastern,38,FL,0
L-08113,meta,Ideal,"Less than $250,000",prospecting,Eastern,47,PA,0
L-08114,google,High Value,,nonbrand,Central,100,IL,1
L-08115,google,Low Value,"$1,000,000 to $4,999,999",brand,Pacific,66,CA,0
L-08116,meta,Low Value,"Less than $250,000",prospecting,Eastern,0,NC,0
L-08117,google,Low Value,Self-Serve Signup,brand,Eastern,54,NY,1
L-08118,meta,Low Value,"$500,000 to $999,999",organic social,Eastern,5,,0
L-08119,google,Ideal,"$1,000,000 to $4,999,999",brand,Pacific,21,WA,0
L-08120,meta,Ideal,"$500,000 to $999,999",prospecting,Mountain,41,CO,0
L-08121,tiktok,Ideal,"Less than $250,000",prospecting,Eastern,,FL,0
L-08122,google,High Value,"$500,000 to $999,999",brand,Eastern,53,OH,0
L-08123,bing,Unknown,"$5,000,000 to $9,999,999",organic search,Pacific,55,WA,1
L-08124,google,Low Value,"$250,000 to $499,999",prospecting,Central,34,TX,0
L-08125,tiktok,Low Value,"$250,000 to $499,999",organic social,Pacific,29,CA,0
L-08126,tiktok,Low Value,"$250,000 to $499,999",retargeting,Eastern,42,FL,0
L-08127,meta,Low Value,"$250,000 to $499,999",ppc,Eastern,75,NJ,0
L-08128,google,Ideal,"$5,000,000 to $9,999,999",brand,Eastern,100,PA,1
L-08129,google,Unknown,"$1,000,000 to $4,999,999",paid search,Arizona,44,AZ,1
L-08130,meta,Ideal,"Less than $250,000",brand,Pacific,0,CA,0
L-08131,google,High Value,"$500,000 to $999,999",ppc,Alaska,61,,0
L-08132,bing,Low Value,"$5,000,000 to $9,999,999",brand,Eastern,74,FL,1
L-08133,meta,Low Value,"$5,000,000 to $9,999,999",nonbrand,Central,45,TN,1
L-08134,meta,Low Value,"$10,000,000 to $24,999,999",pmax,Central,34,WI,0
L-08135,meta,Low Value,"$1,000,000 to $4,999,999",retargeting,Central,26,TX,1
L-08136,tiktok,Low Value,"Less than $250,000",cpc,Central,44,TX,0
L-08137,google,High Value,"$250,000 to $499,999",pmax,Eastern,63,MA,0
L-08138,meta,Low Value,"Less than $250,000",brand,Eastern,0,MI,0
L-08139,meta,Low Value,"$500,000 to $999,999",organic social,Eastern,7,,0
L-08140,meta,Ideal,"$5,000,000 to $9,999,999",retargeting,Central,25,TX,0
L-08141,meta,Ideal,"Less than $250,000",prospecting,Pacific,45,NV,0
L-08142,tiktok,Low Value,"$1,000,000 to $4,999,999",retargeting_lead_generation,Central,8,IL,0
L-08143,google,Ideal,,brand,Eastern,100,MA,0
L-08144,google,Ideal,"Less than $250,000",prospecting,Central,9,MO,0
L-08145,google,High Value,"$1,000,000 to $4,999,999",prospecting,,27,,0
L-08146,meta,Low Value,"Less than $250,000",organic social,Pacific,49,CA,0
L-08147,meta,Low Value,"Less than $250,000",prospecting,Central,39,MO,0
L-08148,meta,Unknown,"Less than $250,000",organic social,Central,48,MO,0
L-08149,meta,Low Value,"Less than $250,000",prospecting,Arizona,32,AZ,0
L-08150,google,Low Value,"$500,000 to $999,999",nonbrand,Eastern,52,MI,1
L-08151,meta,Low Value,"Less than $250,000",prospecting,Central,47,TX,0
L-08152,google,High Value,"Less than $250,000",brand,Central,,IL,0
L-08153,google,Low Value,"$250,000 to $499,999",brand,Pacific,93,CA,1
L-08154,bing,Ideal,"$1,000,000 to $4,999,999",ppc,Alaska,6,AK,1
L-08155,tiktok,Low Value,"$250,000 to $499,999",prospecting,Pacific,63,OR,0
L-08156,google,Unknown,"$5,000,000 to $9,999,999",paid search,Central,95,WI,0
L-08157,bing,Low Value,"$1,000,000 to $4,999,999",brand,Central,,IL,1
L-08158,meta,High Value,"$5,000,000 to $9,999,999",retargeting,Pacific,87,CA,0
L-08159,google,Low Value,"$250,000 to $499,999",brand,Eastern,92,FL,1
L-08160,google,Low Value,"Less than $250,000",nonbrand,Pacific,15,CA,0
L-08161,google,Unknown,"Less than $250,000",pmax,Arizona,15,AZ,0
L-08162,bing,Low Value,"Less than $250,000",paid search,Central,92,TN,1
L-08163,google,Low Value,"$1,000,000 to $4,999,999",prospecting,Central,41,TX,0
L-08164,google,Low Value,"$250,000 to $499,999",nonbrand,Pacific,13,,0
L-08165,meta,Low Value,"Less than $250,000",organic social,Eastern,12,NY,0
L-08166,bing,Low Value,"Less than $250,000",paid search,Central,24,MO,0
L-08167,meta,Low Value,"Less than $250,000",prospecting,Pacific,19,NV,0
L-08168,bing,High Value,"$5,000,000 to $9,999,999",organic search,Central,74,LA,0
L-08169,google,High Value,"Less than $250,000",ppc,Eastern,80,NC,0
L-08170,google,High Value,"$500,000 to $999,999",nonbrand,Pacific,100,CA,1
L-08171,google,Ideal,"$500,000 to $999,999",brand,Central,32,TX,0
L-08172,bing,Low Value,"$250,000 to $499,999",paid search,Pacific,43,WA,1
L-08173,bing,High Value,"$10,000,000 to $24,999,999",brand,Central,45,WI,0
L-08174,bing,High Value,"$250,000 to $499,999",prospecting,Eastern,83,NY,0
L-08175,meta,Low Value,"Less than $250,000",retargeting,--,42,NJ,0
L-08176,meta,Ideal,"Less than $250,000",prospecting,Eastern,75,NY,0
L-08177,google,High Value,"$1,000,000 to $4,999,999",brand,Mountain,95,UT,1
L-08178,meta,Ideal,"Less than $250,000",prospecting,Pacific,70,WA,0
L-08179,meta,Low Value,"Less than $250,000",prospecting,Pacific,28,CA,0
L-08180,meta,Low Value,Self-Serve Signup,prospecting,Pacific,37,CA,0
L-08181,bing,Ideal,"$250,000 to $499,999",brand,Eastern,50,NY,0
L-08182,google,Ideal,"$10,000,000 to $24,999,999",cpc,Alaska,43,AK,0
L-08183,google,Low Value,"$250,000 to $499,999",pmax,Eastern,40,NJ,0
L-08184,meta,High Value,"$250,000 to $499,999",prospecting,Pacific,60,CA,0
L-08185,google,Ideal,,pmax,Eastern,57,NY,0
L-08186,meta,Low Value,"Less than $250,000",prospecting,Eastern,10,NY,0
L-08187,google,Unknown,"Less than $250,000",pmax,Central,37,LA,0
L-08188,google,Ideal,"Less than $250,000",nonbrand,Mountain,64,UT,0
L-08189,google,High Value,"$500,000 to $999,999",brand,Arizona,93,AZ,1
L-08190,meta,Low Value,"Less than $250,000",nonbrand,Eastern,,MI,1
L-08191,meta,Low Value,"Less than $250,000",organic social,Mountain,40,CO,0
L-08192,meta,Ideal,"$250,000 to $499,999",retargeting,Pacific,81,WA,1
L-08193,google,Low Value,"$10,000,000 to $24,999,999",organic search,Eastern,69,GA,1
L-08194,tiktok,Low Value,"Less than $250,000",prospecting,Mountain,68,CO,0
L-08195,tiktok,Ideal,"$250,000 to $499,999",retargeting,Mountain,60,CO,0
L-08196,meta,Ideal,"Less than $250,000",cpc,Mountain,33,UT,1
L-08197,tiktok,Low Value,"Less than $250,000",prospecting,Pacific,27,NV,0
L-08198,meta,Ideal,"Less than $250,000",ppc,Eastern,54,GA,0
L-08199,bing,Ideal,"$1,000,000 to $4,999,999",brand,Eastern,63,NY,1
L-08200,meta,Ideal,"$1,000,000 to $4,999,999",paid search,Central,65,IL,1
L-08201,meta,Unknown,"Less than $250,000",organic social,Eastern,46,NC,1
L-08202,meta,Low Value,"Less than $250,000",,Eastern,0,GA,0
L-08203,meta,Low Value,"Less than $250,000",brand,Eastern,61,NJ,0
L-08204,meta,Low Value,"Less than $250,000",prospecting,Central,29,IL,0
L-08205,google,High Value,"$250,000 to $499,999",brand,Alaska,50,AK,0
L-08206,meta,Low Value,"$250,000 to $499,999",organic search,Central,47,TX,0
L-08207,tiktok,Low Value,"Less than $250,000",prospecting,Central,0,,0
L-08208,google,High Value,"$250,000 to $499,999",,Mountain,,CO,1
L-08209,meta,Low Value,"Less than $250,000",,Eastern,85,MI,1
L-08210,meta,Low Value,"Less than $250,000",nonbrand,Central,88,IL,0
L-08211,google,High Value,"Less than $250,000",paid search,Eastern,83,NJ,0
L-08212,meta,Low Value,"$250,000 to $499,999",organic social,Eastern,,NC,0
L-08213,meta,Low Value,"Less than $250,000",organic social,Pacific,4,WA,0
L-08214,meta,Low Value,"$500,000 to $999,999",organic social,Eastern,73,FL,0
L-08215,meta,Low Value,"$500,000 to $999,999",organic social,Eastern,88,NY,1
L-08216,meta,Low Value,"Less than $250,000",prospecting,Pacific,49,CA,0
L-08217,google,Low Value,"$500,000 to $999,999",nonbrand,Arizona,34,AZ,1
L-08218,meta,Unknown,"Less than $250,000",nonbrand,Eastern,36,NY,0
L-08219,meta,Low Value,"Less than $250,000",pmax,Eastern,39,NY,0
L-08220,google,Ideal,"Less than $250,000",brand,Eastern,44,NY,1
L-08221,meta,Ideal,"$5,000,000 to $9,999,999",prospecting,Pacific,8,WA,1
L-08222,bing,High Value,"Less than $250,000",paid search,Eastern,88,PA,0
L-08223,meta,Unknown,"$500,000 to $999,999",prospecting,Central,59,TX,1
L-08224,google,Low Value,"Less than $250,000",pmax,Central,61,IL,0
L-08225,bing,Low Value,"$250,000 to $499,999",retargeting,Eastern,37,MA,0
L-08226,tiktok,Low Value,"Less than $250,000",retargeting,Pacific,29,CA,0
L-08227,google,Unknown,"$250,000 to $499,999",cpc,Pacific,100,CA,1
L-08228,bing,Unknown,"$10,000,000 to $24,999,999",organic search,Pacific,,CA,0
L-08229,tiktok,Low Value,"Less than $250,000",organic social,Pacific,63,CA,0
L-08230,google,High Value,"$250,000 to $499,999",brand,,100,,0
L-08231,bing,High Value,"$500,000 to $999,999",cpc,Mountain,35,CO,0
L-08232,google,Ideal,"$1,000,000 to $4,999,999",pmax,Central,52,LA,0
L-08233,meta,Ideal,"$500,000 to $999,999",organic social,Pacific,54,CA,1
L-08234,meta,High Value,"Less than $250,000",prospecting,Eastern,98,PA,0
L-08235,google,Ideal,"$250,000 to $499,999",paid search,Pacific,26,WA,0
L-08236,google,Low Value,,brand,Eastern,47,FL,0
L-08237,meta,Low Value,"$250,000 to $499,999",retargeting,Eastern,51,FL,0
L-08238,google,Low Value,"Less than $250,000",pmax,Eastern,31,GA,1
L-08239,tiktok,Ideal,"$250,000 to $499,999",prospecting,Eastern,25,NY,0
L-08240,google,Low Value,Self-Serve Signup,brand,,41,,0
L-08241,tiktok,Low Value,"Less than $250,000",organic social,Eastern,36,NJ,0
L-08242,meta,Low Value,"Less than $250,000",,Central,0,TN,0
L-08243,meta,Unknown,"Less than $250,000",prospecting,Central,40,TX,1
L-08244,google,Low Value,"$1,000,000 to $4,999,999",brand,Pacific,50,NV,1
L-08245,meta,Low Value,"Less than $250,000",prospecting,Eastern,6,GA,0
L-08246,google,Low Value,"Less than $250,000",brand,Eastern,41,FL,0
L-08247,tiktok,Low Value,Self-Serve Signup,brand,Central,35,TX,0
L-08248,meta,Unknown,"$250,000 to $499,999",pmax,Central,70,,0
L-08249,meta,Low Value,"$1,000,000 to $4,999,999",cpc,Pacific,22,CA,0
L-08250,google,High Value,"$250,000 to $499,999",brand,Central,44,IL,1
L-08251,google,Low Value,"Less than $250,000",nonbrand,Central,61,IL,0
L-08252,meta,Low Value,,prospecting,Eastern,30,NY,0
L-08253,google,Ideal,"$500,000 to $999,999",nonbrand,Central,91,WI,1
L-08254,google,Low Value,"$250,000 to $499,999",ppc,Eastern,26,PA,1
L-08255,bing,Unknown,"Less than $250,000",brand,Eastern,76,PA,1
L-08256,meta,Low Value,"Less than $250,000",prospecting,Central,,TX,0
L-08257,bing,High Value,"$250,000 to $499,999",paid search,Alaska,100,AK,1
L-08258,google,Low Value,Self-Serve Signup,prospecting,Eastern,54,GA,0
L-08259,meta,Low Value,"Less than $250,000",organic search,Eastern,42,FL,1
L-08260,meta,Low Value,"$250,000 to $499,999",organic social,Central,34,MO,1
L-08261,google,High Value,"$1,000,000 to $4,999,999",nonbrand,Central,86,MN,1
L-08262,google,Ideal,"$10,000,000 to $24,999,999",brand,Eastern,34,VA,0
L-08263,meta,Ideal,"Less than $250,000",prospecting,Eastern,52,FL,0
L-08264,google,Ideal,"$1,000,000 to $4,999,999",paid search,Central,79,WI,0
L-08265,google,Unknown,"Less than $250,000",brand,Pacific,99,WA,0
L-08266,google,Low Value,"Less than $250,000",brand,Eastern,73,NY,1
L-08267,meta,Low Value,Self-Serve Signup,retargeting,Eastern,2,VA,0
L-08268,google,High Value,"$250,000 to $499,999",paid search,Eastern,62,VA,1
L-08269,bing,High Value,"$500,000 to $999,999",cpc,Arizona,100,AZ,1
L-08270,google,Low Value,"$500,000 to $999,999",paid search,Pacific,65,CA,1
L-08271,google,Unknown,"$5,000,000 to $9,999,999",retargeting,Eastern,49,NJ,1
L-08272,meta,Ideal,"$500,000 to $999,999",prospecting,Eastern,44,GA,1
L-08273,meta,Ideal,"$250,000 to $499,999",brand,Eastern,60,,0
L-08274,bing,Ideal,"$250,000 to $499,999",nonbrand,Eastern,55,OH,0
L-08275,google,Low Value,"Less than $250,000",brand,Central,0,MO,0
L-08276,bing,High Value,"$500,000 to $999,999",brand,Central,75,IL,0
L-08277,google,Low Value,,paid search,Central,27,TX,0
L-08278,meta,Low Value,"$1,000,000 to $4,999,999",prospecting,Pacific,74,NV,0
L-08279,google,Low Value,"Less than $250,000",brand,Eastern,36,FL,0
L-08280,bing,Unknown,,paid search,Eastern,84,NY,1
L-08281,meta,Low Value,"$250,000 to $499,999",nonbrand,Eastern,36,VA,0
L-08282,meta,High Value,"$250,000 to $499,999",prospecting,Eastern,35,OH,0
L-08283,tiktok,Low Value,"Less than $250,000",prospecting_lead_generation,Eastern,53,MA,0
L-08284,tiktok,Low Value,"Less than $250,000",retargeting,Central,72,IL,0
L-08285,google,High Value,"$10,000,000 to $24,999,999",nonbrand,Central,88,MO,0
L-08286,meta,Ideal,"$1,000,000 to $4,999,999",,,44,,0
L-08287,google,Ideal,"$250,000 to $499,999",brand,Eastern,55,OH,0
L-08288,tiktok,Low Value,"Less than $250,000",retargeting,Central,12,TX,0
L-08289,tiktok,High Value,"Less than $250,000",prospecting,Eastern,28,NC,0
L-08290,meta,Low Value,"Less than $250,000",ppc,Central,77,TX,0
L-08291,google,Low Value,"Less than $250,000",nonbrand,Pacific,56,CA,0
L-08292,google,Low Value,"Less than $250,000",brand,Arizona,80,AZ,0
L-08293,google,Ideal,"$500,000 to $999,999",nonbrand,Eastern,0,FL,1
L-08294,tiktok,Low Value,"$250,000 to $499,999",prospecting,Eastern,63,NY,0
L-08295,bing,Low Value,Self-Serve Signup,,,28,,0
L-08296,google,Ideal,"Less than $250,000",paid search,Eastern,72,FL,0
L-08297,meta,Low Value,"Less than $250,000",nonbrand,Eastern,67,FL,0
L-08298,google,Low Value,"$500,000 to $999,999",pmax,Pacific,14,WA,0
L-08299,meta,Low Value,"Less than $250,000",organic social,Pacific,17,CA,0
L-08300,meta,Low Value,"Less than $250,000",prospecting,Central,13,MO,0
L-08301,bing,Low Value,"$500,000 to $999,999",paid search,Mountain,59,,0
L-08302,google,Ideal,,paid search,Pacific,,CA,0
L-08303,meta,Ideal,"$250,000 to $499,999",organic social,Mountain,96,UT,0
L-08304,google,Low Value,"$250,000 to $499,999",nonbrand,Pacific,58,OR,1
L-08305,meta,Ideal,"Less than $250,000",retargeting,Central,95,MO,0
L-08306,google,Low Value,"$500,000 to $999,999",brand,Eastern,36,GA,0
L-08307,tiktok,Unknown,"$250,000 to $499,999",retargeting,Pacific,34,NV,0
L-08308,meta,Low Value,"$250,000 to $499,999",organic social,Pacific,26,OR,0
L-08309,bing,High Value,"$1,000,000 to $4,999,999",ppc,Central,21,TX,0
L-08310,bing,Low Value,,paid search,Central,41,MN,1
L-08311,google,Low Value,"$250,000 to $499,999",organic search,Eastern,38,NY,1
L-08312,meta,Ideal,"$250,000 to $499,999",retargeting,Central,100,IL,0
L-08313,meta,Low Value,"Less than $250,000",pmax,Pacific,26,CA,0
L-08314,google,Low Value,"$250,000 to $499,999",cpc,Eastern,7,PA,0
L-08315,meta,Low Value,"$250,000 to $499,999",retargeting,Central,0,MO,0
L-08316,tiktok,High Value,"$250,000 to $499,999",prospecting,Eastern,47,NJ,0
L-08317,meta,Ideal,"$1,000,000 to $4,999,999",retargeting,Pacific,22,CA,0
L-08318,google,High Value,"$250,000 to $499,999",,Eastern,100,VA,0
L-08319,tiktok,Low Value,"Less than $250,000",ppc,Central,92,IL,0
L-08320,meta,Low Value,"Less than $250,000",brand,Eastern,36,FL,0
L-08321,meta,Low Value,"Less than $250,000",retargeting,Eastern,41,FL,0
L-08322,tiktok,Low Value,"$250,000 to $499,999",prospecting,Central,6,LA,0
L-08323,google,Ideal,"$1,000,000 to $4,999,999",nonbrand,Eastern,48,FL,1
L-08324,meta,Low Value,"$250,000 to $499,999",nonbrand,Central,2,IL,1
L-08325,meta,Low Value,"$250,000 to $499,999",prospecting,Mountain,37,CO,0
L-08326,meta,Unknown,"Less than $250,000",retargeting,Eastern,60,GA,0
L-08327,google,Low Value,"$500,000 to $999,999",organic search,Central,33,MN,0
L-08328,tiktok,Ideal,"Less than $250,000",retargeting,Central,1,MO,0
L-08329,meta,Low Value,"Less than $250,000",organic social,Mountain,38,MT,0
L-08330,tiktok,Low Value,Self-Serve Signup,ppc,Eastern,30,MA,1
L-08331,google,High Value,"$1,000,000 to $4,999,999",organic search,Eastern,67,MI,0
L-08332,meta,Ideal,"Less than $250,000",prospecting,Pacific,94,WA,1
L-08333,tiktok,Unknown,"Less than $250,000",organic social,Arizona,52,AZ,0
L-08334,google,Low Value,"Less than $250,000",ppc,Central,58,TX,0
L-08335,meta,Low Value,"Less than $250,000",prospecting,Pacific,6,NV,0
L-08336,tiktok,Low Value,"Less than $250,000",ppc,Eastern,32,MI,0
L-08337,bing,Ideal,"$1,000,000 to $4,999,999",nonbrand,Arizona,83,AZ,0
L-08338,meta,Low Value,"Less than $250,000",organic social,Eastern,61,PA,0
L-08339,google,Low Value,"Less than $250,000",organic search,Pacific,24,OR,1
L-08340,meta,Low Value,"$250,000 to $499,999",nonbrand,Pacific,1,CA,1
L-08341,google,Low Value,"Less than $250,000",paid search,Pacific,0,CA,0
L-08342,tiktok,Low Value,"Less than $250,000",prospecting,Eastern,79,FL,0
L-08343,google,Ideal,"$500,000 to $999,999",cpc,Eastern,89,GA,1
L-08344,meta,Low Value,"$1,000,000 to $4,999,999",prospecting,Central,51,IL,1
L-08345,meta,High Value,"$500,000 to $999,999",organic social,Arizona,22,AZ,0
L-08346,google,Ideal,"$1,000,000 to $4,999,999",nonbrand,Notify Admin,95,GA,1
L-08347,google,Low Value,"$1,000,000 to $4,999,999",brand,Central,35,IL,0
L-08348,google,Ideal,"$500,000 to $999,999",,Eastern,80,FL,1
L-08349,google,Ideal,"$10,000,000 to $24,999,999",brand,Mountain,95,CO,1
L-08350,meta,Low Value,,organic social,Pacific,34,CA,0
L-08351,meta,Unknown,"Less than $250,000",organic social,Eastern,25,FL,0
L-08352,google,Ideal,"$500,000 to $999,999",brand,Eastern,86,MI,1
L-08353,google,Unknown,"$1,000,000 to $4,999,999",paid search,Eastern,91,NY,1
L-08354,meta,Ideal,"Less than $250,000",retargeting,,33,,0
L-08355,google,Ideal,"$250,000 to $499,999",nonbrand,Eastern,6,NY,0
L-08356,tiktok,Low Value,"Less than $250,000",,Eastern,27,FL,0
L-08357,meta,High Value,"$250,000 to $499,999",retargeting,Eastern,58,MI,1
L-08358,google,Low Value,"Less than $250,000",cpc,Pacific,0,CA,0
L-08359,google,Low Value,"Less than $250,000",nonbrand,Mountain,55,UT,0
L-08360,google,Ideal,"Less than $250,000",cpc,Eastern,73,PA,1
L-08361,google,High Value,"$1,000,000 to $4,999,999",prospecting,Central,95,MO,0
L-08362,tiktok,Low Value,"Less than $250,000",retargeting,Pacific,26,CA,0
L-08363,meta,Low Value,"Less than $250,000",,Eastern,11,NJ,0
L-08364,google,Unknown,"$10,000,000 to $24,999,999",nonbrand,Eastern,,NC,0
L-08365,google,Ideal,"$5,000,000 to $9,999,999",paid search,Central,57,TX,1
L-08366,google,Low Value,"$500,000 to $999,999",organic search,Pacific,6,NV,0
L-08367,meta,Low Value,"Less than $250,000",organic social,Pacific,29,CA,0
L-08368,tiktok,Low Value,"Less than $250,000",prospecting,Eastern,27,FL,0
L-08369,meta,Ideal,"$1,000,000 to $4,999,999",organic social,,55,,0
L-08370,meta,Low Value,"Less than $250,000",cpc,Eastern,51,NC,0
L-08371,bing,Low Value,"Less than $250,000",cpc,Eastern,37,MA,0
L-08372,bing,High Value,"$500,000 to $999,999",brand,Eastern,86,FL,1
L-08373,tiktok,Low Value,"Less than $250,000",nonbrand,Pacific,43,WA,0
L-08374,tiktok,Low Value,"$5,000,000 to $9,999,999",organic social,Eastern,50,OH,1
L-08375,google,High Value,"$250,000 to $499,999",brand,,77,,1
L-08376,google,Low Value,"$1,000,000 to $4,999,999",pmax,Eastern,37,NY,0
L-08377,google,Ideal,"Less than $250,000",organic search,Eastern,87,NY,1
L-08378,tiktok,Low Value,"$250,000 to $499,999",prospecting,Pacific,66,OR,0
L-08379,google,Ideal,"$250,000 to $499,999",cpc,Pacific,32,WA,1
L-08380,google,Unknown,"Less than $250,000",brand,Eastern,12,NJ,0
L-08381,tiktok,Unknown,"$500,000 to $999,999",prospecting,Pacific,68,WA,0
L-08382,google,Low Value,"$1,000,000 to $4,999,999",cpc,Eastern,89,VA,0
L-08383,tiktok,Low Value,"Less than $250,000",brand,Central,58,MN,0
L-08384,google,Ideal,"$1,000,000 to $4,999,999",nonbrand,Pacific,61,OR,0
L-08385,meta,Low Value,"Less than $250,000",prospecting,Pacific,0,CA,0
L-08386,google,Ideal,"$250,000 to $499,999",,Mountain,32,CO,0
L-08387,google,Low Value,Self-Serve Signup,brand,Pacific,37,OR,0
L-08388,google,High Value,"$10,000,000 to $24,999,999",brand,Eastern,78,PA,0
L-08389,google,Unknown,"$500,000 to $999,999",nonbrand,Pacific,66,CA,0
L-08390,google,Low Value,"Less than $250,000",nonbrand,Eastern,26,NC,0
L-08391,google,Ideal,"$1,000,000 to $4,999,999",expired or invalid attributer license,Eastern,33,NY,1
L-08392,google,High Value,"Less than $250,000",brand,Eastern,40,FL,0
L-08393,google,Low Value,"Less than $250,000",,Central,18,TX,0
L-08394,tiktok,Ideal,"Less than $250,000",retargeting,Central,10,IL,0
L-08395,google,High Value,"$1,000,000 to $4,999,999",nonbrand,Eastern,68,FL,0
L-08396,google,Ideal,"$250,000 to $499,999",pmax,Mountain,89,CO,0
L-08397,google,Low Value,,paid search,Eastern,75,NY,0
L-08398,tiktok,High Value,"Less than $250,000",retargeting,Pacific,,CA,0
L-08399,google,Low Value,,nonbrand,Pacific,70,CA,1
L-08400,google,High Value,"$1,000,000 to $4,999,999",paid search,Eastern,98,PA,1
L-08401,meta,High Value,"$250,000 to $499,999",prospecting,Eastern,76,FL,0
L-08402,bing,Low Value,"Less than $250,000",nonbrand,Eastern,31,MA,0
L-08403,meta,Unknown,"$250,000 to $499,999",,Eastern,55,FL,0
L-08404,bing,Low Value,"Less than $250,000",paid search,Pacific,76,CA,1
L-08405,meta,Unknown,"Less than $250,000",prospecting,Eastern,0,MI,0
L-08406,google,High Value,"$1,000,000 to $4,999,999",nonbrand,Pacific,70,CA,1
L-08407,google,High Value,"$5,000,000 to $9,999,999",ppc,Central,80,TX,0
L-08408,meta,Low Value,"Less than $250,000",prospecting,Central,71,MO,1
L-08409,bing,Low Value,"$500,000 to $999,999",brand,Eastern,20,,0
L-08410,google,Low Value,"$10,000,000 to $24,999,999",pmax,Eastern,100,NY,1
L-08411,tiktok,Ideal,"Less than $250,000",prospecting,Eastern,27,NJ,0
L-08412,google,High Value,"$10,000,000 to $24,999,999",nonbrand,Eastern,57,GA,0
L-08413,google,Ideal,"$250,000 to $499,999",paid search,Central,92,TN,0
L-08414,tiktok,Unknown,Self-Serve Signup,prospecting,Central,55,WI,0
L-08415,google,Low Value,"$1,000,000 to $4,999,999",organic search,Pacific,66,NV,0
L-08416,meta,Ideal,"$250,000 to $499,999",organic social,Pacific,,CA,0
L-08417,google,Low Value,"$1,000,000 to $4,999,999",nonbrand,Mountain,47,CO,1
L-08418,google,High Value,"$250,000 to $499,999",nonbrand,Eastern,66,OH,0
L-08419,meta,Ideal,"Less than $250,000",nonbrand,Pacific,17,CA,0
L-08420,google,Ideal,"$500,000 to $999,999",organic search,Eastern,98,,0
L-08421,google,High Value,"Less than $250,000",brand,Pacific,82,CA,0
L-08422,google,Ideal,"$500,000 to $999,999",cpc,Eastern,4,OH,1
L-08423,google,Low Value,"$250,000 to $499,999",nonbrand,Pacific,92,WA,0
L-08424,meta,Low Value,"Less than $250,000",prospecting,Central,64,TN,0
L-08425,google,Low Value,"$500,000 to $999,999",nonbrand,Eastern,55,NC,0
L-08426,meta,Low Value,"$500,000 to $999,999",nonbrand,Central,80,TX,0
L-08427,meta,Unknown,"Less than $250,000",prospecting,Pacific,72,WA,0
L-08428,meta,Low Value,"Less than $250,000",organic social,Central,0,TX,0
L-08429,google,Low Value,"$250,000 to $499,999",prospecting,Arizona,50,AZ,0
L-08430,meta,High Value,"$500,000 to $999,999",retargeting,Eastern,47,OH,1
L-08431,meta,Ideal,"Less than $250,000",organic social,Eastern,,GA,0
L-08432,tiktok,Low Value,Self-Serve Signup,retargeting,Central,0,IL,0
L-08433,meta,Low Value,Self-Serve Signup,organic social,Eastern,30,PA,0
L-08434,meta,High Value,"Less than $250,000",organic social,Eastern,82,NY,0
L-08435,tiktok,Low Value,Self-Serve Signup,organic social,Central,33,TX,0
L-08436,meta,High Value,"$250,000 to $499,999",brand,Eastern,100,OH,1
L-08437,meta,Low Value,"Less than $250,000",prospecting,Eastern,4,MI,0
L-08438,bing,High Value,"$1,000,000 to $4,999,999",brand,Pacific,100,CA,1
L-08439,google,Low Value,"Less than $250,000",cpc,Arizona,21,AZ,0
L-08440,google,Low Value,"Less than $250,000",cpc,,2,,0
L-08441,tiktok,Ideal,"Less than $250,000",organic social,Pacific,,CA,0
L-08442,google,High Value,"$5,000,000 to $9,999,999",ppc,Eastern,53,GA,1
L-08443,meta,Low Value,"$500,000 to $999,999",prospecting,Pacific,,CA,0
L-08444,bing,Unknown,"Less than $250,000",brand,Central,35,IL,0
L-08445,google,Ideal,"$1,000,000 to $4,999,999",organic search,Eastern,49,OH,0
L-08446,meta,High Value,"$1,000,000 to $4,999,999",,Central,51,TX,1
L-08447,tiktok,Low Value,"Less than $250,000",prospecting,Pacific,0,CA,0
L-08448,bing,Low Value,"Less than $250,000",cpc,Pacific,31,CA,0
L-08449,meta,Low Value,"$250,000 to $499,999",organic social,Central,,TX,0
L-08450,google,Ideal,"$1,000,000 to $4,999,999",brand,Eastern,52,VA,1
L-08451,bing,Low Value,"$500,000 to $999,999",nonbrand,Eastern,79,VA,1
L-08452,google,High Value,"Less than $250,000",cpc,Central,52,TX,0
L-08453,google,Low Value,"$5,000,000 to $9,999,999",nonbrand,Eastern,45,,0
L-08454,google,Unknown,"$5,000,000 to $9,999,999",paid search,Eastern,65,FL,0
L-08455,tiktok,Ideal,"$250,000 to $499,999",prospecting,Eastern,58,GA,1
L-08456,bing,High Value,"$5,000,000 to $9,999,999",nonbrand,Central,82,WI,0
L-08457,meta,Low Value,"Less than $250,000",retargeting,Eastern,52,FL,1
L-08458,tiktok,Unknown,"$250,000 to $499,999",prospecting,Mountain,15,UT,0
L-08459,meta,Low Value,,retargeting,Eastern,55,FL,1
L-08460,meta,Low Value,"$250,000 to $499,999",organic social,Pacific,32,CA,0
L-08461,meta,High Value,"Less than $250,000",organic social,Eastern,76,NY,0
L-08462,google,Ideal,"Less than $250,000",organic search,Eastern,31,PA,0
L-08463,meta,High Value,"$1,000,000 to $4,999,999",prospecting,Central,27,IL,1
L-08464,tiktok,Low Value,"Less than $250,000",prospecting,Eastern,27,FL,0
L-08465,meta,Low Value,"$250,000 to $499,999",paid search,Pacific,33,CA,0
L-08466,meta,Ideal,"$1,000,000 to $4,999,999",prospecting,Central,58,TX,1
L-08467,meta,Low Value,"Less than $250,000",ppc,Central,53,TN,0
L-08468,meta,Ideal,"$5,000,000 to $9,999,999",prospecting,Mountain,76,MT,1
L-08469,meta,Low Value,"Less than $250,000",prospecting,Eastern,58,PA,0
L-08470,bing,High Value,"Less than $250,000",nonbrand,Eastern,71,MI,0
L-08471,google,High Value,"Less than $250,000",nonbrand,Eastern,61,MA,0
L-08472,tiktok,Low Value,"Less than $250,000",prospecting,Mountain,41,CO,0
L-08473,google,Ideal,"$250,000 to $499,999",brand,,57,,0
L-08474,google,Low Value,"Less than $250,000",,Eastern,8,PA,0
L-08475,meta,Ideal,"Less than $250,000",retargeting,Eastern,40,MI,0
L-08476,bing,Low Value,"$1,000,000 to $4,999,999",nonbrand,Eastern,31,NY,0
L-08477,meta,Ideal,"$250,000 to $499,999",prospecting,Eastern,43,PA,0
L-08478,google,Low Value,"Less than $250,000",paid search,Eastern,51,MI,0
L-08479,google,Low Value,"Less than $250,000",brand,Central,94,IL,1
L-08480,meta,Ideal,"$250,000 to $499,999",retargeting,Eastern,10,VA,0
L-08481,bing,Low Value,"Less than $250,000",paid search,Central,62,IL,0
L-08482,google,Low Value,Self-Serve Signup,cpc,Central,3,TN,0
L-08483,bing,High Value,"$10,000,000 to $24,999,999",paid search,Eastern,99,MA,1
L-08484,meta,High Value,"$5,000,000 to $9,999,999",organic social,,64,,1
L-08485,bing,High Value,"$250,000 to $499,999",nonbrand,Central,,IL,0
L-08486,bing,Low Value,"$250,000 to $499,999",cpc,Central,95,MO,0
L-08487,google,Ideal,"Less than $250,000",cpc,Pacific,48,CA,0
L-08488,bing,Low Value,"$500,000 to $999,999",nonbrand,Central,0,IL,1
L-08489,google,Low Value,"Less than $250,000",,Central,0,TX,0
L-08490,google,Ideal,,nonbrand,Central,72,IL,1
L-08491,meta,Low Value,"Less than $250,000",retargeting,Pacific,41,NV,0
L-08492,bing,Low Value,"$250,000 to $499,999",nonbrand,Pacific,21,CA,0
L-08493,meta,Low Value,"$1,000,000 to $4,999,999",expired or invalid attributer license,Central,52,TX,1
L-08494,google,Low Value,"$250,000 to $499,999",organic search,Central,,MO,0
L-08495,tiktok,Low Value,Self-Serve Signup,,Central,17,TX,0
L-08496,google,Low Value,"$1,000,000 to $4,999,999",paid search,Central,76,TX,0
L-08497,google,Ideal,"$1,000,000 to $4,999,999",pmax,Central,52,TX,1
L-08498,tiktok,High Value,"$250,000 to $499,999",organic social,Eastern,58,MA,1
L-08499,tiktok,Low Value,"$1,000,000 to $4,999,999",retargeting,Eastern,0,NY,1
L-08500,google,Low Value,"Less than $250,000",expired or invalid attributer license,Eastern,44,FL,0
L-08501,google,Ideal,"$1,000,000 to $4,999,999",nonbrand,Pacific,67,CA,0
L-08502,meta,Low Value,"Less than $250,000",prospecting,Eastern,42,OH,0
L-08503,meta,Low Value,"$500,000 to $999,999",prospecting,Central,73,MN,1
L-08504,google,Low Value,"$250,000 to $499,999",cpc,Eastern,61,FL,0
L-08505,google,Ideal,"$500,000 to $999,999",retargeting_lead_generation,Eastern,11,GA,1
L-08506,google,Low Value,"Less than $250,000",paid search,Pacific,64,CA,0
L-08507,google,High Value,"$1,000,000 to $4,999,999",organic search,Eastern,100,MA,0
L-08508,meta,Low Value,"Less than $250,000",prospecting,Hawaii,48,HI,0
L-08509,google,Ideal,Self-Serve Signup,nonbrand,Pacific,68,NV,1
L-08510,tiktok,Low Value,"$250,000 to $499,999",prospecting,Eastern,77,GA,1
L-08511,meta,Low Value,"Less than $250,000",prospecting,Central,45,IL,1
L-08512,bing,Low Value,"$500,000 to $999,999",paid search,Eastern,51,NY,0
L-08513,google,Ideal,"Less than $250,000",organic search,Eastern,,PA,1
L-08514,google,High Value,"$10,000,000 to $24,999,999",paid search,Central,32,MO,1
L-08515,meta,Ideal,"$250,000 to $499,999",organic search,Mountain,85,MT,1
L-08516,meta,Low Value,"$5,000,000 to $9,999,999",prospecting,Arizona,79,AZ,0
L-08517,bing,Ideal,"Less than $250,000",brand,Central,69,MN,0
L-08518,meta,High Value,"$1,000,000 to $4,999,999",cpc,Eastern,30,FL,0
L-08519,meta,Low Value,"Less than $250,000",organic social,Eastern,24,FL,0
L-08520,tiktok,Low Value,"$250,000 to $499,999",organic social,Pacific,32,CA,0
L-08521,google,Low Value,"$250,000 to $499,999",paid search,Pacific,18,NV,0
L-08522,google,Ideal,"$500,000 to $999,999",paid search,Pacific,88,OR,0
L-08523,meta,Low Value,"Less than $250,000",retargeting,Eastern,69,NJ,0
L-08524,google,Low Value,"$250,000 to $499,999",pmax,Eastern,50,NY,0
L-08525,google,Ideal,"$5,000,000 to $9,999,999",brand,Eastern,46,OH,0
L-08526,google,Unknown,"$5,000,000 to $9,999,999",brand,Eastern,78,VA,1
L-08527,meta,Ideal,"Less than $250,000",retargeting,Pacific,30,WA,0
L-08528,google,Low Value,"$1,000,000 to $4,999,999",nonbrand,Central,6,TX,0
L-08529,meta,Low Value,"Less than $250,000",organic social,Central,11,TN,0
L-08530,meta,Low Value,"$250,000 to $499,999",prospecting,Eastern,76,MI,0
L-08531,meta,High Value,"$500,000 to $999,999",prospecting,,64,,0
L-08532,google,High Value,"Less than $250,000",organic search,Eastern,46,MI,0
L-08533,google,Low Value,"Less than $250,000",cpc,Central,27,TX,0
L-08534,google,Low Value,"$10,000,000 to $24,999,999",paid search,Hawaii,52,HI,0
L-08535,google,Ideal,"$250,000 to $499,999",ppc,Central,100,IL,1
L-08536,google,High Value,"$250,000 to $499,999",paid search,Eastern,72,NY,0
L-08537,google,Low Value,"Less than $250,000",brand,Mountain,48,MT,0
L-08538,google,High Value,"$1,000,000 to $4,999,999",brand,Eastern,45,OH,1
L-08539,meta,Low Value,Self-Serve Signup,prospecting,Pacific,68,CA,0
L-08540,meta,Ideal,,prospecting,Eastern,39,NY,1
L-08541,meta,Low Value,"Less than $250,000",retargeting,Eastern,7,NC,0
L-08542,bing,Ideal,"Less than $250,000",brand,Eastern,100,MA,1
L-08543,google,Low Value,"Less than $250,000",ppc,Central,53,MN,0
L-08544,tiktok,Low Value,"Less than $250,000",cpc,Central,33,IL,0
L-08545,meta,Low Value,,prospecting,Eastern,9,FL,0
L-08546,google,Ideal,"$500,000 to $999,999",paid search,Eastern,74,FL,1
L-08547,tiktok,Low Value,"$250,000 to $499,999",prospecting,Eastern,47,,0
L-08548,meta,Ideal,"$250,000 to $499,999",retargeting,--,39,MO,1
L-08549,google,Ideal,"Less than $250,000",brand,Pacific,0,CA,0
L-08550,meta,Ideal,"$1,000,000 to $4,999,999",organic social,,53,,0
L-08551,tiktok,Low Value,"$1,000,000 to $4,999,999",cpc,Eastern,32,NC,0
L-08552,meta,Low Value,"Less than $250,000",prospecting,Mountain,21,UT,0
L-08553,meta,Unknown,"$250,000 to $499,999",nonbrand,Eastern,67,FL,0
L-08554,meta,High Value,"$500,000 to $999,999",prospecting,Eastern,85,NY,0
L-08555,google,Low Value,"Less than $250,000",brand,Pacific,43,WA,0
L-08556,google,Unknown,"Less than $250,000",ppc,Central,49,MN,0
L-08557,bing,Ideal,"$250,000 to $499,999",nonbrand,Eastern,38,NY,0
L-08558,bing,Ideal,"$250,000 to $499,999",paid search,Eastern,99,FL,0
L-08559,bing,Low Value,"$500,000 to $999,999",nonbrand,Mountain,61,CO,0
L-08560,google,Low Value,"$250,000 to $499,999",brand,Pacific,32,CA,0
L-08561,google,Ideal,"Less than $250,000",paid search,Central,45,TX,0
L-08562,meta,Low Value,"Less than $250,000",organic social,Arizona,32,AZ,0
L-08563,meta,Ideal,Self-Serve Signup,paid search,Eastern,31,NY,0
L-08564,google,Ideal,"$1,000,000 to $4,999,999",cpc,Pacific,82,NV,1
L-08565,google,Low Value,"$5,000,000 to $9,999,999",cpc,Pacific,58,CA,0
L-08566,google,Ideal,"Less than $250,000",brand,Pacific,71,CA,0
L-08567,tiktok,Unknown,"$250,000 to $499,999",prospecting,Eastern,31,,0
L-08568,tiktok,Low Value,"$1,000,000 to $4,999,999",organic social,Eastern,55,MA,0
L-08569,google,Ideal,"$250,000 to $499,999",cpc,Central,85,TX,1
L-08570,google,Ideal,"$1,000,000 to $4,999,999",ppc,Mountain,82,CO,1
L-08571,tiktok,Low Value,Self-Serve Signup,prospecting,Mountain,0,CO,0
L-08572,google,Ideal,"$500,000 to $999,999",cpc,Central,100,IL,0
L-08573,google,Ideal,Self-Serve Signup,brand,Eastern,84,PA,1
L-08574,meta,Low Value,"Less than $250,000",organic social,Eastern,68,OH,1
L-08575,meta,Low Value,"Less than $250,000",organic social,Eastern,23,OH,0
L-08576,meta,Ideal,"Less than $250,000",prospecting,,66,,0
L-08577,meta,Low Value,Self-Serve Signup,organic social,Eastern,20,NY,0
L-08578,google,High Value,"$250,000 to $499,999",paid search,Pacific,50,CA,1
L-08579,google,Low Value,"$250,000 to $499,999",brand,Eastern,49,FL,0
L-08580,google,Unknown,"Less than $250,000",brand,Central,100,TX,1
L-08581,bing,High Value,Self-Serve Signup,nonbrand,Pacific,15,NV,0
L-08582,meta,Ideal,"Less than $250,000",ppc,Eastern,62,PA,0
L-08583,bing,High Value,"$500,000 to $999,999",prospecting,Central,71,IL,0
L-08584,google,High Value,"Less than $250,000",pmax,Eastern,77,PA,0
L-08585,tiktok,Unknown,"$250,000 to $499,999",ppc,Pacific,32,CA,1
L-08586,meta,High Value,"$5,000,000 to $9,999,999",,Eastern,62,OH,0
L-08587,tiktok,Low Value,"Less than $250,000",organic social,Eastern,0,NY,0
L-08588,google,Ideal,"Less than $250,000",brand,Eastern,39,OH,0
L-08589,meta,Ideal,"$500,000 to $999,999",brand,,3,,1
L-08590,meta,Low Value,Self-Serve Signup,prospecting,Pacific,45,CA,0
L-08591,google,Low Value,"Less than $250,000",cpc,Mountain,41,CO,1
L-08592,google,High Value,"$1,000,000 to $4,999,999",ppc,Mountain,72,CO,0
L-08593,meta,Ideal,"$250,000 to $499,999",prospecting,Central,8,LA,0
L-08594,bing,Ideal,"$250,000 to $499,999",nonbrand,Central,88,IL,0
L-08595,google,Ideal,"$500,000 to $999,999",brand,Central,,TX,1
L-08596,meta,Low Value,"Less than $250,000",brand,Eastern,20,NC,1
L-08597,meta,Low Value,"Less than $250,000",retargeting,Pacific,9,OR,0
L-08598,meta,Low Value,"Less than $250,000",prospecting,Pacific,28,NV,0
L-08599,google,Low Value,"Less than $250,000",pmax,Eastern,96,FL,0
L-08600,bing,Low Value,"$5,000,000 to $9,999,999",brand,Pacific,74,CA,1
L-08601,meta,Ideal,"Less than $250,000",retargeting,Eastern,4,NJ,0
L-08602,meta,Low Value,"$250,000 to $499,999",prospecting,Central,0,MN,0
L-08603,google,High Value,"$1,000,000 to $4,999,999",nonbrand,Pacific,66,WA,1
L-08604,google,Low Value,"Less than $250,000",paid search,Central,57,TX,0
L-08605,google,High Value,"$1,000,000 to $4,999,999",brand,Pacific,71,CA,1
L-08606,meta,Low Value,"Less than $250,000",organic social,Arizona,8,AZ,0
L-08607,google,High Value,"Less than $250,000",nonbrand,Alaska,22,AK,0
L-08608,google,Unknown,"$250,000 to $499,999",nonbrand,Central,69,TX,0
L-08609,google,Low Value,"$250,000 to $499,999",cpc,Alaska,56,AK,0
L-08610,google,Low Value,"$1,000,000 to $4,999,999",paid search,Central,32,IL,0
L-08611,tiktok,Unknown,"$500,000 to $999,999",prospecting,Central,17,MO,0
L-08612,bing,Low Value,"$1,000,000 to $4,999,999",brand,Eastern,42,NC,0
L-08613,meta,Low Value,"Less than $250,000",organic social,Eastern,65,NY,0
L-08614,google,Ideal,"$500,000 to $999,999",nonbrand,Eastern,55,VA,0
L-08615,meta,Low Value,"Less than $250,000",organic social,Eastern,65,FL,0
L-08616,meta,Low Value,"$250,000 to $499,999",prospecting,Central,42,MO,0
L-08617,tiktok,Low Value,"Less than $250,000",organic social,Eastern,16,GA,0
L-08618,tiktok,Unknown,"$250,000 to $499,999",prospecting,Eastern,48,PA,1
L-08619,meta,Low Value,"$250,000 to $499,999",,Pacific,36,CA,0
L-08620,bing,Low Value,"Less than $250,000",prospecting,Eastern,50,NY,0
L-08621,meta,Ideal,"$500,000 to $999,999",ppc,Eastern,55,NY,1
L-08622,meta,Low Value,"Less than $250,000",retargeting,Central,59,TX,1
L-08623,meta,Low Value,Self-Serve Signup,retargeting,Central,29,WI,0
L-08624,meta,High Value,"$250,000 to $499,999",prospecting,Eastern,61,GA,0
L-08625,meta,Ideal,"Less than $250,000",prospecting,Eastern,53,MI,0
L-08626,google,Low Value,"Less than $250,000",nonbrand,Central,59,MN,0
L-08627,meta,Low Value,"Less than $250,000",prospecting,Central,54,TX,0
L-08628,meta,Low Value,"$5,000,000 to $9,999,999",prospecting,Eastern,,NJ,0
L-08629,meta,Low Value,"$250,000 to $499,999",retargeting,Central,0,TX,0
L-08630,meta,Unknown,"Less than $250,000",organic social,Pacific,20,CA,0
L-08631,tiktok,Ideal,"Less than $250,000",organic social,Pacific,43,,0
L-08632,meta,Low Value,"Less than $250,000",brand,Mountain,76,CO,1
L-08633,meta,Low Value,"Less than $250,000",organic social,Pacific,22,WA,0
L-08634,meta,Ideal,"$1,000,000 to $4,999,999",retargeting,,62,,0
L-08635,google,Ideal,"Less than $250,000",nonbrand,Central,51,IL,0
L-08636,google,High Value,"$250,000 to $499,999",cpc,Central,77,TX,0
L-08637,bing,Low Value,"Less than $250,000",nonbrand,Central,70,TN,0
L-08638,google,Low Value,"Less than $250,000",cpc,Mountain,26,CO,0
L-08639,google,Ideal,"Less than $250,000",pmax,Eastern,40,VA,0
L-08640,google,Ideal,"Less than $250,000",brand,Mountain,56,,0
L-08641,tiktok,Ideal,"$500,000 to $999,999",nonbrand,Central,45,,0
L-08642,meta,Ideal,"Less than $250,000",retargeting,Central,52,TX,0
L-08643,meta,Low Value,"$250,000 to $499,999",brand,Eastern,67,VA,0
L-08644,meta,Ideal,"Less than $250,000",organic social,,9,,0
L-08645,meta,Low Value,"Less than $250,000",organic social,Central,0,TX,0
L-08646,bing,Low Value,"$250,000 to $499,999",organic search,Pacific,69,OR,0
L-08647,google,Low Value,"Less than $250,000",,Central,61,IL,0
L-08648,google,Low Value,"$5,000,000 to $9,999,999",brand,Mountain,76,CO,1
L-08649,google,Low Value,"$500,000 to $999,999",cpc,Central,54,TX,1
L-08650,meta,High Value,"$1,000,000 to $4,999,999",prospecting,Eastern,71,OH,0
L-08651,tiktok,Low Value,"$250,000 to $499,999",organic social,Pacific,50,OR,0
L-08652,meta,Low Value,"Less than $250,000",retargeting,Eastern,24,VA,0
L-08653,tiktok,Low Value,"Less than $250,000",prospecting,Central,32,IL,0
L-08654,google,Low Value,"Less than $250,000",cpc,Eastern,8,NC,0
L-08655,bing,Low Value,"Less than $250,000",nonbrand,Central,27,IL,0
L-08656,tiktok,Low Value,"$1,000,000 to $4,999,999",retargeting,Pacific,,WA,0
L-08657,bing,Ideal,"$5,000,000 to $9,999,999",prospecting,Central,65,MO,1
L-08658,bing,High Value,"$250,000 to $499,999",cpc,Central,100,TX,0
L-08659,meta,Unknown,"$250,000 to $499,999",organic social,Pacific,25,CA,0
L-08660,google,Ideal,"$500,000 to $999,999",cpc,Pacific,76,WA,0
L-08661,tiktok,Ideal,"$500,000 to $999,999",organic social,Pacific,46,CA,0
L-08662,meta,Ideal,"$500,000 to $999,999",,Eastern,56,NC,0
L-08663,bing,Ideal,"$1,000,000 to $4,999,999",paid search,Mountain,100,CO,1
L-08664,bing,Low Value,"$250,000 to $499,999",brand,Eastern,41,FL,0
L-08665,google,High Value,"$250,000 to $499,999",prospecting,,77,,0
L-08666,meta,Low Value,"Less than $250,000",cpc,Eastern,4,OH,0
L-08667,tiktok,Unknown,,organic social,Mountain,49,UT,0
L-08668,bing,Low Value,"Less than $250,000",paid search,Mountain,91,CO,0
L-08669,tiktok,High Value,"$250,000 to $499,999",retargeting,Eastern,45,NC,0
L-08670,meta,Low Value,"Less than $250,000",retargeting,Central,31,TX,0
L-08671,google,High Value,"Less than $250,000",nonbrand,Central,56,LA,0
L-08672,bing,Low Value,"Less than $250,000",cpc,Pacific,40,WA,0
L-08673,google,Unknown,"Less than $250,000",ppc,,76,,0
L-08674,bing,Unknown,"$500,000 to $999,999",nonbrand,Pacific,48,CA,1
L-08675,bing,Low Value,"Less than $250,000",brand,Eastern,0,PA,1
L-08676,tiktok,Ideal,"Less than $250,000",retargeting,Pacific,16,CA,0
L-08677,tiktok,High Value,"$1,000,000 to $4,999,999",prospecting,Arizona,,AZ,0
L-08678,meta,Low Value,"Less than $250,000",cpc,Central,0,MO,0
L-08679,google,Low Value,"Less than $250,000",brand,Eastern,31,PA,0
L-08680,meta,Low Value,"Less than $250,000",prospecting,Eastern,36,FL,0
L-08681,meta,Low Value,"$250,000 to $499,999",organic social,Eastern,32,FL,0
L-08682,meta,Low Value,"$5,000,000 to $9,999,999",nonbrand,Central,43,TX,0
L-08683,meta,High Value,"$500,000 to $999,999",prospecting,Central,22,TX,0
L-08684,meta,Low Value,"Less than $250,000",prospecting,Pacific,25,NV,0
L-08685,meta,Low Value,"Less than $250,000",,Pacific,31,CA,0
L-08686,bing,Low Value,"$250,000 to $499,999",nonbrand,Eastern,13,MA,1
L-08687,google,Ideal,"$10,000,000 to $24,999,999",brand,Pacific,68,CA,1
L-08688,google,Low Value,,brand,Hawaii,54,HI,0
L-08689,bing,Ideal,"Less than $250,000",organic search,Central,24,TX,0
L-08690,tiktok,Ideal,"Less than $250,000",prospecting,Pacific,36,WA,0
L-08691,google,Low Value,"$1,000,000 to $4,999,999",cpc,Eastern,10,FL,0
L-08692,google,High Value,"$5,000,000 to $9,999,999",brand,Mountain,59,CO,0
L-08693,google,Low Value,"$250,000 to $499,999",paid search,Eastern,28,NY,0
L-08694,tiktok,Ideal,"$500,000 to $999,999",prospecting,Central,85,WI,0
L-08695,meta,Ideal,"$1,000,000 to $4,999,999",prospecting,Eastern,70,NJ,0
L-08696,tiktok,High Value,,organic social,Mountain,100,UT,1
L-08697,google,Ideal,"$1,000,000 to $4,999,999",organic search,Pacific,78,CA,0
L-08698,meta,High Value,"Less than $250,000",prospecting,,58,,0
L-08699,bing,High Value,"Less than $250,000",nonbrand,Central,0,TX,0
L-08700,meta,Unknown,Self-Serve Signup,brand,Eastern,71,NC,0
L-08701,meta,Low Value,"Less than $250,000",retargeting,Central,68,TX,0
L-08702,tiktok,Ideal,"$250,000 to $499,999",cpc,,8,,0
L-08703,google,High Value,"$500,000 to $999,999",brand,Alaska,59,AK,0
L-08704,google,High Value,"$500,000 to $999,999",brand,Central,50,IL,0
L-08705,google,Low Value,"Less than $250,000",brand,Pacific,0,CA,0
L-08706,google,High Value,"$10,000,000 to $24,999,999",brand,Eastern,13,MA,1
L-08707,google,High Value,"$500,000 to $999,999",nonbrand,,94,,0
L-08708,meta,Low Value,"Less than $250,000",organic social,Eastern,30,NJ,0
L-08709,meta,Low Value,Self-Serve Signup,retargeting,Eastern,0,NY,0
L-08710,meta,Low Value,Self-Serve Signup,organic social,Central,43,TX,0
L-08711,meta,Ideal,"$5,000,000 to $9,999,999",organic social,Central,85,IL,1
L-08712,meta,Low Value,"Less than $250,000",prospecting,Central,0,TX,0
L-08713,google,Low Value,"Less than $250,000",brand,Eastern,38,MA,0
L-08714,meta,High Value,"Less than $250,000",organic social,Pacific,2,CA,0
L-08715,google,Low Value,"$250,000 to $499,999",brand,Eastern,89,OH,1
L-08716,tiktok,Ideal,"$10,000,000 to $24,999,999",prospecting,Eastern,,VA,0
L-08717,bing,Ideal,"$250,000 to $499,999",nonbrand,Pacific,100,CA,0
L-08718,bing,Unknown,"Less than $250,000",nonbrand,Eastern,8,FL,0
L-08719,google,Unknown,"$500,000 to $999,999",brand,Arizona,67,AZ,0
L-08720,bing,Ideal,"$500,000 to $999,999",paid search,Mountain,46,CO,0
L-08721,google,Unknown,"$500,000 to $999,999",,Central,82,IL,1
L-08722,meta,High Value,"$500,000 to $999,999",prospecting,,79,,0
L-08723,google,High Value,"Less than $250,000",prospecting,Pacific,32,CA,0
L-08724,google,Low Value,"$250,000 to $499,999",brand,Eastern,22,NY,1
L-08725,bing,Low Value,"Less than $250,000",,Eastern,85,OH,0
L-08726,meta,Unknown,"Less than $250,000",prospecting,Eastern,,NY,0
L-08727,google,Low Value,"Less than $250,000",nonbrand,Eastern,77,NJ,0
L-08728,meta,Low Value,"Less than $250,000",organic social,Central,29,TN,0
L-08729,google,Low Value,"$250,000 to $499,999",pmax,Pacific,33,CA,0
L-08730,google,Ideal,"$500,000 to $999,999",brand,Eastern,52,NY,1
L-08731,google,Low Value,"Less than $250,000",brand,Eastern,74,FL,0
L-08732,google,High Value,"$1,000,000 to $4,999,999",organic search,Eastern,57,NY,1
L-08733,google,High Value,"$1,000,000 to $4,999,999",nonbrand,Pacific,100,CA,1
L-08734,meta,Low Value,"Less than $250,000",prospecting,Central,37,LA,0
L-08735,google,Low Value,"Less than $250,000",brand,Eastern,36,PA,0
L-08736,google,Ideal,"$250,000 to $499,999",paid search,Central,78,TX,1
L-08737,google,Low Value,"$1,000,000 to $4,999,999",paid search,Eastern,99,GA,0
L-08738,google,High Value,"$1,000,000 to $4,999,999",retargeting_lead_generation,Eastern,69,NC,0
L-08739,google,Low Value,Self-Serve Signup,paid search,Pacific,53,CA,0
L-08740,google,High Value,"$5,000,000 to $9,999,999",brand,Pacific,85,WA,1
L-08741,tiktok,High Value,"$5,000,000 to $9,999,999",organic social,Central,,IL,0
L-08742,bing,Unknown,Self-Serve Signup,brand,Pacific,51,CA,0
L-08743,google,High Value,"$500,000 to $999,999",organic search,Eastern,74,,1
L-08744,bing,Low Value,Self-Serve Signup,cpc,Eastern,0,GA,0
L-08745,meta,Low Value,"Less than $250,000",brand,Eastern,,GA,0
L-08746,meta,Low Value,"Less than $250,000",prospecting,Eastern,43,NC,1
L-08747,meta,Ideal,"Less than $250,000",prospecting,Eastern,38,MI,0
L-08748,meta,Ideal,"$250,000 to $499,999",brand,Mountain,75,CO,0
L-08749,google,Low Value,"Less than $250,000",ppc,Eastern,38,NY,0
L-08750,google,Low Value,"$250,000 to $499,999",cpc,Pacific,71,NV,0
L-08751,google,High Value,"Less than $250,000",organic search,Eastern,34,PA,0
L-08752,google,Low Value,"Less than $250,000",nonbrand,Pacific,35,CA,0
L-08753,meta,Low Value,Self-Serve Signup,prospecting,Eastern,42,NY,0
L-08754,tiktok,Unknown,Self-Serve Signup,brand,Eastern,27,MA,0
L-08755,google,High Value,"$500,000 to $999,999",brand,Eastern,90,OH,1
L-08756,tiktok,Low Value,"Less than $250,000",pmax,Eastern,46,PA,0
L-08757,google,Low Value,"Less than $250,000",cpc,Eastern,24,MI,0
L-08758,tiktok,Low Value,Self-Serve Signup,organic social,Eastern,21,NC,0
L-08759,google,Low Value,"$250,000 to $499,999",paid search,Eastern,50,NY,0
L-08760,bing,Low Value,"$1,000,000 to $4,999,999",brand,Central,27,IL,1
L-08761,google,High Value,"$10,000,000 to $24,999,999",brand,Central,77,TX,1
L-08762,tiktok,Low Value,"$250,000 to $499,999",prospecting,Eastern,72,,0
L-08763,meta,Low Value,"Less than $250,000",prospecting,Eastern,34,FL,0
L-08764,google,Low Value,"Less than $250,000",,Eastern,0,NY,0
L-08765,google,Ideal,"$1,000,000 to $4,999,999",brand,Pacific,36,OR,0
L-08766,google,Unknown,"$500,000 to $999,999",nonbrand,Eastern,44,GA,0
L-08767,meta,Low Value,"$250,000 to $499,999",retargeting,Pacific,23,CA,0
L-08768,bing,Low Value,"$250,000 to $499,999",ppc,Pacific,33,CA,0
L-08769,meta,Low Value,"$1,000,000 to $4,999,999",organic social,Eastern,26,MI,0
L-08770,google,Unknown,"$1,000,000 to $4,999,999",nonbrand,Hawaii,46,HI,0
L-08771,google,Low Value,"$1,000,000 to $4,999,999",paid search,Central,64,TX,1
L-08772,meta,Ideal,"$250,000 to $499,999",prospecting,Eastern,59,FL,0
L-08773,meta,Ideal,"$250,000 to $499,999",brand,Central,66,MN,0
L-08774,tiktok,Low Value,"$1,000,000 to $4,999,999",organic social,Pacific,,CA,0
L-08775,bing,Ideal,"Less than $250,000",nonbrand,Eastern,96,PA,1
L-08776,bing,Low Value,"$250,000 to $499,999",brand,Eastern,68,VA,0
L-08777,google,High Value,"$500,000 to $999,999",paid search,Eastern,58,OH,1
L-08778,meta,High Value,"$500,000 to $999,999",organic social,,75,,0
L-08779,meta,Ideal,"Less than $250,000",prospecting,Pacific,50,CA,0
L-08780,tiktok,Low Value,"Less than $250,000",prospecting,Mountain,0,CO,0
L-08781,google,Ideal,"$1,000,000 to $4,999,999",nonbrand,Central,59,TX,0
L-08782,meta,Low Value,"Less than $250,000",organic social,Eastern,7,NC,1
L-08783,meta,Low Value,"$250,000 to $499,999",organic social,Eastern,48,PA,0
L-08784,google,Ideal,"$500,000 to $999,999",paid search,Arizona,33,AZ,0
L-08785,google,Ideal,"$500,000 to $999,999",pmax,Central,86,MN,0
L-08786,meta,High Value,"$500,000 to $999,999",organic social,,100,,1
L-08787,meta,Low Value,"Less than $250,000",cpc,,48,,0
L-08788,google,High Value,"$1,000,000 to $4,999,999",nonbrand,Eastern,33,FL,0
L-08789,meta,Ideal,"$10,000,000 to $24,999,999",brand,Eastern,38,FL,1
L-08790,meta,Low Value,"$250,000 to $499,999",organic social,,62,,0
L-08791,google,Low Value,"$1,000,000 to $4,999,999",nonbrand,Pacific,90,CA,1
L-08792,meta,Low Value,"Less than $250,000",organic social,Eastern,0,FL,0
L-08793,google,High Value,"$5,000,000 to $9,999,999",organic search,,66,,0
L-08794,tiktok,Ideal,"Less than $250,000",prospecting,Central,39,MO,0
L-08795,google,Low Value,,organic search,Mountain,27,CO,0
L-08796,tiktok,Low Value,,organic social,Pacific,10,CA,0
L-08797,tiktok,Low Value,"$1,000,000 to $4,999,999",prospecting,Eastern,59,MI,0
L-08798,meta,High Value,"$1,000,000 to $4,999,999",retargeting,Eastern,59,PA,0
L-08799,google,Ideal,"Less than $250,000",cpc,Central,59,MO,0
L-08800,google,Unknown,"$5,000,000 to $9,999,999",paid search,Eastern,16,FL,0
L-08801,tiktok,Low Value,"Less than $250,000",brand,Central,69,IL,1
L-08802,google,High Value,"$250,000 to $499,999",brand,Central,40,TX,0
L-08803,meta,Low Value,"Less than $250,000",prospecting,Pacific,24,CA,0
L-08804,tiktok,Low Value,"Less than $250,000",nonbrand,Eastern,26,OH,0
L-08805,meta,Low Value,"Less than $250,000",nonbrand,Eastern,15,FL,1
L-08806,meta,High Value,"$1,000,000 to $4,999,999",organic social,Central,61,IL,0
L-08807,google,Low Value,"$250,000 to $499,999",cpc,Mountain,52,UT,1
L-08808,meta,High Value,"$1,000,000 to $4,999,999",prospecting,Central,85,TX,0
L-08809,bing,Ideal,"$1,000,000 to $4,999,999",paid search,Eastern,62,NY,1
L-08810,meta,Low Value,"Less than $250,000",prospecting,Mountain,39,MT,0
L-08811,google,Ideal,"$500,000 to $999,999",paid search,Eastern,63,NC,0
L-08812,google,Low Value,"$5,000,000 to $9,999,999",ppc,Eastern,82,PA,0
L-08813,meta,Low Value,"Less than $250,000",retargeting,Central,33,TX,0
L-08814,meta,Low Value,"Less than $250,000",other campaigns,Eastern,46,MA,0
L-08815,google,Unknown,"$5,000,000 to $9,999,999",cpc,Eastern,78,PA,0
L-08816,google,Ideal,"Less than $250,000",organic search,Alaska,79,AK,0
L-08817,tiktok,Unknown,"$500,000 to $999,999",organic social,Eastern,49,FL,0
L-08818,google,High Value,"$5,000,000 to $9,999,999",cpc,Central,100,TX,1
L-08819,google,Ideal,"$500,000 to $999,999",nonbrand,Central,73,IL,1
L-08820,google,Ideal,Self-Serve Signup,paid search,Central,31,TX,0
L-08821,meta,Low Value,"Less than $250,000",prospecting,Pacific,26,CA,1
L-08822,bing,High Value,"Less than $250,000",brand,Pacific,50,CA,0
L-08823,google,Low Value,"Less than $250,000",nonbrand,Mountain,68,UT,1
L-08824,bing,Ideal,,,Pacific,69,CA,1
L-08825,bing,Ideal,"$250,000 to $499,999",nonbrand,Arizona,33,,0
L-08826,google,Unknown,"$250,000 to $499,999",brand,Eastern,55,FL,0
L-08827,meta,Low Value,"$500,000 to $999,999",,Eastern,100,FL,1
L-08828,meta,Ideal,"$1,000,000 to $4,999,999",retargeting,Mountain,69,UT,0
L-08829,meta,Low Value,"Less than $250,000",retargeting,Eastern,41,NC,0
L-08830,meta,Low Value,"$250,000 to $499,999",organic social,Eastern,10,FL,0
L-08831,google,Low Value,"$250,000 to $499,999",pmax,Eastern,69,MI,1
L-08832,tiktok,Low Value,"$1,000,000 to $4,999,999",organic social,Central,,TN,0
L-08833,bing,Unknown,"Less than $250,000",organic search,Pacific,41,CA,0
L-08834,google,Low Value,"Less than $250,000",nonbrand,Eastern,76,FL,0
L-08835,meta,Low Value,"Less than $250,000",organic search,Eastern,0,NJ,0
L-08836,meta,Low Value,"Less than $250,000",brand,Eastern,55,NC,0
L-08837,meta,Ideal,"$250,000 to $499,999",retargeting,Pacific,58,CA,0
L-08838,tiktok,Low Value,"Less than $250,000",prospecting,Pacific,31,WA,0
L-08839,tiktok,Low Value,"$500,000 to $999,999",prospecting,Eastern,16,NC,0
L-08840,meta,Low Value,"Less than $250,000",prospecting,Pacific,53,OR,0
L-08841,meta,Low Value,"Less than $250,000",prospecting,Eastern,65,PA,1
L-08842,meta,Low Value,"Less than $250,000",retargeting,Central,25,,0
L-08843,google,High Value,"$500,000 to $999,999",ppc,Pacific,86,CA,1
L-08844,tiktok,Low Value,"Less than $250,000",prospecting,Eastern,41,NY,0
L-08845,google,High Value,"$1,000,000 to $4,999,999",cpc,Central,57,TX,0
L-08846,bing,Unknown,"$500,000 to $999,999",brand,Eastern,80,GA,1
L-08847,google,High Value,"$1,000,000 to $4,999,999",cpc,Mountain,43,UT,1
L-08848,tiktok,Low Value,"$250,000 to $499,999",brand,Arizona,48,AZ,0
L-08849,google,Low Value,"$500,000 to $999,999",ppc,Pacific,47,,0
L-08850,meta,Unknown,"$500,000 to $999,999",prospecting,Eastern,46,PA,0
L-08851,meta,Low Value,"Less than $250,000",organic social,Eastern,88,NJ,0
L-08852,bing,High Value,"$500,000 to $999,999",ppc,Central,73,TX,0
L-08853,tiktok,Low Value,"Less than $250,000",organic social,Pacific,18,CA,0
L-08854,meta,Unknown,"Less than $250,000",prospecting,Central,31,MO,0
L-08855,meta,Low Value,"$500,000 to $999,999",prospecting,Central,28,IL,0
L-08856,meta,High Value,"$250,000 to $499,999",organic social,Pacific,56,CA,0
L-08857,meta,Ideal,"Less than $250,000",prospecting,Eastern,46,VA,0
L-08858,meta,High Value,Self-Serve Signup,retargeting,Eastern,61,NY,1
L-08859,bing,High Value,"$1,000,000 to $4,999,999",paid search,Eastern,36,VA,0
L-08860,bing,Low Value,"$250,000 to $499,999",brand,Hawaii,35,HI,1
L-08861,google,Unknown,"Less than $250,000",cpc,Eastern,79,NY,0
L-08862,meta,Low Value,"$1,000,000 to $4,999,999",organic social,Pacific,30,WA,0
L-08863,google,Low Value,"Less than $250,000",paid search,Central,27,MO,0
L-08864,google,Low Value,"$250,000 to $499,999",pmax,Eastern,46,VA,1
L-08865,google,Low Value,"Less than $250,000",prospecting,Eastern,36,MA,0
L-08866,google,Ideal,"Less than $250,000",ppc,Pacific,93,CA,0
L-08867,meta,Low Value,"$5,000,000 to $9,999,999",prospecting,Eastern,25,NY,0
L-08868,google,High Value,"$5,000,000 to $9,999,999",paid search,Eastern,98,NY,1
L-08869,bing,Ideal,"$250,000 to $499,999",organic search,Central,34,TX,0
L-08870,meta,Low Value,"$250,000 to $499,999",prospecting,Eastern,54,FL,0
L-08871,google,Low Value,"Less than $250,000",,Eastern,62,NY,0
L-08872,google,Low Value,"$500,000 to $999,999",nonbrand,Pacific,29,NV,0
L-08873,meta,Low Value,"$250,000 to $499,999",organic social,Mountain,14,CO,0
L-08874,bing,Low Value,"$250,000 to $499,999",ppc,Eastern,52,PA,0
L-08875,google,Low Value,"Less than $250,000",prospecting,Eastern,33,NJ,0
L-08876,tiktok,High Value,"$1,000,000 to $4,999,999",prospecting,Pacific,45,CA,1
L-08877,meta,High Value,"$1,000,000 to $4,999,999",prospecting,Pacific,97,NV,1
L-08878,bing,Low Value,"$1,000,000 to $4,999,999",nonbrand,Eastern,81,NJ,0
L-08879,meta,Low Value,"Less than $250,000",organic social,Central,37,TX,0
L-08880,meta,Low Value,"$250,000 to $499,999",organic social,Eastern,57,OH,1
L-08881,bing,Ideal,"$250,000 to $499,999",nonbrand,Eastern,14,PA,0
L-08882,meta,Ideal,"Less than $250,000",brand,Eastern,22,NY,0
L-08883,google,Low Value,"Less than $250,000",brand,Mountain,65,CO,1
L-08884,google,Ideal,"Less than $250,000",brand,Pacific,61,CA,0
L-08885,meta,Ideal,"Less than $250,000",retargeting,Eastern,78,NY,0
L-08886,google,Unknown,"Less than $250,000",prospecting,Pacific,,WA,1
L-08887,meta,Low Value,"Less than $250,000",,Central,30,IL,0
L-08888,meta,Ideal,"$250,000 to $499,999",organic social,Eastern,60,OH,0
L-08889,meta,Ideal,"$250,000 to $499,999",retargeting,Eastern,100,FL,1
L-08890,google,Ideal,"$250,000 to $499,999",nonbrand,Eastern,94,GA,1
L-08891,bing,High Value,"Less than $250,000",brand,Pacific,30,CA,0
L-08892,bing,Ideal,"$1,000,000 to $4,999,999",brand,Pacific,72,CA,1
L-08893,bing,Ideal,"$5,000,000 to $9,999,999",brand,Pacific,20,CA,0
L-08894,google,High Value,"$1,000,000 to $4,999,999",nonbrand,Eastern,59,PA,1
L-08895,meta,Low Value,"$250,000 to $499,999",prospecting,Pacific,33,NV,0
L-08896,tiktok,Low Value,"Less than $250,000",retargeting,Pacific,13,CA,0
L-08897,google,Unknown,"$500,000 to $999,999",brand,Central,39,TX,0
L-08898,meta,Low Value,Self-Serve Signup,cpc,Eastern,23,GA,0
L-08899,meta,Low Value,"Less than $250,000",organic social,Eastern,42,FL,0
L-08900,google,High Value,,prospecting,Eastern,33,VA,0
L-08901,meta,Ideal,"$250,000 to $499,999",prospecting,Arizona,51,AZ,0
L-08902,meta,Ideal,"Less than $250,000",organic social,Central,18,TX,1
L-08903,meta,Low Value,"$250,000 to $499,999",nonbrand,Pacific,51,WA,0
L-08904,google,Unknown,"Less than $250,000",ppc,Pacific,50,OR,0
L-08905,google,Low Value,"Less than $250,000",brand,Mountain,50,UT,1
L-08906,bing,High Value,"$5,000,000 to $9,999,999",nonbrand,Arizona,86,AZ,1
L-08907,tiktok,Low Value,"Less than $250,000",brand,Alaska,51,AK,0
L-08908,meta,Low Value,"Less than $250,000",prospecting,Eastern,49,GA,0
L-08909,google,Ideal,,nonbrand,Pacific,88,OR,0
L-08910,google,Low Value,"$500,000 to $999,999",brand,Eastern,65,OH,1
L-08911,google,High Value,"$1,000,000 to $4,999,999",nonbrand,Central,95,IL,1
L-08912,tiktok,Low Value,"Less than $250,000",prospecting_lead_generation,Eastern,47,NY,0
L-08913,meta,High Value,"Less than $250,000",organic social,Eastern,57,MI,0
L-08914,google,Ideal,"Less than $250,000",brand,Pacific,17,CA,0
L-08915,meta,Low Value,"Less than $250,000",retargeting,Eastern,52,NY,0
L-08916,meta,Low Value,"Less than $250,000",prospecting,Pacific,0,CA,0
L-08917,google,Ideal,"Less than $250,000",brand,Central,41,IL,0
L-08918,tiktok,Unknown,"Less than $250,000",retargeting,Pacific,30,CA,0
L-08919,google,High Value,"$250,000 to $499,999",paid search,Pacific,,OR,1
L-08920,google,Low Value,"Less than $250,000",pmax,Pacific,41,WA,1
L-08921,google,Ideal,"$500,000 to $999,999",brand,Eastern,63,FL,0
L-08922,tiktok,Low Value,"Less than $250,000",prospecting,Pacific,58,CA,0
L-08923,google,Low Value,"Less than $250,000",brand,Eastern,100,NY,0
L-08924,google,Low Value,"$250,000 to $499,999",brand,Eastern,,NJ,0
L-08925,meta,Low Value,"$5,000,000 to $9,999,999",prospecting,Eastern,67,NY,1
L-08926,google,Ideal,"$10,000,000 to $24,999,999",brand,Pacific,72,CA,0
L-08927,google,High Value,"Less than $250,000",expired or invalid attributer license,Eastern,92,NY,1
L-08928,bing,High Value,"Less than $250,000",brand,Pacific,90,CA,1
L-08929,meta,Low Value,"Less than $250,000",paid search,Central,33,TX,0
L-08930,google,High Value,"$10,000,000 to $24,999,999",paid search,Pacific,70,CA,1
L-08931,google,Ideal,"$500,000 to $999,999",cpc,Eastern,38,OH,0
L-08932,google,Unknown,"$1,000,000 to $4,999,999",pmax,Central,63,MO,1
L-08933,google,Low Value,"Less than $250,000",ppc,Eastern,100,NY,1
L-08934,google,High Value,"$1,000,000 to $4,999,999",nonbrand,Eastern,65,GA,1
L-08935,meta,Low Value,"Less than $250,000",cpc,Eastern,25,NY,0
L-08936,google,Ideal,"$5,000,000 to $9,999,999",brand,Eastern,31,PA,0
L-08937,meta,Low Value,"Less than $250,000",organic social,Central,36,TX,0
L-08938,google,Ideal,"$10,000,000 to $24,999,999",nonbrand,,49,,0
L-08939,google,Low Value,"Less than $250,000",nonbrand,Central,29,IL,0
L-08940,bing,Low Value,"Less than $250,000",pmax,Notify Admin,54,CA,0
L-08941,google,Unknown,"$1,000,000 to $4,999,999",retargeting,Central,43,WI,0
L-08942,google,High Value,"Less than $250,000",brand,Central,77,TX,0
L-08943,bing,Ideal,"$1,000,000 to $4,999,999",brand,Eastern,83,NC,0
L-08944,tiktok,Low Value,"$1,000,000 to $4,999,999",organic social,Pacific,36,WA,0
L-08945,google,High Value,"Less than $250,000",brand,Central,63,IL,0
L-08946,meta,Low Value,"Less than $250,000",cpc,Eastern,6,MA,0
L-08947,google,Ideal,"$10,000,000 to $24,999,999",nonbrand,Mountain,18,UT,0
L-08948,google,Low Value,"$250,000 to $499,999",pmax,Eastern,44,NY,1
L-08949,google,Unknown,"$250,000 to $499,999",,Eastern,52,,0
L-08950,google,Low Value,"Less than $250,000",brand,Eastern,8,NJ,0
L-08951,tiktok,High Value,"Less than $250,000",organic social,Pacific,86,OR,0
L-08952,bing,Unknown,"Less than $250,000",ppc,Central,28,TX,0
L-08953,google,Ideal,"Less than $250,000",pmax,Notify Admin,89,NC,0
L-08954,meta,Low Value,"Less than $250,000",organic social,Central,52,MO,0
L-08955,bing,Unknown,"$500,000 to $999,999",paid search,Central,15,TX,0
L-08956,google,Ideal,"$250,000 to $499,999",prospecting,Eastern,61,FL,0
L-08957,tiktok,Low Value,"Less than $250,000",organic social,Eastern,47,FL,0
L-08958,google,Ideal,"$1,000,000 to $4,999,999",brand,Eastern,26,GA,1
L-08959,google,High Value,"$1,000,000 to $4,999,999",pmax,Eastern,21,OH,0
L-08960,meta,Low Value,"$500,000 to $999,999",retargeting,Central,0,TN,0
L-08961,meta,Low Value,"$250,000 to $499,999",prospecting,Pacific,46,OR,0
L-08962,google,Unknown,"Less than $250,000",paid search,Eastern,16,VA,0
L-08963,google,High Value,"$250,000 to $499,999",paid search,Eastern,73,MA,1
L-08964,tiktok,Low Value,"Less than $250,000",organic social,Eastern,55,NC,0
L-08965,bing,Unknown,"Less than $250,000",retargeting,Eastern,46,GA,0
L-08966,google,Low Value,"Less than $250,000",brand,Central,35,TN,0
L-08967,google,Ideal,"Less than $250,000",cpc,Pacific,100,CA,1
L-08968,tiktok,High Value,"$250,000 to $499,999",prospecting,Mountain,84,MT,1
L-08969,google,Low Value,"Less than $250,000",paid search,Central,49,WI,0
L-08970,google,Unknown,,organic search,Eastern,59,NC,1
L-08971,meta,Ideal,"Less than $250,000",prospecting,Central,66,LA,0
L-08972,google,Ideal,"Less than $250,000",brand,Eastern,56,NY,0
L-08973,meta,Unknown,"$1,000,000 to $4,999,999",prospecting,Eastern,50,MI,1
L-08974,google,Ideal,"$250,000 to $499,999",nonbrand,Central,54,TN,0
L-08975,bing,Ideal,"$1,000,000 to $4,999,999",nonbrand,Eastern,34,MI,0
L-08976,tiktok,Unknown,"Less than $250,000",retargeting,Pacific,5,CA,0
L-08977,meta,Low Value,"$500,000 to $999,999",prospecting,Central,65,LA,0
L-08978,tiktok,High Value,"$10,000,000 to $24,999,999",prospecting,Central,87,TX,0
L-08979,tiktok,Low Value,"$1,000,000 to $4,999,999",organic social,Eastern,69,NJ,0
L-08980,bing,Low Value,"$500,000 to $999,999",brand,Arizona,47,AZ,0
L-08981,tiktok,High Value,"Less than $250,000",retargeting,Central,20,IL,0
L-08982,meta,Low Value,"$1,000,000 to $4,999,999",retargeting,Eastern,25,VA,0
L-08983,meta,Unknown,"Less than $250,000",organic social,Central,72,IL,1
L-08984,bing,High Value,"$500,000 to $999,999",nonbrand,Mountain,70,CO,1
L-08985,tiktok,Ideal,"$250,000 to $499,999",cpc,Eastern,45,MA,0
L-08986,meta,Low Value,"$1,000,000 to $4,999,999",organic social,Pacific,29,WA,0
L-08987,meta,Low Value,"Less than $250,000",retargeting,Central,21,TX,0
L-08988,bing,Low Value,"Less than $250,000",nonbrand,Pacific,11,CA,0
L-08989,google,Ideal,"Less than $250,000",pmax,Eastern,44,NC,0
L-08990,meta,Low Value,"$250,000 to $499,999",retargeting,Central,0,MN,0
L-08991,meta,Low Value,"Less than $250,000",organic social,Eastern,0,FL,0
L-08992,google,High Value,"$250,000 to $499,999",brand,Central,44,MO,0
L-08993,meta,Low Value,"$250,000 to $499,999",brand,Central,,IL,1
L-08994,tiktok,Ideal,"Less than $250,000",prospecting,Pacific,57,CA,0
L-08995,meta,Low Value,"Less than $250,000",organic social,Eastern,56,FL,0
L-08996,meta,High Value,"$1,000,000 to $4,999,999",organic social,Pacific,85,CA,1
L-08997,google,Low Value,"$250,000 to $499,999",organic search,Pacific,71,CA,1
L-08998,google,Ideal,"Less than $250,000",brand,Eastern,77,GA,1
L-08999,meta,Low Value,"Less than $250,000",prospecting,Central,4,TX,0
L-09000,google,Low Value,"$500,000 to $999,999",nonbrand,Eastern,53,NJ,0
